part_id,part_name,category,kid_friendly_name,what_it_does,skill_level,voltage,usual_qty,buy_search_term,compatible_with,example_projects,common_mistake,safety_note,online_search_robu,online_search_robocraze,online_search_amazon_in,local_store_search_term,priority,applicable_robot_types,why_add,source_gap_id
CTRL-001,Arduino Uno R3,Controllers,The robot's brain,Reads sensors and controls outputs,Beginner,5V,1,Arduino Uno R3 compatible board,Most 5V Arduino modules,Obstacle Robot; Plant Watering,Powering motors directly,Use regulated power,https://robu.in/?s=Arduino+Uno+R3+compatible+board&post_type=product,https://robocraze.com/search?q=Arduino+Uno+R3+compatible+board,https://www.amazon.in/s?k=Arduino+Uno+R3+compatible+board,Arduino Uno R3 compatible board,Legacy/Core,General / Beginner Robotics,Existing catalog item,
CTRL-002,Arduino Nano,Controllers,A tiny Arduino brain,Arduino control in a compact board,Beginner,5V,1,Arduino Nano ATmega328P,Most 5V Arduino modules,Mini Robot; Sensor Station,Buying unsoldered headers,Avoid shorts,https://robu.in/?s=Arduino+Nano+ATmega328P&post_type=product,https://robocraze.com/search?q=Arduino+Nano+ATmega328P,https://www.amazon.in/s?k=Arduino+Nano+ATmega328P,Arduino Nano ATmega328P,Legacy/Core,General / Beginner Robotics,Existing catalog item,
CTRL-003,ESP32 Dev Board,Controllers,A brain with Wi-Fi,Controls electronics with Wi-Fi and Bluetooth,Intermediate,3.3V logic,1,ESP32 DevKit V1,3.3V modules,Wi-Fi Robot; IoT Monitor,Applying 5V to GPIO,GPIO generally not 5V tolerant,https://robu.in/?s=ESP32+DevKit+V1&post_type=product,https://robocraze.com/search?q=ESP32+DevKit+V1,https://www.amazon.in/s?k=ESP32+DevKit+V1,ESP32 DevKit V1,Legacy/Core,General / Beginner Robotics,Existing catalog item,
CTRL-004,BBC micro:bit V2,Controllers,A kid-friendly brain,Combines coding with built-in sensors and LEDs,Beginner,3V,1,BBC microbit V2,micro:bit accessories,Mini Rover; Reaction Game,Connecting motors directly,Use a motor driver,https://robu.in/?s=BBC+microbit+V2&post_type=product,https://robocraze.com/search?q=BBC+microbit+V2,https://www.amazon.in/s?k=BBC+microbit+V2,BBC microbit V2,Legacy/Core,General / Beginner Robotics,Existing catalog item,
SNS-001,HC-SR04 Ultrasonic Sensor,Sensors,Robot distance eyes,Measures distance using sound,Beginner,5V,1,HC-SR04 ultrasonic distance sensor,Arduino; ESP32 with adaptation,Obstacle Robot; Parking Sensor,Mixing Trigger and Echo,Keep dry,https://robu.in/?s=HC-SR04+ultrasonic+distance+sensor&post_type=product,https://robocraze.com/search?q=HC-SR04+ultrasonic+distance+sensor,https://www.amazon.in/s?k=HC-SR04+ultrasonic+distance+sensor,HC-SR04 ultrasonic distance sensor,Legacy/Core,General / Beginner Robotics,Existing catalog item,
SNS-002,IR Obstacle Sensor,Sensors,Nearby-object detector,Detects reflected infrared light,Beginner,3.3-5V,1,IR obstacle avoidance sensor module,Arduino; ESP32,Obstacle Robot; Counter,Expecting precise distance,Sunlight can affect readings,https://robu.in/?s=IR+obstacle+avoidance+sensor+module&post_type=product,https://robocraze.com/search?q=IR+obstacle+avoidance+sensor+module,https://www.amazon.in/s?k=IR+obstacle+avoidance+sensor+module,IR obstacle avoidance sensor module,Legacy/Core,General / Beginner Robotics,Existing catalog item,
SNS-003,IR Line Sensor,Sensors,Helps a robot see a line,Detects light/dark floor reflectivity,Beginner,3.3-5V,2,IR line tracking sensor module,Arduino; ESP32,Line Follower,Mounting too far from floor,Test before running,https://robu.in/?s=IR+line+tracking+sensor+module&post_type=product,https://robocraze.com/search?q=IR+line+tracking+sensor+module,https://www.amazon.in/s?k=IR+line+tracking+sensor+module,IR line tracking sensor module,Legacy/Core,General / Beginner Robotics,Existing catalog item,
SNS-004,LDR Photoresistor,Sensors,Notices light and darkness,Changes resistance with light,Beginner,Passive,1,5mm LDR photoresistor,Arduino analog; ESP32 ADC,Night Light; Light Meter,Forgetting divider resistor,Low risk,https://robu.in/?s=5mm+LDR+photoresistor&post_type=product,https://robocraze.com/search?q=5mm+LDR+photoresistor,https://www.amazon.in/s?k=5mm+LDR+photoresistor,5mm LDR photoresistor,Legacy/Core,General / Beginner Robotics,Existing catalog item,
SNS-005,DHT11 Module,Sensors,Temperature and humidity sensor,Measures basic room conditions,Beginner,3.3-5V,1,DHT11 temperature humidity module,Arduino; ESP32,Weather Station,Reading too frequently,Keep dry,https://robu.in/?s=DHT11+temperature+humidity+module&post_type=product,https://robocraze.com/search?q=DHT11+temperature+humidity+module,https://www.amazon.in/s?k=DHT11+temperature+humidity+module,DHT11 temperature humidity module,Legacy/Core,General / Beginner Robotics,Existing catalog item,
SNS-006,HC-SR501 PIR,Sensors,People-motion detector,Detects infrared changes from movement,Beginner,5V typical,1,HC-SR501 PIR motion sensor,Arduino; ESP32,Motion Alarm; Auto Light,Expecting stationary detection,Not security-grade,https://robu.in/?s=HC-SR501+PIR+motion+sensor&post_type=product,https://robocraze.com/search?q=HC-SR501+PIR+motion+sensor,https://www.amazon.in/s?k=HC-SR501+PIR+motion+sensor,HC-SR501 PIR motion sensor,Legacy/Core,General / Beginner Robotics,Existing catalog item,
SNS-007,Capacitive Soil Moisture Sensor,Sensors,Checks if soil is wet,Measures soil moisture capacitively,Beginner,3.3-5V,1,capacitive soil moisture sensor v1.2,Arduino; ESP32,Plant Watering,Submerging electronics,Insert sensing portion only,https://robu.in/?s=capacitive+soil+moisture+sensor+v1.2&post_type=product,https://robocraze.com/search?q=capacitive+soil+moisture+sensor+v1.2,https://www.amazon.in/s?k=capacitive+soil+moisture+sensor+v1.2,capacitive soil moisture sensor v1.2,Legacy/Core,General / Beginner Robotics,Existing catalog item,
SNS-008,Sound Sensor Module,Sensors,Notices claps,Detects sound level,Beginner,3.3-5V,1,microphone sound sensor module,Arduino; ESP32,Clap Light,Expecting speech recognition,Avoid loud sounds near ears,https://robu.in/?s=microphone+sound+sensor+module&post_type=product,https://robocraze.com/search?q=microphone+sound+sensor+module,https://www.amazon.in/s?k=microphone+sound+sensor+module,microphone sound sensor module,Legacy/Core,General / Beginner Robotics,Existing catalog item,
SNS-009,MPU6050 IMU,Sensors,Feels tilt and rotation,Measures acceleration and rotation,Intermediate,3.3V chip,1,MPU6050 GY-521,Arduino; ESP32,Gesture Controller,Skipping calibration,Mount securely,https://robu.in/?s=MPU6050+GY-521&post_type=product,https://robocraze.com/search?q=MPU6050+GY-521,https://www.amazon.in/s?k=MPU6050+GY-521,MPU6050 GY-521,Legacy/Core,General / Beginner Robotics,Existing catalog item,
MOT-001,BO Geared DC Motor,Motors & Motion,Turns robot wheels,Converts electricity to geared rotation,Beginner,3-6V,2,BO motor 6V 200 RPM dual shaft,L298N; TB6612FNG,Robot Car; Line Follower,Connecting directly to Arduino,Keep fingers and hair clear,https://robu.in/?s=BO+motor+6V+200+RPM+dual+shaft&post_type=product,https://robocraze.com/search?q=BO+motor+6V+200+RPM+dual+shaft,https://www.amazon.in/s?k=BO+motor+6V+200+RPM+dual+shaft,BO motor 6V 200 RPM dual shaft,Legacy/Core,General / Beginner Robotics,Existing catalog item,
MOT-002,TT Geared DC Motor,Motors & Motion,Yellow robot-car motor,Provides geared wheel movement,Beginner,3-6V,2,TT gear motor 6V 200 RPM,Motor drivers; TT wheels,Robot Car,Mismatched wheel shaft,Keep moving parts clear,https://robu.in/?s=TT+gear+motor+6V+200+RPM&post_type=product,https://robocraze.com/search?q=TT+gear+motor+6V+200+RPM,https://www.amazon.in/s?k=TT+gear+motor+6V+200+RPM,TT gear motor 6V 200 RPM,Legacy/Core,General / Beginner Robotics,Existing catalog item,
MOT-003,SG90 Micro Servo,Motors & Motion,Moves to a chosen angle,Positions sensors or mechanisms,Beginner,4.8-6V,1,SG90 9g micro servo,Arduino; ESP32 PWM,Scanning Sensor; Robot Arm,Powering many from controller,Do not force shaft,https://robu.in/?s=SG90+9g+micro+servo&post_type=product,https://robocraze.com/search?q=SG90+9g+micro+servo,https://www.amazon.in/s?k=SG90+9g+micro+servo,SG90 9g micro servo,Legacy/Core,General / Beginner Robotics,Existing catalog item,
MOT-004,MG90S Servo,Motors & Motion,A stronger mini servo,Positions light mechanisms with metal gears,Intermediate,4.8-6V,1,MG90S metal gear servo,Arduino; ESP32,Robot Gripper,Stalling under excess load,Avoid prolonged stalls,https://robu.in/?s=MG90S+metal+gear+servo&post_type=product,https://robocraze.com/search?q=MG90S+metal+gear+servo,https://www.amazon.in/s?k=MG90S+metal+gear+servo,MG90S metal gear servo,Legacy/Core,General / Beginner Robotics,Existing catalog item,
MOT-005,28BYJ-48 + ULN2003,Motors & Motion,Turns in controlled steps,Provides precise slow rotation,Intermediate,5V,1,28BYJ-48 5V ULN2003,Arduino; ESP32,Rotating Display,Driving from GPIO directly,May warm in long use,https://robu.in/?s=28BYJ-48+5V+ULN2003&post_type=product,https://robocraze.com/search?q=28BYJ-48+5V+ULN2003,https://www.amazon.in/s?k=28BYJ-48+5V+ULN2003,28BYJ-48 5V ULN2003,Legacy/Core,General / Beginner Robotics,Existing catalog item,
DRV-001,L298N Motor Driver,Motor Drivers,Motor power middleman,Controls two DC motors,Beginner,Varies,1,L298N dual H bridge motor driver,Arduino; BO/TT motors,Robot Car,Powering motor from Arduino pin,Can get warm,https://robu.in/?s=L298N+dual+H+bridge+motor+driver&post_type=product,https://robocraze.com/search?q=L298N+dual+H+bridge+motor+driver,https://www.amazon.in/s?k=L298N+dual+H+bridge+motor+driver,L298N dual H bridge motor driver,Legacy/Core,General / Beginner Robotics,Existing catalog item,
DRV-002,L293D IC,Motor Drivers,Small motor-control chip,Controls small DC motors,Intermediate,Varies,1,L293D motor driver IC DIP,Arduino; breadboard,Motor Experiments,Wrong IC orientation,Check wiring first,https://robu.in/?s=L293D+motor+driver+IC+DIP&post_type=product,https://robocraze.com/search?q=L293D+motor+driver+IC+DIP,https://www.amazon.in/s?k=L293D+motor+driver+IC+DIP,L293D motor driver IC DIP,Legacy/Core,General / Beginner Robotics,Existing catalog item,
DRV-003,TB6612FNG Driver,Motor Drivers,Efficient motor controller,Controls two motors with PWM,Intermediate,2.5-13.5V motor,1,TB6612FNG dual motor driver,Arduino; ESP32,Efficient Rover,Leaving standby disabled,Avoid reverse polarity,https://robu.in/?s=TB6612FNG+dual+motor+driver&post_type=product,https://robocraze.com/search?q=TB6612FNG+dual+motor+driver,https://www.amazon.in/s?k=TB6612FNG+dual+motor+driver,TB6612FNG dual motor driver,Legacy/Core,General / Beginner Robotics,Existing catalog item,
PWR-001,4xAA Battery Holder,Power,Portable battery box,Holds four AA cells,Beginner,4.8-6V approx.,1,4 AA battery holder with switch,Small robots,Robot Car,Mixing old and new cells,Do not mix chemistries,https://robu.in/?s=4+AA+battery+holder+with+switch&post_type=product,https://robocraze.com/search?q=4+AA+battery+holder+with+switch,https://www.amazon.in/s?k=4+AA+battery+holder+with+switch,4 AA battery holder with switch,Legacy/Core,General / Beginner Robotics,Existing catalog item,
PWR-002,USB Power Bank,Power,Rechargeable USB power,Supplies regulated 5V USB,Beginner,5V,1,5V USB power bank,Arduino; ESP32,Sensor Station,Some switch off at low load,Use certified products,https://robu.in/?s=5V+USB+power+bank&post_type=product,https://robocraze.com/search?q=5V+USB+power+bank,https://www.amazon.in/s?k=5V+USB+power+bank,5V USB power bank,Legacy/Core,General / Beginner Robotics,Existing catalog item,
PWR-003,LM2596 Buck Converter,Power,Steps voltage down,Converts higher DC to lower DC,Intermediate,Adjustable,1,LM2596 buck converter module,Battery projects,Battery Robot,Not checking output first,Wrong voltage can damage parts,https://robu.in/?s=LM2596+buck+converter+module&post_type=product,https://robocraze.com/search?q=LM2596+buck+converter+module,https://www.amazon.in/s?k=LM2596+buck+converter+module,LM2596 buck converter module,Legacy/Core,General / Beginner Robotics,Existing catalog item,
OUT-001,5mm LED,Outputs,Tiny controllable light,Shows project status,Beginner,2-3V forward,3,5mm LED assorted colors,Arduino; ESP32,Traffic Light,No resistor,Use current-limiting resistor,https://robu.in/?s=5mm+LED+assorted+colors&post_type=product,https://robocraze.com/search?q=5mm+LED+assorted+colors,https://www.amazon.in/s?k=5mm+LED+assorted+colors,5mm LED assorted colors,Legacy/Core,General / Beginner Robotics,Existing catalog item,
OUT-002,RGB LED,Outputs,One LED with many colors,Mixes red green blue light,Beginner,Varies,1,5mm RGB LED common cathode,Arduino PWM; ESP32,Mood Light,Wrong common type,Use resistors,https://robu.in/?s=5mm+RGB+LED+common+cathode&post_type=product,https://robocraze.com/search?q=5mm+RGB+LED+common+cathode,https://www.amazon.in/s?k=5mm+RGB+LED+common+cathode,5mm RGB LED common cathode,Legacy/Core,General / Beginner Robotics,Existing catalog item,
OUT-003,Active Buzzer,Outputs,Simple beeper,Makes a tone when powered,Beginner,3.3-5V,1,5V active buzzer module,Arduino; ESP32,Alarm; Quiz,Confusing active and passive,Keep away from ears,https://robu.in/?s=5V+active+buzzer+module&post_type=product,https://robocraze.com/search?q=5V+active+buzzer+module,https://www.amazon.in/s?k=5V+active+buzzer+module,5V active buzzer module,Legacy/Core,General / Beginner Robotics,Existing catalog item,
OUT-004,0.96 OLED I2C,Outputs,Tiny screen,Shows text and graphics,Intermediate,3.3-5V,1,0.96 OLED I2C SSD1306,Arduino; ESP32,Weather Station,Wrong I2C address,Handle gently,https://robu.in/?s=0.96+OLED+I2C+SSD1306&post_type=product,https://robocraze.com/search?q=0.96+OLED+I2C+SSD1306,https://www.amazon.in/s?k=0.96+OLED+I2C+SSD1306,0.96 OLED I2C SSD1306,Legacy/Core,General / Beginner Robotics,Existing catalog item,
OUT-005,16x2 I2C LCD,Outputs,Two-line text screen,Displays messages and readings,Beginner,5V typical,1,16x2 LCD I2C module,Arduino,Thermometer; Quiz,Contrast or address confusion,Low risk,https://robu.in/?s=16x2+LCD+I2C+module&post_type=product,https://robocraze.com/search?q=16x2+LCD+I2C+module,https://www.amazon.in/s?k=16x2+LCD+I2C+module,16x2 LCD I2C module,Legacy/Core,General / Beginner Robotics,Existing catalog item,
OUT-006,1-Channel Relay Module,Outputs,Electrically controlled switch,Switches a separate low-voltage circuit,Intermediate,5V typical,1,5V 1 channel relay module,Arduino,Plant Watering,Using mains voltage,Kid builds should use low-voltage DC only,https://robu.in/?s=5V+1+channel+relay+module&post_type=product,https://robocraze.com/search?q=5V+1+channel+relay+module,https://www.amazon.in/s?k=5V+1+channel+relay+module,5V 1 channel relay module,Legacy/Core,General / Beginner Robotics,Existing catalog item,
IN-001,Tactile Push Button,Inputs,A button the robot feels,Provides momentary input,Beginner,Passive,2,6x6mm tactile push button,Arduino; ESP32,Reaction Game; Quiz,Misreading connected legs,Low risk,https://robu.in/?s=6x6mm+tactile+push+button&post_type=product,https://robocraze.com/search?q=6x6mm+tactile+push+button,https://www.amazon.in/s?k=6x6mm+tactile+push+button,6x6mm tactile push button,Legacy/Core,General / Beginner Robotics,Existing catalog item,
IN-002,10k Potentiometer,Inputs,A value-changing knob,Provides adjustable analog voltage,Beginner,Passive,1,10K linear potentiometer,Arduino; ESP32,LED Dimmer; Servo Knob,Wrong pin wiring,Low risk,https://robu.in/?s=10K+linear+potentiometer&post_type=product,https://robocraze.com/search?q=10K+linear+potentiometer,https://www.amazon.in/s?k=10K+linear+potentiometer,10K linear potentiometer,Legacy/Core,General / Beginner Robotics,Existing catalog item,
IN-003,Joystick Module,Inputs,Game-controller stick,Provides X/Y input and button,Beginner,3.3-5V,1,PS2 joystick module Arduino,Arduino; ESP32,Robot Controller,Expecting it to drive motors,Low risk,https://robu.in/?s=PS2+joystick+module+Arduino&post_type=product,https://robocraze.com/search?q=PS2+joystick+module+Arduino,https://www.amazon.in/s?k=PS2+joystick+module+Arduino,PS2 joystick module Arduino,Legacy/Core,General / Beginner Robotics,Existing catalog item,
CON-001,830-Point Breadboard,Connections,No-solder circuit board,Temporarily connects components,Beginner,N/A,1,830 point solderless breadboard,Jumper wires; DIP parts,Most electronics projects,Misunderstanding connected rows,Do not force thick wires,https://robu.in/?s=830+point+solderless+breadboard&post_type=product,https://robocraze.com/search?q=830+point+solderless+breadboard,https://www.amazon.in/s?k=830+point+solderless+breadboard,830 point solderless breadboard,Legacy/Core,General / Beginner Robotics,Existing catalog item,
CON-002,Male-Male Jumper Wires,Connections,Reusable circuit wires,Connects breadboard and headers,Beginner,N/A,10,male to male jumper wires 20cm,Breadboard; Arduino,Most breadboard projects,Loose connections,Power off when rewiring,https://robu.in/?s=male+to+male+jumper+wires+20cm&post_type=product,https://robocraze.com/search?q=male+to+male+jumper+wires+20cm,https://www.amazon.in/s?k=male+to+male+jumper+wires+20cm,male to male jumper wires 20cm,Legacy/Core,General / Beginner Robotics,Existing catalog item,
CON-003,Male-Female Jumper Wires,Connections,Sensor connecting wires,Connects module pins to boards,Beginner,N/A,10,male to female jumper wires 20cm,Sensors; Arduino,Sensor Projects,Pulling by the wire,Power off when rewiring,https://robu.in/?s=male+to+female+jumper+wires+20cm&post_type=product,https://robocraze.com/search?q=male+to+female+jumper+wires+20cm,https://www.amazon.in/s?k=male+to+female+jumper+wires+20cm,male to female jumper wires 20cm,Legacy/Core,General / Beginner Robotics,Existing catalog item,
CON-004,Female-Female Jumper Wires,Connections,Pin-to-pin wires,Joins male headers,Beginner,N/A,6,female to female jumper wires 20cm,Modules,Module Connections,Loose connectors,Power off when rewiring,https://robu.in/?s=female+to+female+jumper+wires+20cm&post_type=product,https://robocraze.com/search?q=female+to+female+jumper+wires+20cm,https://www.amazon.in/s?k=female+to+female+jumper+wires+20cm,female to female jumper wires 20cm,Legacy/Core,General / Beginner Robotics,Existing catalog item,
CON-005,USB Data Cable,Connections,Code-upload cable,Carries programming data and power,Beginner,5V USB,1,USB data cable for Arduino,Controller-specific,All coded projects,Using charge-only cable,Use intact cable,https://robu.in/?s=USB+data+cable+for+Arduino&post_type=product,https://robocraze.com/search?q=USB+data+cable+for+Arduino,https://www.amazon.in/s?k=USB+data+cable+for+Arduino,USB data cable for Arduino,Legacy/Core,General / Beginner Robotics,Existing catalog item,
MECH-001,2WD Robot Chassis,Mechanical,The robot's body,Holds motors controller and battery,Beginner,N/A,1,2WD robot car chassis kit,BO/TT motors,Robot Car; Obstacle Robot,Wrong motor mounting type,Remove sharp edges,https://robu.in/?s=2WD+robot+car+chassis+kit&post_type=product,https://robocraze.com/search?q=2WD+robot+car+chassis+kit,https://www.amazon.in/s?k=2WD+robot+car+chassis+kit,2WD robot car chassis kit,Legacy/Core,General / Beginner Robotics,Existing catalog item,
MECH-002,Robot Wheel,Mechanical,Robot shoes,Transfers motor rotation to floor,Beginner,N/A,2,robot wheel for BO motor,BO motor,Robot Car; Line Follower,Wrong shaft type,Keep fingers clear,https://robu.in/?s=robot+wheel+for+BO+motor&post_type=product,https://robocraze.com/search?q=robot+wheel+for+BO+motor,https://www.amazon.in/s?k=robot+wheel+for+BO+motor,robot wheel for BO motor,Legacy/Core,General / Beginner Robotics,Existing catalog item,
MECH-003,Caster Wheel,Mechanical,Balancing wheel,Supports a 2-wheel robot,Beginner,N/A,1,small robot caster wheel,2WD chassis,Robot Car,Wrong mounting height,Secure screws,https://robu.in/?s=small+robot+caster+wheel&post_type=product,https://robocraze.com/search?q=small+robot+caster+wheel,https://www.amazon.in/s?k=small+robot+caster+wheel,small robot caster wheel,Legacy/Core,General / Beginner Robotics,Existing catalog item,
MECH-004,M3 Screw Nut Spacer Set,Mechanical,Robot building hardware,Mounts boards and mechanisms,Beginner,N/A,1,M3 spacer screw kit electronics,Most boards/chassis,Most robot builds,Using screws too long,Do not overtighten PCBs,https://robu.in/?s=M3+spacer+screw+kit+electronics&post_type=product,https://robocraze.com/search?q=M3+spacer+screw+kit+electronics,https://www.amazon.in/s?k=M3+spacer+screw+kit+electronics,M3 spacer screw kit electronics,Legacy/Core,General / Beginner Robotics,Existing catalog item,
BASIC-001,220 Ohm Resistor,Basic Electronics,LED protector,Limits current,Beginner,Passive,5,220 ohm resistor 1/4 watt,LED circuits,LED Projects,Skipping resistor,Use suitable value,https://robu.in/?s=220+ohm+resistor+1%2F4+watt&post_type=product,https://robocraze.com/search?q=220+ohm+resistor+1%2F4+watt,https://www.amazon.in/s?k=220+ohm+resistor+1%2F4+watt,220 ohm resistor 1/4 watt,Legacy/Core,General / Beginner Robotics,Existing catalog item,
BASIC-002,10k Ohm Resistor,Basic Electronics,Signal helper,Used for pull-ups and voltage dividers,Beginner,Passive,5,10k resistor 1/4 watt,Sensors; buttons,LDR; Button Projects,Wrong resistor value,Low risk,https://robu.in/?s=10k+resistor+1%2F4+watt&post_type=product,https://robocraze.com/search?q=10k+resistor+1%2F4+watt,https://www.amazon.in/s?k=10k+resistor+1%2F4+watt,10k resistor 1/4 watt,Legacy/Core,General / Beginner Robotics,Existing catalog item,
BASIC-003,2N2222 NPN Transistor,Basic Electronics,Tiny electronic switch,Lets a small signal control a larger DC load,Intermediate,Circuit dependent,2,2N2222 NPN transistor,Arduino switching circuits,Fan; LED Experiments,Wrong pinout,Observe current limits,https://robu.in/?s=2N2222+NPN+transistor&post_type=product,https://robocraze.com/search?q=2N2222+NPN+transistor,https://www.amazon.in/s?k=2N2222+NPN+transistor,2N2222 NPN transistor,Legacy/Core,General / Beginner Robotics,Existing catalog item,
BASIC-004,1N4007 Diode,Basic Electronics,One-way electrical valve,Blocks reverse current and suppresses inductive kick,Intermediate,Circuit dependent,3,1N4007 diode,Relay/motor circuits,Relay; Motor Experiments,Installing backwards,Check polarity band,https://robu.in/?s=1N4007+diode&post_type=product,https://robocraze.com/search?q=1N4007+diode,https://www.amazon.in/s?k=1N4007+diode,1N4007 diode,Legacy/Core,General / Beginner Robotics,Existing catalog item,
COM-001,HC-05 Bluetooth Module,Communication,Phone-to-robot Bluetooth,Provides Bluetooth serial communication,Intermediate,Logic-level care,1,HC-05 Bluetooth module,Arduino,Phone Controlled Robot,Ignoring logic levels,Check voltage requirements,https://robu.in/?s=HC-05+Bluetooth+module&post_type=product,https://robocraze.com/search?q=HC-05+Bluetooth+module,https://www.amazon.in/s?k=HC-05+Bluetooth+module,HC-05 Bluetooth module,Legacy/Core,General / Beginner Robotics,Existing catalog item,
COM-002,NRF24L01 Module,Communication,Wireless project radio,Provides short-range 2.4GHz data link,Intermediate,3.3V,2,NRF24L01 2.4GHz module,Arduino; ESP32,Wireless Controller,Powering from 5V,3.3V only,https://robu.in/?s=NRF24L01+2.4GHz+module&post_type=product,https://robocraze.com/search?q=NRF24L01+2.4GHz+module,https://www.amazon.in/s?k=NRF24L01+2.4GHz+module,NRF24L01 2.4GHz module,Legacy/Core,General / Beginner Robotics,Existing catalog item,
COM-003,RC522 RFID Module,Communication,Tap-card reader,Reads compatible RFID cards/tags,Intermediate,3.3V,1,RC522 RFID reader module,Arduino; ESP32,RFID Demo,Using 5V logic,3.3V device,https://robu.in/?s=RC522+RFID+reader+module&post_type=product,https://robocraze.com/search?q=RC522+RFID+reader+module,https://www.amazon.in/s?k=RC522+RFID+reader+module,RC522 RFID reader module,Legacy/Core,General / Beginner Robotics,Existing catalog item,
TOOL-001,Digital Multimeter,Tools,The robot detective,Measures voltage resistance and continuity,Beginner,N/A,1,digital multimeter beginner electronics,All projects,Debugging,Measuring current incorrectly,Use only safe low-voltage circuits,https://robu.in/?s=digital+multimeter+beginner+electronics&post_type=product,https://robocraze.com/search?q=digital+multimeter+beginner+electronics,https://www.amazon.in/s?k=digital+multimeter+beginner+electronics,digital multimeter beginner electronics,Legacy/Core,General / Beginner Robotics,Existing catalog item,
TOOL-002,Small Screwdriver Set,Tools,Robot building screwdrivers,Tightens chassis and terminal screws,Beginner,N/A,1,precision screwdriver set electronics,Mechanical parts,All robot builds,Wrong screwdriver size,Keep tools organized,https://robu.in/?s=precision+screwdriver+set+electronics&post_type=product,https://robocraze.com/search?q=precision+screwdriver+set+electronics,https://www.amazon.in/s?k=precision+screwdriver+set+electronics,precision screwdriver set electronics,Legacy/Core,General / Beginner Robotics,Existing catalog item,
TOOL-003,Wire Stripper/Cutter,Tools,Wire preparation tool,Cuts and strips insulated wire,Intermediate,N/A,1,mini wire stripper cutter electronics,Hookup wire,Custom Wiring,Cutting toward fingers,Adult supervision recommended,https://robu.in/?s=mini+wire+stripper+cutter+electronics&post_type=product,https://robocraze.com/search?q=mini+wire+stripper+cutter+electronics,https://www.amazon.in/s?k=mini+wire+stripper+cutter+electronics,mini wire stripper cutter electronics,Legacy/Core,General / Beginner Robotics,Existing catalog item,
MECH-005,608 Ball Bearing,"Bearings, Shafts & Structural",Robot skeleton part,Supports rotating robot joints while reducing friction and play.,Intermediate,Passive / model dependent,2–12+,608 Ball Bearing,Robot frames; joints; motors; transmissions,Custom Robot Joint,"Misalignment, poor fit or undersizing the mechanical load.","Verify datasheet ratings, polarity and safe mounting before powering the robot.",https://robu.in/?s=608+Ball+Bearing&post_type=product,https://robocraze.com/search?q=608+Ball+Bearing,https://www.amazon.in/s?k=608+Ball+Bearing,608 Ball Bearing,P0,All mechanical robots,"Your Mechanical category currently has only chassis/wheels/fasteners; joints need bearings, shafts, frames and hubs.",GAP-138
MECH-006,Aluminium Extrusion 2020/2040,"Bearings, Shafts & Structural",Robot skeleton part,"Supports robot structures, rotating joints and mechanical assemblies.",Intermediate,Passive / model dependent,2–12+,Aluminium Extrusion 2020/2040,Robot frames; joints; motors; transmissions,Custom Robot Joint,"Misalignment, poor fit or undersizing the mechanical load.","Verify datasheet ratings, polarity and safe mounting before powering the robot.",https://robu.in/?s=Aluminium+Extrusion+2020%2F2040&post_type=product,https://robocraze.com/search?q=Aluminium+Extrusion+2020%2F2040,https://www.amazon.in/s?k=Aluminium+Extrusion+2020%2F2040,Aluminium Extrusion 2020/2040,P0,All mechanical robots,"Your Mechanical category currently has only chassis/wheels/fasteners; joints need bearings, shafts, frames and hubs.",GAP-148
MECH-007,Aluminium Shaft,"Bearings, Shafts & Structural",Robot skeleton part,"Supports robot structures, rotating joints and mechanical assemblies.",Intermediate,Passive / model dependent,2–12+,Aluminium Shaft,Robot frames; joints; motors; transmissions,Custom Robot Joint,"Misalignment, poor fit or undersizing the mechanical load.","Verify datasheet ratings, polarity and safe mounting before powering the robot.",https://robu.in/?s=Aluminium+Shaft&post_type=product,https://robocraze.com/search?q=Aluminium+Shaft,https://www.amazon.in/s?k=Aluminium+Shaft,Aluminium Shaft,P0,All mechanical robots,"Your Mechanical category currently has only chassis/wheels/fasteners; joints need bearings, shafts, frames and hubs.",GAP-146
MECH-008,Carbon-Fiber Tube,"Bearings, Shafts & Structural",Robot skeleton part,"Supports robot structures, rotating joints and mechanical assemblies.",Intermediate,Passive / model dependent,2–12+,Carbon-Fiber Tube,Robot frames; joints; motors; transmissions,Custom Robot Joint,"Misalignment, poor fit or undersizing the mechanical load.","Verify datasheet ratings, polarity and safe mounting before powering the robot.",https://robu.in/?s=Carbon-Fiber+Tube&post_type=product,https://robocraze.com/search?q=Carbon-Fiber+Tube,https://www.amazon.in/s?k=Carbon-Fiber+Tube,Carbon-Fiber Tube,P0,All mechanical robots,"Your Mechanical category currently has only chassis/wheels/fasteners; joints need bearings, shafts, frames and hubs.",GAP-147
MECH-009,Cross-Roller Bearing,"Bearings, Shafts & Structural",Robot skeleton part,Supports rotating robot joints while reducing friction and play.,Intermediate,Passive / model dependent,2–12+,Cross-Roller Bearing,Robot frames; joints; motors; transmissions,Custom Robot Joint,"Misalignment, poor fit or undersizing the mechanical load.","Verify datasheet ratings, polarity and safe mounting before powering the robot.",https://robu.in/?s=Cross-Roller+Bearing&post_type=product,https://robocraze.com/search?q=Cross-Roller+Bearing,https://www.amazon.in/s?k=Cross-Roller+Bearing,Cross-Roller Bearing,P0,All mechanical robots,"Your Mechanical category currently has only chassis/wheels/fasteners; joints need bearings, shafts, frames and hubs.",GAP-141
MECH-010,Flanged Bearing,"Bearings, Shafts & Structural",Robot skeleton part,Supports rotating robot joints while reducing friction and play.,Intermediate,Passive / model dependent,2–12+,Flanged Bearing,Robot frames; joints; motors; transmissions,Custom Robot Joint,"Misalignment, poor fit or undersizing the mechanical load.","Verify datasheet ratings, polarity and safe mounting before powering the robot.",https://robu.in/?s=Flanged+Bearing&post_type=product,https://robocraze.com/search?q=Flanged+Bearing,https://www.amazon.in/s?k=Flanged+Bearing,Flanged Bearing,P0,All mechanical robots,"Your Mechanical category currently has only chassis/wheels/fasteners; joints need bearings, shafts, frames and hubs.",GAP-139
MECH-011,Heat-Set Insert,"Bearings, Shafts & Structural",Robot skeleton part,"Supports robot structures, rotating joints and mechanical assemblies.",Intermediate,Passive / model dependent,2–12+,Heat-Set Insert,Robot frames; joints; motors; transmissions,Custom Robot Joint,"Misalignment, poor fit or undersizing the mechanical load.","Verify datasheet ratings, polarity and safe mounting before powering the robot.",https://robu.in/?s=Heat-Set+Insert&post_type=product,https://robocraze.com/search?q=Heat-Set+Insert,https://www.amazon.in/s?k=Heat-Set+Insert,Heat-Set Insert,P0,All mechanical robots,"Your Mechanical category currently has only chassis/wheels/fasteners; joints need bearings, shafts, frames and hubs.",GAP-153
MECH-012,Linear Bearing,"Bearings, Shafts & Structural",Robot skeleton part,Supports rotating robot joints while reducing friction and play.,Intermediate,Passive / model dependent,2–12+,Linear Bearing,Robot frames; joints; motors; transmissions,Custom Robot Joint,"Misalignment, poor fit or undersizing the mechanical load.","Verify datasheet ratings, polarity and safe mounting before powering the robot.",https://robu.in/?s=Linear+Bearing&post_type=product,https://robocraze.com/search?q=Linear+Bearing,https://www.amazon.in/s?k=Linear+Bearing,Linear Bearing,P0,All mechanical robots,"Your Mechanical category currently has only chassis/wheels/fasteners; joints need bearings, shafts, frames and hubs.",GAP-143
MECH-013,Pillow Block Bearing,"Bearings, Shafts & Structural",Robot skeleton part,Supports rotating robot joints while reducing friction and play.,Intermediate,Passive / model dependent,2–12+,Pillow Block Bearing,Robot frames; joints; motors; transmissions,Custom Robot Joint,"Misalignment, poor fit or undersizing the mechanical load.","Verify datasheet ratings, polarity and safe mounting before powering the robot.",https://robu.in/?s=Pillow+Block+Bearing&post_type=product,https://robocraze.com/search?q=Pillow+Block+Bearing,https://www.amazon.in/s?k=Pillow+Block+Bearing,Pillow Block Bearing,P0,All mechanical robots,"Your Mechanical category currently has only chassis/wheels/fasteners; joints need bearings, shafts, frames and hubs.",GAP-144
MECH-014,Robot Joint Hub,"Bearings, Shafts & Structural",Robot skeleton part,"Supports robot structures, rotating joints and mechanical assemblies.",Intermediate,Passive / model dependent,2–12+,Robot Joint Hub,Robot frames; joints; motors; transmissions,Custom Robot Joint,"Misalignment, poor fit or undersizing the mechanical load.",Pinch/crush hazard; test at low current/speed and use an emergency stop on larger robots.,https://robu.in/?s=Robot+Joint+Hub&post_type=product,https://robocraze.com/search?q=Robot+Joint+Hub,https://www.amazon.in/s?k=Robot+Joint+Hub,Robot Joint Hub,P0,All mechanical robots,"Your Mechanical category currently has only chassis/wheels/fasteners; joints need bearings, shafts, frames and hubs.",GAP-150
MECH-015,Servo Horn,"Bearings, Shafts & Structural",Robot skeleton part,"Supports robot structures, rotating joints and mechanical assemblies.",Intermediate,Passive / model dependent,2–12+,Servo Horn,Robot frames; joints; motors; transmissions,Custom Robot Joint,"Ignoring current, voltage or stall-load ratings.",Pinch/crush hazard; test at low current/speed and use an emergency stop on larger robots.,https://robu.in/?s=Servo+Horn&post_type=product,https://robocraze.com/search?q=Servo+Horn,https://www.amazon.in/s?k=Servo+Horn,Servo Horn,P0,All mechanical robots,"Your Mechanical category currently has only chassis/wheels/fasteners; joints need bearings, shafts, frames and hubs.",GAP-149
MECH-016,Shaft Collar,"Bearings, Shafts & Structural",Robot skeleton part,"Supports robot structures, rotating joints and mechanical assemblies.",Intermediate,Passive / model dependent,2–12+,Shaft Collar,Robot frames; joints; motors; transmissions,Custom Robot Joint,"Misalignment, poor fit or undersizing the mechanical load.","Verify datasheet ratings, polarity and safe mounting before powering the robot.",https://robu.in/?s=Shaft+Collar&post_type=product,https://robocraze.com/search?q=Shaft+Collar,https://www.amazon.in/s?k=Shaft+Collar,Shaft Collar,P0,All mechanical robots,"Your Mechanical category currently has only chassis/wheels/fasteners; joints need bearings, shafts, frames and hubs.",GAP-151
MECH-017,Spring Assortment,"Bearings, Shafts & Structural",Robot skeleton part,"Supports robot structures, rotating joints and mechanical assemblies.",Intermediate,Passive / model dependent,2–12+,Spring Assortment,Robot frames; joints; motors; transmissions,Custom Robot Joint,"Misalignment, poor fit or undersizing the mechanical load.","Verify datasheet ratings, polarity and safe mounting before powering the robot.",https://robu.in/?s=Spring+Assortment&post_type=product,https://robocraze.com/search?q=Spring+Assortment,https://www.amazon.in/s?k=Spring+Assortment,Spring Assortment,P0,All mechanical robots,"Your Mechanical category currently has only chassis/wheels/fasteners; joints need bearings, shafts, frames and hubs.",GAP-155
MECH-018,Standoff Assortment,"Bearings, Shafts & Structural",Robot skeleton part,"Supports robot structures, rotating joints and mechanical assemblies.",Intermediate,Passive / model dependent,2–12+,Standoff Assortment,Robot frames; joints; motors; transmissions,Custom Robot Joint,"Misalignment, poor fit or undersizing the mechanical load.","Verify datasheet ratings, polarity and safe mounting before powering the robot.",https://robu.in/?s=Standoff+Assortment&post_type=product,https://robocraze.com/search?q=Standoff+Assortment,https://www.amazon.in/s?k=Standoff+Assortment,Standoff Assortment,P0,All mechanical robots,"Your Mechanical category currently has only chassis/wheels/fasteners; joints need bearings, shafts, frames and hubs.",GAP-154
MECH-019,Steel Shaft,"Bearings, Shafts & Structural",Robot skeleton part,"Supports robot structures, rotating joints and mechanical assemblies.",Intermediate,Passive / model dependent,2–12+,Steel Shaft,Robot frames; joints; motors; transmissions,Custom Robot Joint,"Misalignment, poor fit or undersizing the mechanical load.","Verify datasheet ratings, polarity and safe mounting before powering the robot.",https://robu.in/?s=Steel+Shaft&post_type=product,https://robocraze.com/search?q=Steel+Shaft,https://www.amazon.in/s?k=Steel+Shaft,Steel Shaft,P0,All mechanical robots,"Your Mechanical category currently has only chassis/wheels/fasteners; joints need bearings, shafts, frames and hubs.",GAP-145
MECH-020,Thin-Section Bearing,"Bearings, Shafts & Structural",Robot skeleton part,Supports rotating robot joints while reducing friction and play.,Intermediate,Passive / model dependent,2–12+,Thin-Section Bearing,Robot frames; joints; motors; transmissions,Custom Robot Joint,"Misalignment, poor fit or undersizing the mechanical load.","Verify datasheet ratings, polarity and safe mounting before powering the robot.",https://robu.in/?s=Thin-Section+Bearing&post_type=product,https://robocraze.com/search?q=Thin-Section+Bearing,https://www.amazon.in/s?k=Thin-Section+Bearing,Thin-Section Bearing,P0,All mechanical robots,"Your Mechanical category currently has only chassis/wheels/fasteners; joints need bearings, shafts, frames and hubs.",GAP-140
MECH-021,Threaded Insert,"Bearings, Shafts & Structural",Robot skeleton part,"Supports robot structures, rotating joints and mechanical assemblies.",Intermediate,Passive / model dependent,2–12+,Threaded Insert,Robot frames; joints; motors; transmissions,Custom Robot Joint,"Misalignment, poor fit or undersizing the mechanical load.","Verify datasheet ratings, polarity and safe mounting before powering the robot.",https://robu.in/?s=Threaded+Insert&post_type=product,https://robocraze.com/search?q=Threaded+Insert,https://www.amazon.in/s?k=Threaded+Insert,Threaded Insert,P0,All mechanical robots,"Your Mechanical category currently has only chassis/wheels/fasteners; joints need bearings, shafts, frames and hubs.",GAP-152
MECH-022,Thrust Bearing,"Bearings, Shafts & Structural",Robot skeleton part,Supports rotating robot joints while reducing friction and play.,Intermediate,Passive / model dependent,2–12+,Thrust Bearing,Robot frames; joints; motors; transmissions,Custom Robot Joint,"Misalignment, poor fit or undersizing the mechanical load.","Verify datasheet ratings, polarity and safe mounting before powering the robot.",https://robu.in/?s=Thrust+Bearing&post_type=product,https://robocraze.com/search?q=Thrust+Bearing,https://www.amazon.in/s?k=Thrust+Bearing,Thrust Bearing,P0,All mechanical robots,"Your Mechanical category currently has only chassis/wheels/fasteners; joints need bearings, shafts, frames and hubs.",GAP-142
COM-004,4G/LTE Module,Communication & Networks,Robot data link,"Carries robot control/data between controllers, sensors and actuators.",Intermediate,3.3–5V logic; verify model,1+,4G/LTE Module,MCU/SBC; smart actuators; sensors; robot network,Humanoid Robot; Robot Dog; Robotic Arm,"Buying by appearance instead of checking dimensions, ratings and interface.","Verify datasheet ratings, polarity and safe mounting before powering the robot.",https://robu.in/?s=4G%2FLTE+Module&post_type=product,https://robocraze.com/search?q=4G%2FLTE+Module,https://www.amazon.in/s?k=4G%2FLTE+Module,4G/LTE Module,P0,Humanoid; Quadruped; Industrial Arm; AMR,"Advanced robots use CAN, RS-485, Ethernet/EtherCAT and cellular links, not only HC-05/NRF24L01.",GAP-186
COM-005,5G Modem,Communication & Networks,Robot data link,"Carries robot control/data between controllers, sensors and actuators.",Advanced,Passive / model dependent,1+,5G Modem,MCU/SBC; smart actuators; sensors; robot network,Humanoid Robot; Robot Dog; Robotic Arm,"Buying by appearance instead of checking dimensions, ratings and interface.","Verify datasheet ratings, polarity and safe mounting before powering the robot.",https://robu.in/?s=5G+Modem&post_type=product,https://robocraze.com/search?q=5G+Modem,https://www.amazon.in/s?k=5G+Modem,5G Modem,P0,Humanoid; Quadruped; Industrial Arm; AMR,"Advanced robots use CAN, RS-485, Ethernet/EtherCAT and cellular links, not only HC-05/NRF24L01.",GAP-187
COM-006,CAN Bus Transceiver,Communication & Networks,Robot data link,"Carries robot control/data between controllers, sensors and actuators.",Intermediate,3.3–5V logic; verify model,1+,CAN Bus Transceiver,MCU/SBC; smart actuators; sensors; robot network,Humanoid Robot; Robot Dog; Robotic Arm,"Using the wrong logic voltage, interface or wiring.","Verify datasheet ratings, polarity and safe mounting before powering the robot.",https://robu.in/?s=CAN+Bus+Transceiver&post_type=product,https://robocraze.com/search?q=CAN+Bus+Transceiver,https://www.amazon.in/s?k=CAN+Bus+Transceiver,CAN Bus Transceiver,P0,Humanoid; Quadruped; Industrial Arm; AMR,"Advanced robots use CAN, RS-485, Ethernet/EtherCAT and cellular links, not only HC-05/NRF24L01.",GAP-178
COM-007,CAN-FD Transceiver,Communication & Networks,Robot data link,"Carries robot control/data between controllers, sensors and actuators.",Intermediate,3.3–5V logic; verify model,1+,CAN-FD Transceiver,MCU/SBC; smart actuators; sensors; robot network,Humanoid Robot; Robot Dog; Robotic Arm,"Using the wrong logic voltage, interface or wiring.","Verify datasheet ratings, polarity and safe mounting before powering the robot.",https://robu.in/?s=CAN-FD+Transceiver&post_type=product,https://robocraze.com/search?q=CAN-FD+Transceiver,https://www.amazon.in/s?k=CAN-FD+Transceiver,CAN-FD Transceiver,P0,Humanoid; Quadruped; Industrial Arm; AMR,"Advanced robots use CAN, RS-485, Ethernet/EtherCAT and cellular links, not only HC-05/NRF24L01.",GAP-179
COM-008,EtherCAT Interface,Communication & Networks,Robot data link,"Carries robot control/data between controllers, sensors and actuators.",Advanced,Passive / model dependent,1+,EtherCAT Interface,MCU/SBC; smart actuators; sensors; robot network,Humanoid Robot; Robot Dog; Robotic Arm,"Buying by appearance instead of checking dimensions, ratings and interface.","Verify datasheet ratings, polarity and safe mounting before powering the robot.",https://robu.in/?s=EtherCAT+Interface&post_type=product,https://robocraze.com/search?q=EtherCAT+Interface,https://www.amazon.in/s?k=EtherCAT+Interface,EtherCAT Interface,P0,Humanoid; Quadruped; Industrial Arm; AMR,"Advanced robots use CAN, RS-485, Ethernet/EtherCAT and cellular links, not only HC-05/NRF24L01.",GAP-181
COM-009,Ethernet PHY / Adapter,Communication & Networks,Robot data link,"Carries robot control/data between controllers, sensors and actuators.",Intermediate,Passive / model dependent,1+,Ethernet PHY / Adapter,MCU/SBC; smart actuators; sensors; robot network,Humanoid Robot; Robot Dog; Robotic Arm,"Buying by appearance instead of checking dimensions, ratings and interface.","Verify datasheet ratings, polarity and safe mounting before powering the robot.",https://robu.in/?s=Ethernet+PHY+%2F+Adapter&post_type=product,https://robocraze.com/search?q=Ethernet+PHY+%2F+Adapter,https://www.amazon.in/s?k=Ethernet+PHY+%2F+Adapter,Ethernet PHY / Adapter,P0,Humanoid; Quadruped; Industrial Arm; AMR,"Advanced robots use CAN, RS-485, Ethernet/EtherCAT and cellular links, not only HC-05/NRF24L01.",GAP-182
COM-010,LoRa Module,Communication & Networks,Robot data link,"Carries robot control/data between controllers, sensors and actuators.",Intermediate,3.3–5V logic; verify model,1+,LoRa Module,MCU/SBC; smart actuators; sensors; robot network,Humanoid Robot; Robot Dog; Robotic Arm,"Buying by appearance instead of checking dimensions, ratings and interface.","Verify datasheet ratings, polarity and safe mounting before powering the robot.",https://robu.in/?s=LoRa+Module&post_type=product,https://robocraze.com/search?q=LoRa+Module,https://www.amazon.in/s?k=LoRa+Module,LoRa Module,P0,Humanoid; Quadruped; Industrial Arm; AMR,"Advanced robots use CAN, RS-485, Ethernet/EtherCAT and cellular links, not only HC-05/NRF24L01.",GAP-188
COM-011,RS-485 Transceiver,Communication & Networks,Robot data link,"Carries robot control/data between controllers, sensors and actuators.",Intermediate,3.3–5V logic; verify model,1+,RS-485 Transceiver,MCU/SBC; smart actuators; sensors; robot network,Humanoid Robot; Robot Dog; Robotic Arm,"Using the wrong logic voltage, interface or wiring.","Verify datasheet ratings, polarity and safe mounting before powering the robot.",https://robu.in/?s=RS-485+Transceiver&post_type=product,https://robocraze.com/search?q=RS-485+Transceiver,https://www.amazon.in/s?k=RS-485+Transceiver,RS-485 Transceiver,P0,Humanoid; Quadruped; Industrial Arm; AMR,"Advanced robots use CAN, RS-485, Ethernet/EtherCAT and cellular links, not only HC-05/NRF24L01.",GAP-180
COM-012,USB-to-CAN Adapter,Communication & Networks,Robot data link,"Carries robot control/data between controllers, sensors and actuators.",Intermediate,5V / USB (model dependent),1+,USB-to-CAN Adapter,MCU/SBC; smart actuators; sensors; robot network,Humanoid Robot; Robot Dog; Robotic Arm,"Buying by appearance instead of checking dimensions, ratings and interface.","Verify datasheet ratings, polarity and safe mounting before powering the robot.",https://robu.in/?s=USB-to-CAN+Adapter&post_type=product,https://robocraze.com/search?q=USB-to-CAN+Adapter,https://www.amazon.in/s?k=USB-to-CAN+Adapter,USB-to-CAN Adapter,P0,Humanoid; Quadruped; Industrial Arm; AMR,"Advanced robots use CAN, RS-485, Ethernet/EtherCAT and cellular links, not only HC-05/NRF24L01.",GAP-183
COM-013,USB-to-RS485 Adapter,Communication & Networks,Robot data link,"Carries robot control/data between controllers, sensors and actuators.",Intermediate,5V / USB (model dependent),1+,USB-to-RS485 Adapter,MCU/SBC; smart actuators; sensors; robot network,Humanoid Robot; Robot Dog; Robotic Arm,"Buying by appearance instead of checking dimensions, ratings and interface.","Verify datasheet ratings, polarity and safe mounting before powering the robot.",https://robu.in/?s=USB-to-RS485+Adapter&post_type=product,https://robocraze.com/search?q=USB-to-RS485+Adapter,https://www.amazon.in/s?k=USB-to-RS485+Adapter,USB-to-RS485 Adapter,P0,Humanoid; Quadruped; Industrial Arm; AMR,"Advanced robots use CAN, RS-485, Ethernet/EtherCAT and cellular links, not only HC-05/NRF24L01.",GAP-184
COM-014,UWB Communication Module,Communication & Networks,Robot data link,"Carries robot control/data between controllers, sensors and actuators.",Intermediate,3.3–5V logic; verify model,1+,UWB Communication Module,MCU/SBC; smart actuators; sensors; robot network,Humanoid Robot; Robot Dog; Robotic Arm,"Buying by appearance instead of checking dimensions, ratings and interface.","Verify datasheet ratings, polarity and safe mounting before powering the robot.",https://robu.in/?s=UWB+Communication+Module&post_type=product,https://robocraze.com/search?q=UWB+Communication+Module,https://www.amazon.in/s?k=UWB+Communication+Module,UWB Communication Module,P0,Humanoid; Quadruped; Industrial Arm; AMR,"Advanced robots use CAN, RS-485, Ethernet/EtherCAT and cellular links, not only HC-05/NRF24L01.",GAP-189
COM-015,Wi-Fi 6 Module,Communication & Networks,Robot data link,"Carries robot control/data between controllers, sensors and actuators.",Intermediate,3.3–5V logic; verify model,1+,Wi-Fi 6 Module,MCU/SBC; smart actuators; sensors; robot network,Humanoid Robot; Robot Dog; Robotic Arm,"Buying by appearance instead of checking dimensions, ratings and interface.","Verify datasheet ratings, polarity and safe mounting before powering the robot.",https://robu.in/?s=Wi-Fi+6+Module&post_type=product,https://robocraze.com/search?q=Wi-Fi+6+Module,https://www.amazon.in/s?k=Wi-Fi+6+Module,Wi-Fi 6 Module,P0,Humanoid; Quadruped; Industrial Arm; AMR,"Advanced robots use CAN, RS-485, Ethernet/EtherCAT and cellular links, not only HC-05/NRF24L01.",GAP-185
CON-006,Anderson Powerpole Connector,"Connectors, Wiring & Harness",Robot wiring part,Creates reliable electrical connections and cable routing in moving robots.,Intermediate,Passive / model dependent,1 kit / several,Anderson Powerpole Connector,Robot batteries; controllers; sensors; actuators,Robot Wiring Harness,Using loose crimps or wire that is too thin for the current.,"Verify datasheet ratings, polarity and safe mounting before powering the robot.",https://robu.in/?s=Anderson+Powerpole+Connector&post_type=product,https://robocraze.com/search?q=Anderson+Powerpole+Connector,https://www.amazon.in/s?k=Anderson+Powerpole+Connector,Anderson Powerpole Connector,P0,All robots,"Robots need vibration-resistant wiring, high-current connectors and moving cable management.",GAP-196
CON-007,CAN Bus Cable,"Connectors, Wiring & Harness",Robot wiring part,Creates reliable electrical connections and cable routing in moving robots.,Intermediate,Passive / model dependent,1 kit / several,CAN Bus Cable,Robot batteries; controllers; sensors; actuators,Robot Wiring Harness,Using loose crimps or wire that is too thin for the current.,"Verify datasheet ratings, polarity and safe mounting before powering the robot.",https://robu.in/?s=CAN+Bus+Cable&post_type=product,https://robocraze.com/search?q=CAN+Bus+Cable,https://www.amazon.in/s?k=CAN+Bus+Cable,CAN Bus Cable,P0,All robots,"Robots need vibration-resistant wiring, high-current connectors and moving cable management.",GAP-201
CON-008,Cable Chain / Drag Chain,"Connectors, Wiring & Harness",Robot wiring part,Creates reliable electrical connections and cable routing in moving robots.,Intermediate,Passive / model dependent,1 kit / several,Cable Chain / Drag Chain,Robot batteries; controllers; sensors; actuators,Robot Wiring Harness,Using loose crimps or wire that is too thin for the current.,"Verify datasheet ratings, polarity and safe mounting before powering the robot.",https://robu.in/?s=Cable+Chain+%2F+Drag+Chain&post_type=product,https://robocraze.com/search?q=Cable+Chain+%2F+Drag+Chain,https://www.amazon.in/s?k=Cable+Chain+%2F+Drag+Chain,Cable Chain / Drag Chain,P0,All robots,"Robots need vibration-resistant wiring, high-current connectors and moving cable management.",GAP-203
CON-009,Cable Gland,"Connectors, Wiring & Harness",Robot wiring part,Creates reliable electrical connections and cable routing in moving robots.,Intermediate,Passive / model dependent,1 kit / several,Cable Gland,Robot batteries; controllers; sensors; actuators,Robot Wiring Harness,Using loose crimps or wire that is too thin for the current.,"Verify datasheet ratings, polarity and safe mounting before powering the robot.",https://robu.in/?s=Cable+Gland&post_type=product,https://robocraze.com/search?q=Cable+Gland,https://www.amazon.in/s?k=Cable+Gland,Cable Gland,P0,All robots,"Robots need vibration-resistant wiring, high-current connectors and moving cable management.",GAP-205
CON-010,Cable Sleeve / Braided Loom,"Connectors, Wiring & Harness",Robot wiring part,Creates reliable electrical connections and cable routing in moving robots.,Intermediate,Passive / model dependent,1 kit / several,Cable Sleeve / Braided Loom,Robot batteries; controllers; sensors; actuators,Robot Wiring Harness,Using loose crimps or wire that is too thin for the current.,"Verify datasheet ratings, polarity and safe mounting before powering the robot.",https://robu.in/?s=Cable+Sleeve+%2F+Braided+Loom&post_type=product,https://robocraze.com/search?q=Cable+Sleeve+%2F+Braided+Loom,https://www.amazon.in/s?k=Cable+Sleeve+%2F+Braided+Loom,Cable Sleeve / Braided Loom,P0,All robots,"Robots need vibration-resistant wiring, high-current connectors and moving cable management.",GAP-202
CON-011,Dupont Crimp Kit,"Connectors, Wiring & Harness",Robot wiring part,Creates reliable electrical connections and cable routing in moving robots.,Intermediate,Passive / model dependent,1 kit / several,Dupont Crimp Kit,Robot batteries; controllers; sensors; actuators,Robot Wiring Harness,Using loose crimps or wire that is too thin for the current.,"Verify datasheet ratings, polarity and safe mounting before powering the robot.",https://robu.in/?s=Dupont+Crimp+Kit&post_type=product,https://robocraze.com/search?q=Dupont+Crimp+Kit,https://www.amazon.in/s?k=Dupont+Crimp+Kit,Dupont Crimp Kit,P0,All robots,"Robots need vibration-resistant wiring, high-current connectors and moving cable management.",GAP-197
CON-012,Ferrule Kit,"Connectors, Wiring & Harness",Robot wiring part,Creates reliable electrical connections and cable routing in moving robots.,Intermediate,Passive / model dependent,1 kit / several,Ferrule Kit,Robot batteries; controllers; sensors; actuators,Robot Wiring Harness,Using loose crimps or wire that is too thin for the current.,"Verify datasheet ratings, polarity and safe mounting before powering the robot.",https://robu.in/?s=Ferrule+Kit&post_type=product,https://robocraze.com/search?q=Ferrule+Kit,https://www.amazon.in/s?k=Ferrule+Kit,Ferrule Kit,P0,All robots,"Robots need vibration-resistant wiring, high-current connectors and moving cable management.",GAP-198
CON-013,Heat-Shrink Tubing,"Connectors, Wiring & Harness",Robot wiring part,Creates reliable electrical connections and cable routing in moving robots.,Intermediate,Passive / model dependent,1 kit / several,Heat-Shrink Tubing,Robot batteries; controllers; sensors; actuators,Robot Wiring Harness,Using loose crimps or wire that is too thin for the current.,"Verify datasheet ratings, polarity and safe mounting before powering the robot.",https://robu.in/?s=Heat-Shrink+Tubing&post_type=product,https://robocraze.com/search?q=Heat-Shrink+Tubing,https://www.amazon.in/s?k=Heat-Shrink+Tubing,Heat-Shrink Tubing,P0,All robots,"Robots need vibration-resistant wiring, high-current connectors and moving cable management.",GAP-204
CON-014,JST-GH Connector Kit,"Connectors, Wiring & Harness",Robot wiring part,Creates reliable electrical connections and cable routing in moving robots.,Intermediate,Passive / model dependent,1 kit / several,JST-GH Connector Kit,Robot batteries; controllers; sensors; actuators,Robot Wiring Harness,Using loose crimps or wire that is too thin for the current.,"Verify datasheet ratings, polarity and safe mounting before powering the robot.",https://robu.in/?s=JST-GH+Connector+Kit&post_type=product,https://robocraze.com/search?q=JST-GH+Connector+Kit,https://www.amazon.in/s?k=JST-GH+Connector+Kit,JST-GH Connector Kit,P0,All robots,"Robots need vibration-resistant wiring, high-current connectors and moving cable management.",GAP-192
CON-015,JST-PH Connector Kit,"Connectors, Wiring & Harness",Robot wiring part,Creates reliable electrical connections and cable routing in moving robots.,Intermediate,Passive / model dependent,1 kit / several,JST-PH Connector Kit,Robot batteries; controllers; sensors; actuators,Robot Wiring Harness,Using loose crimps or wire that is too thin for the current.,"Verify datasheet ratings, polarity and safe mounting before powering the robot.",https://robu.in/?s=JST-PH+Connector+Kit&post_type=product,https://robocraze.com/search?q=JST-PH+Connector+Kit,https://www.amazon.in/s?k=JST-PH+Connector+Kit,JST-PH Connector Kit,P0,All robots,"Robots need vibration-resistant wiring, high-current connectors and moving cable management.",GAP-190
CON-016,JST-XH Connector Kit,"Connectors, Wiring & Harness",Robot wiring part,Creates reliable electrical connections and cable routing in moving robots.,Intermediate,Passive / model dependent,1 kit / several,JST-XH Connector Kit,Robot batteries; controllers; sensors; actuators,Robot Wiring Harness,Using loose crimps or wire that is too thin for the current.,"Verify datasheet ratings, polarity and safe mounting before powering the robot.",https://robu.in/?s=JST-XH+Connector+Kit&post_type=product,https://robocraze.com/search?q=JST-XH+Connector+Kit,https://www.amazon.in/s?k=JST-XH+Connector+Kit,JST-XH Connector Kit,P0,All robots,"Robots need vibration-resistant wiring, high-current connectors and moving cable management.",GAP-191
CON-017,Shielded Twisted Pair Cable,"Connectors, Wiring & Harness",Robot wiring part,Creates reliable electrical connections and cable routing in moving robots.,Intermediate,Passive / model dependent,1 kit / several,Shielded Twisted Pair Cable,Robot batteries; controllers; sensors; actuators,Robot Wiring Harness,Using loose crimps or wire that is too thin for the current.,"Verify datasheet ratings, polarity and safe mounting before powering the robot.",https://robu.in/?s=Shielded+Twisted+Pair+Cable&post_type=product,https://robocraze.com/search?q=Shielded+Twisted+Pair+Cable,https://www.amazon.in/s?k=Shielded+Twisted+Pair+Cable,Shielded Twisted Pair Cable,P0,All robots,"Robots need vibration-resistant wiring, high-current connectors and moving cable management.",GAP-200
CON-018,Silicone High-Flex Wire,"Connectors, Wiring & Harness",Robot wiring part,Creates reliable electrical connections and cable routing in moving robots.,Intermediate,Passive / model dependent,1 kit / several,Silicone High-Flex Wire,Robot batteries; controllers; sensors; actuators,Robot Wiring Harness,Using loose crimps or wire that is too thin for the current.,"Verify datasheet ratings, polarity and safe mounting before powering the robot.",https://robu.in/?s=Silicone+High-Flex+Wire&post_type=product,https://robocraze.com/search?q=Silicone+High-Flex+Wire,https://www.amazon.in/s?k=Silicone+High-Flex+Wire,Silicone High-Flex Wire,P0,All robots,"Robots need vibration-resistant wiring, high-current connectors and moving cable management.",GAP-199
CON-019,Slip Ring,"Connectors, Wiring & Harness",Robot wiring part,Carries power/signals across a continuously rotating joint.,Intermediate,Passive / model dependent,1 kit / several,Slip Ring,Robot batteries; controllers; sensors; actuators,Robot Wiring Harness,Using loose crimps or wire that is too thin for the current.,"Verify datasheet ratings, polarity and safe mounting before powering the robot.",https://robu.in/?s=Slip+Ring&post_type=product,https://robocraze.com/search?q=Slip+Ring,https://www.amazon.in/s?k=Slip+Ring,Slip Ring,P0,All robots,"Robots need vibration-resistant wiring, high-current connectors and moving cable management.",GAP-206
CON-020,XT30 Connector,"Connectors, Wiring & Harness",Robot wiring part,Creates reliable electrical connections and cable routing in moving robots.,Intermediate,Passive / model dependent,1 kit / several,XT30 Connector,Robot batteries; controllers; sensors; actuators,Robot Wiring Harness,Using loose crimps or wire that is too thin for the current.,"Verify datasheet ratings, polarity and safe mounting before powering the robot.",https://robu.in/?s=XT30+Connector&post_type=product,https://robocraze.com/search?q=XT30+Connector,https://www.amazon.in/s?k=XT30+Connector,XT30 Connector,P0,All robots,"Robots need vibration-resistant wiring, high-current connectors and moving cable management.",GAP-193
CON-021,XT60 Connector,"Connectors, Wiring & Harness",Robot wiring part,Creates reliable electrical connections and cable routing in moving robots.,Intermediate,Passive / model dependent,1 kit / several,XT60 Connector,Robot batteries; controllers; sensors; actuators,Robot Wiring Harness,Using loose crimps or wire that is too thin for the current.,"Verify datasheet ratings, polarity and safe mounting before powering the robot.",https://robu.in/?s=XT60+Connector&post_type=product,https://robocraze.com/search?q=XT60+Connector,https://www.amazon.in/s?k=XT60+Connector,XT60 Connector,P0,All robots,"Robots need vibration-resistant wiring, high-current connectors and moving cable management.",GAP-194
CON-022,XT90 Anti-Spark Connector,"Connectors, Wiring & Harness",Robot wiring part,Creates reliable electrical connections and cable routing in moving robots.,Intermediate,Passive / model dependent,1 kit / several,XT90 Anti-Spark Connector,Robot batteries; controllers; sensors; actuators,Robot Wiring Harness,Using loose crimps or wire that is too thin for the current.,"Verify datasheet ratings, polarity and safe mounting before powering the robot.",https://robu.in/?s=XT90+Anti-Spark+Connector&post_type=product,https://robocraze.com/search?q=XT90+Anti-Spark+Connector,https://www.amazon.in/s?k=XT90+Anti-Spark+Connector,XT90 Anti-Spark Connector,P0,All robots,"Robots need vibration-resistant wiring, high-current connectors and moving cable management.",GAP-195
FRC-001,6-Axis Force/Torque Sensor,"Force, Torque & Tactile",Touch and force sensor,Measures forces and moments at a robot joint or end effector.,Advanced,3.3–5V logic; verify model,1+,6-Axis Force/Torque Sensor,MCU/SBC; robot feet; grippers; joints,Humanoid Robot; Robot Dog; Exoskeleton,"Using the wrong logic voltage, interface or wiring.","Verify datasheet ratings, polarity and safe mounting before powering the robot.",https://robu.in/?s=6-Axis+Force%2FTorque+Sensor&post_type=product,https://robocraze.com/search?q=6-Axis+Force%2FTorque+Sensor,https://www.amazon.in/s?k=6-Axis+Force%2FTorque+Sensor,6-Axis Force/Torque Sensor,P0,Humanoid; Quadruped; Hand; Cobot; Exoskeleton,"Leg balance, grasping and safe physical interaction depend on force and tactile sensing.",GAP-057
FRC-002,Bumper / Collision Sensor,"Force, Torque & Tactile",Touch and force sensor,"Measures contact, load or force for balance and manipulation.",Advanced,3.3–5V logic; verify model,1+,Bumper / Collision Sensor,MCU/SBC; robot feet; grippers; joints,Humanoid Robot; Robot Dog; Exoskeleton,"Using the wrong logic voltage, interface or wiring.","Verify datasheet ratings, polarity and safe mounting before powering the robot.",https://robu.in/?s=Bumper+%2F+Collision+Sensor&post_type=product,https://robocraze.com/search?q=Bumper+%2F+Collision+Sensor,https://www.amazon.in/s?k=Bumper+%2F+Collision+Sensor,Bumper / Collision Sensor,P0,Humanoid; Quadruped; Hand; Cobot; Exoskeleton,"Leg balance, grasping and safe physical interaction depend on force and tactile sensing.",GAP-064
FRC-003,Capacitive Tactile Sensor,"Force, Torque & Tactile",Touch and force sensor,Detects touch or pressure for contact-aware manipulation.,Advanced,3.3–5V logic; verify model,2–8+,Capacitive Tactile Sensor,MCU/SBC; robot feet; grippers; joints,Humanoid Robot; Robot Dog; Exoskeleton,"Using the wrong logic voltage, interface or wiring.","Verify datasheet ratings, polarity and safe mounting before powering the robot.",https://robu.in/?s=Capacitive+Tactile+Sensor&post_type=product,https://robocraze.com/search?q=Capacitive+Tactile+Sensor,https://www.amazon.in/s?k=Capacitive+Tactile+Sensor,Capacitive Tactile Sensor,P0,Humanoid; Quadruped; Hand; Cobot; Exoskeleton,"Leg balance, grasping and safe physical interaction depend on force and tactile sensing.",GAP-060
FRC-004,Foot Force Sensor,"Force, Torque & Tactile",Touch and force sensor,Measures contact or load for safe and controlled interaction.,Advanced,3.3–5V logic; verify model,2–8+,Foot Force Sensor,MCU/SBC; robot feet; grippers; joints,Humanoid Robot; Robot Dog; Exoskeleton,"Using the wrong logic voltage, interface or wiring.","Verify datasheet ratings, polarity and safe mounting before powering the robot.",https://robu.in/?s=Foot+Force+Sensor&post_type=product,https://robocraze.com/search?q=Foot+Force+Sensor,https://www.amazon.in/s?k=Foot+Force+Sensor,Foot Force Sensor,P0,Humanoid; Quadruped; Hand; Cobot; Exoskeleton,"Leg balance, grasping and safe physical interaction depend on force and tactile sensing.",GAP-063
FRC-005,Force-Sensitive Resistor (FSR),"Force, Torque & Tactile",Touch and force sensor,"Measures contact, load or force for balance and manipulation.",Advanced,Passive / model dependent,2–8+,Force-Sensitive Resistor (FSR),MCU/SBC; robot feet; grippers; joints,Humanoid Robot; Robot Dog; Exoskeleton,"Buying by appearance instead of checking dimensions, ratings and interface.","Verify datasheet ratings, polarity and safe mounting before powering the robot.",https://robu.in/?s=Force-Sensitive+Resistor+%28FSR%29&post_type=product,https://robocraze.com/search?q=Force-Sensitive+Resistor+%28FSR%29,https://www.amazon.in/s?k=Force-Sensitive+Resistor+%28FSR%29,Force-Sensitive Resistor (FSR),P0,Humanoid; Quadruped; Hand; Cobot; Exoskeleton,"Leg balance, grasping and safe physical interaction depend on force and tactile sensing.",GAP-059
FRC-006,Joint Torque Sensor,"Force, Torque & Tactile",Touch and force sensor,"Measures contact, load or force for balance and manipulation.",Advanced,3.3–5V logic; verify model,1+,Joint Torque Sensor,MCU/SBC; robot feet; grippers; joints,Humanoid Robot; Robot Dog; Exoskeleton,"Using the wrong logic voltage, interface or wiring.",Pinch/crush hazard; test at low current/speed and use an emergency stop on larger robots.,https://robu.in/?s=Joint+Torque+Sensor&post_type=product,https://robocraze.com/search?q=Joint+Torque+Sensor,https://www.amazon.in/s?k=Joint+Torque+Sensor,Joint Torque Sensor,P0,Humanoid; Quadruped; Hand; Cobot; Exoskeleton,"Leg balance, grasping and safe physical interaction depend on force and tactile sensing.",GAP-058
FRC-007,Load Cell + HX711,"Force, Torque & Tactile",Touch and force sensor,"Measures contact, load or force for balance and manipulation.",Advanced,Passive / model dependent,1+,Load Cell + HX711,MCU/SBC; robot feet; grippers; joints,Humanoid Robot; Robot Dog; Exoskeleton,"Buying by appearance instead of checking dimensions, ratings and interface.","Verify datasheet ratings, polarity and safe mounting before powering the robot.",https://robu.in/?s=Load+Cell+%2B+HX711&post_type=product,https://robocraze.com/search?q=Load+Cell+%2B+HX711,https://www.amazon.in/s?k=Load+Cell+%2B+HX711,Load Cell + HX711,P0,Humanoid; Quadruped; Hand; Cobot; Exoskeleton,"Leg balance, grasping and safe physical interaction depend on force and tactile sensing.",GAP-055
FRC-008,Robotic Skin / Pressure Matrix,"Force, Torque & Tactile",Touch and force sensor,"Measures contact, load or force for balance and manipulation.",Advanced,Passive / model dependent,1+,Robotic Skin / Pressure Matrix,MCU/SBC; robot feet; grippers; joints,Humanoid Robot; Robot Dog; Exoskeleton,"Buying by appearance instead of checking dimensions, ratings and interface.","Verify datasheet ratings, polarity and safe mounting before powering the robot.",https://robu.in/?s=Robotic+Skin+%2F+Pressure+Matrix&post_type=product,https://robocraze.com/search?q=Robotic+Skin+%2F+Pressure+Matrix,https://www.amazon.in/s?k=Robotic+Skin+%2F+Pressure+Matrix,Robotic Skin / Pressure Matrix,P0,Humanoid; Quadruped; Hand; Cobot; Exoskeleton,"Leg balance, grasping and safe physical interaction depend on force and tactile sensing.",GAP-062
FRC-009,Single-Axis Force Sensor,"Force, Torque & Tactile",Touch and force sensor,Measures contact or load for safe and controlled interaction.,Advanced,3.3–5V logic; verify model,1+,Single-Axis Force Sensor,MCU/SBC; robot feet; grippers; joints,Humanoid Robot; Robot Dog; Exoskeleton,"Using the wrong logic voltage, interface or wiring.","Verify datasheet ratings, polarity and safe mounting before powering the robot.",https://robu.in/?s=Single-Axis+Force+Sensor&post_type=product,https://robocraze.com/search?q=Single-Axis+Force+Sensor,https://www.amazon.in/s?k=Single-Axis+Force+Sensor,Single-Axis Force Sensor,P0,Humanoid; Quadruped; Hand; Cobot; Exoskeleton,"Leg balance, grasping and safe physical interaction depend on force and tactile sensing.",GAP-056
FRC-010,Tactile Sensor Array,"Force, Torque & Tactile",Touch and force sensor,Detects touch or pressure for contact-aware manipulation.,Advanced,3.3–5V logic; verify model,2–8+,Tactile Sensor Array,MCU/SBC; robot feet; grippers; joints,Humanoid Robot; Robot Dog; Exoskeleton,"Using the wrong logic voltage, interface or wiring.","Verify datasheet ratings, polarity and safe mounting before powering the robot.",https://robu.in/?s=Tactile+Sensor+Array&post_type=product,https://robocraze.com/search?q=Tactile+Sensor+Array,https://www.amazon.in/s?k=Tactile+Sensor+Array,Tactile Sensor Array,P0,Humanoid; Quadruped; Hand; Cobot; Exoskeleton,"Leg balance, grasping and safe physical interaction depend on force and tactile sensing.",GAP-061
END-001,2-Finger Parallel Gripper,"Hands, Grippers & End Effectors",Robot hand/tool,Lets a robot grasp and manipulate objects.,Advanced,Passive / model dependent,1+,2-Finger Parallel Gripper,Robot arm/wrist; servo or motor control; power supply,Humanoid Robot; Robotic Arm; Mobile Robot,"Buying by appearance instead of checking dimensions, ratings and interface.",Pinch/crush hazard; test at low current/speed and use an emergency stop on larger robots.,https://robu.in/?s=2-Finger+Parallel+Gripper&post_type=product,https://robocraze.com/search?q=2-Finger+Parallel+Gripper,https://www.amazon.in/s?k=2-Finger+Parallel+Gripper,2-Finger Parallel Gripper,P0,Humanoid; Arm; Mobile Manipulator,A humanoid database is incomplete without dexterous hands and manipulation hardware.,GAP-101
END-002,3-Finger Robotic Gripper,"Hands, Grippers & End Effectors",Robot hand/tool,Lets a robot grasp and manipulate objects.,Advanced,Passive / model dependent,1+,3-Finger Robotic Gripper,Robot arm/wrist; servo or motor control; power supply,Humanoid Robot; Robotic Arm; Mobile Robot,"Buying by appearance instead of checking dimensions, ratings and interface.",Pinch/crush hazard; test at low current/speed and use an emergency stop on larger robots.,https://robu.in/?s=3-Finger+Robotic+Gripper&post_type=product,https://robocraze.com/search?q=3-Finger+Robotic+Gripper,https://www.amazon.in/s?k=3-Finger+Robotic+Gripper,3-Finger Robotic Gripper,P0,Humanoid; Arm; Mobile Manipulator,A humanoid database is incomplete without dexterous hands and manipulation hardware.,GAP-103
END-003,5-Finger Dexterous Robotic Hand,"Hands, Grippers & End Effectors",Robot hand/tool,Provides multi-finger manipulation and human-like grasping.,Advanced,Passive / model dependent,1+,5-Finger Dexterous Robotic Hand,Robot arm/wrist; servo or motor control; power supply,Humanoid Robot; Robotic Arm; Mobile Robot,"Buying by appearance instead of checking dimensions, ratings and interface.",Pinch/crush hazard; test at low current/speed and use an emergency stop on larger robots.,https://robu.in/?s=5-Finger+Dexterous+Robotic+Hand&post_type=product,https://robocraze.com/search?q=5-Finger+Dexterous+Robotic+Hand,https://www.amazon.in/s?k=5-Finger+Dexterous+Robotic+Hand,5-Finger Dexterous Robotic Hand,P0,Humanoid; Arm; Mobile Manipulator,A humanoid database is incomplete without dexterous hands and manipulation hardware.,GAP-104
END-004,Adaptive Gripper,"Hands, Grippers & End Effectors",Robot hand/tool,Lets a robot grasp and manipulate objects.,Advanced,Passive / model dependent,1+,Adaptive Gripper,Robot arm/wrist; servo or motor control; power supply,Humanoid Robot; Robotic Arm; Mobile Robot,"Buying by appearance instead of checking dimensions, ratings and interface.",Pinch/crush hazard; test at low current/speed and use an emergency stop on larger robots.,https://robu.in/?s=Adaptive+Gripper&post_type=product,https://robocraze.com/search?q=Adaptive+Gripper,https://www.amazon.in/s?k=Adaptive+Gripper,Adaptive Gripper,P0,Humanoid; Arm; Mobile Manipulator,A humanoid database is incomplete without dexterous hands and manipulation hardware.,GAP-102
END-005,Magnetic Gripper,"Hands, Grippers & End Effectors",Robot hand/tool,Lets a robot grasp and manipulate objects.,Advanced,Passive / model dependent,1+,Magnetic Gripper,Robot arm/wrist; servo or motor control; power supply,Humanoid Robot; Robotic Arm; Mobile Robot,"Buying by appearance instead of checking dimensions, ratings and interface.",Pinch/crush hazard; test at low current/speed and use an emergency stop on larger robots.,https://robu.in/?s=Magnetic+Gripper&post_type=product,https://robocraze.com/search?q=Magnetic+Gripper,https://www.amazon.in/s?k=Magnetic+Gripper,Magnetic Gripper,P0,Humanoid; Arm; Mobile Manipulator,A humanoid database is incomplete without dexterous hands and manipulation hardware.,GAP-110
END-006,Servo Robotic Hand Kit,"Hands, Grippers & End Effectors",Robot hand/tool,Provides multi-finger manipulation and human-like grasping.,Advanced,Passive / model dependent,1+,Servo Robotic Hand Kit,Robot arm/wrist; servo or motor control; power supply,Humanoid Robot; Robotic Arm; Mobile Robot,"Ignoring current, voltage or stall-load ratings.",Pinch/crush hazard; test at low current/speed and use an emergency stop on larger robots.,https://robu.in/?s=Servo+Robotic+Hand+Kit&post_type=product,https://robocraze.com/search?q=Servo+Robotic+Hand+Kit,https://www.amazon.in/s?k=Servo+Robotic+Hand+Kit,Servo Robotic Hand Kit,P0,Humanoid; Arm; Mobile Manipulator,A humanoid database is incomplete without dexterous hands and manipulation hardware.,GAP-105
END-007,Suction Cup End Effector,"Hands, Grippers & End Effectors",Robot hand/tool,Provides manipulation capability at the end of a robot arm.,Advanced,Passive / model dependent,1+,Suction Cup End Effector,Robot arm/wrist; servo or motor control; power supply,Humanoid Robot; Robotic Arm; Mobile Robot,"Buying by appearance instead of checking dimensions, ratings and interface.","Verify datasheet ratings, polarity and safe mounting before powering the robot.",https://robu.in/?s=Suction+Cup+End+Effector&post_type=product,https://robocraze.com/search?q=Suction+Cup+End+Effector,https://www.amazon.in/s?k=Suction+Cup+End+Effector,Suction Cup End Effector,P0,Humanoid; Arm; Mobile Manipulator,A humanoid database is incomplete without dexterous hands and manipulation hardware.,GAP-108
END-008,Tendon / Cable Drive Kit,"Hands, Grippers & End Effectors",Robot hand/tool,Provides manipulation capability at the end of a robot arm.,Advanced,Passive / model dependent,1+,Tendon / Cable Drive Kit,Robot arm/wrist; servo or motor control; power supply,Humanoid Robot; Robotic Arm; Mobile Robot,"Buying by appearance instead of checking dimensions, ratings and interface.","Verify datasheet ratings, polarity and safe mounting before powering the robot.",https://robu.in/?s=Tendon+%2F+Cable+Drive+Kit&post_type=product,https://robocraze.com/search?q=Tendon+%2F+Cable+Drive+Kit,https://www.amazon.in/s?k=Tendon+%2F+Cable+Drive+Kit,Tendon / Cable Drive Kit,P0,Humanoid; Arm; Mobile Manipulator,A humanoid database is incomplete without dexterous hands and manipulation hardware.,GAP-107
END-009,Tool Changer,"Hands, Grippers & End Effectors",Robot hand/tool,Provides manipulation capability at the end of a robot arm.,Advanced,Passive / model dependent,1+,Tool Changer,Robot arm/wrist; servo or motor control; power supply,Humanoid Robot; Robotic Arm; Mobile Robot,"Buying by appearance instead of checking dimensions, ratings and interface.","Verify datasheet ratings, polarity and safe mounting before powering the robot.",https://robu.in/?s=Tool+Changer&post_type=product,https://robocraze.com/search?q=Tool+Changer,https://www.amazon.in/s?k=Tool+Changer,Tool Changer,P0,Humanoid; Arm; Mobile Manipulator,A humanoid database is incomplete without dexterous hands and manipulation hardware.,GAP-111
END-010,Underactuated Finger Mechanism,"Hands, Grippers & End Effectors",Robot hand/tool,Provides manipulation capability at the end of a robot arm.,Advanced,Passive / model dependent,1+,Underactuated Finger Mechanism,Robot arm/wrist; servo or motor control; power supply,Humanoid Robot; Robotic Arm; Mobile Robot,"Buying by appearance instead of checking dimensions, ratings and interface.","Verify datasheet ratings, polarity and safe mounting before powering the robot.",https://robu.in/?s=Underactuated+Finger+Mechanism&post_type=product,https://robocraze.com/search?q=Underactuated+Finger+Mechanism,https://www.amazon.in/s?k=Underactuated+Finger+Mechanism,Underactuated Finger Mechanism,P0,Humanoid; Arm; Mobile Manipulator,A humanoid database is incomplete without dexterous hands and manipulation hardware.,GAP-106
END-011,Vacuum Pump + Solenoid Valve,"Hands, Grippers & End Effectors",Robot hand/tool,Provides manipulation capability at the end of a robot arm.,Advanced,Passive / model dependent,1+,Vacuum Pump + Solenoid Valve,Robot arm/wrist; servo or motor control; power supply,Humanoid Robot; Robotic Arm; Mobile Robot,"Buying by appearance instead of checking dimensions, ratings and interface.","Verify datasheet ratings, polarity and safe mounting before powering the robot.",https://robu.in/?s=Vacuum+Pump+%2B+Solenoid+Valve&post_type=product,https://robocraze.com/search?q=Vacuum+Pump+%2B+Solenoid+Valve,https://www.amazon.in/s?k=Vacuum+Pump+%2B+Solenoid+Valve,Vacuum Pump + Solenoid Valve,P0,Humanoid; Arm; Mobile Manipulator,A humanoid database is incomplete without dexterous hands and manipulation hardware.,GAP-109
END-012,Wrist Force/Torque Adapter,"Hands, Grippers & End Effectors",Robot hand/tool,Measures forces and moments at a robot joint or end effector.,Advanced,Passive / model dependent,1+,Wrist Force/Torque Adapter,Robot arm/wrist; servo or motor control; power supply,Humanoid Robot; Robotic Arm; Mobile Robot,"Buying by appearance instead of checking dimensions, ratings and interface.","Verify datasheet ratings, polarity and safe mounting before powering the robot.",https://robu.in/?s=Wrist+Force%2FTorque+Adapter&post_type=product,https://robocraze.com/search?q=Wrist+Force%2FTorque+Adapter,https://www.amazon.in/s?k=Wrist+Force%2FTorque+Adapter,Wrist Force/Torque Adapter,P0,Humanoid; Arm; Mobile Manipulator,A humanoid database is incomplete without dexterous hands and manipulation hardware.,GAP-112
LEG-001,Carbon-Fiber Leg Tube,Legged & Animaloid Mechanics,Robot leg/body part,"Forms or improves a leg, paw, foot or compliant animal-like mechanism.",Advanced,Passive / model dependent,2–4+,Carbon-Fiber Leg Tube,Humanoid/quadruped actuators; bearings; structural links,Robot Dog; Hexapod Robot; Humanoid Robot,"Misalignment, poor fit or undersizing the mechanical load.","Verify datasheet ratings, polarity and safe mounting before powering the robot.",https://robu.in/?s=Carbon-Fiber+Leg+Tube&post_type=product,https://robocraze.com/search?q=Carbon-Fiber+Leg+Tube,https://www.amazon.in/s?k=Carbon-Fiber+Leg+Tube,Carbon-Fiber Leg Tube,P0,Quadruped; Hexapod; Humanoid; Animaloid,"These parts distinguish legged, animal-inspired robots from wheeled robots.",GAP-119
LEG-002,Compliant Foot Pad,Legged & Animaloid Mechanics,Robot leg/body part,"Forms or improves a leg, paw, foot or compliant animal-like mechanism.",Advanced,Passive / model dependent,2–4+,Compliant Foot Pad,Humanoid/quadruped actuators; bearings; structural links,Robot Dog; Hexapod Robot; Humanoid Robot,"Misalignment, poor fit or undersizing the mechanical load.","Verify datasheet ratings, polarity and safe mounting before powering the robot.",https://robu.in/?s=Compliant+Foot+Pad&post_type=product,https://robocraze.com/search?q=Compliant+Foot+Pad,https://www.amazon.in/s?k=Compliant+Foot+Pad,Compliant Foot Pad,P0,Quadruped; Hexapod; Humanoid; Animaloid,"These parts distinguish legged, animal-inspired robots from wheeled robots.",GAP-116
LEG-003,Foot Contact Switch,Legged & Animaloid Mechanics,Robot leg/body part,"Forms or improves a leg, paw, foot or compliant animal-like mechanism.",Advanced,Passive / model dependent,2–4+,Foot Contact Switch,Humanoid/quadruped actuators; bearings; structural links,Robot Dog; Hexapod Robot; Humanoid Robot,"Misalignment, poor fit or undersizing the mechanical load.","Verify datasheet ratings, polarity and safe mounting before powering the robot.",https://robu.in/?s=Foot+Contact+Switch&post_type=product,https://robocraze.com/search?q=Foot+Contact+Switch,https://www.amazon.in/s?k=Foot+Contact+Switch,Foot Contact Switch,P0,Quadruped; Hexapod; Humanoid; Animaloid,"These parts distinguish legged, animal-inspired robots from wheeled robots.",GAP-117
LEG-004,Gas Spring / Mechanical Damper,Legged & Animaloid Mechanics,Robot leg/body part,"Forms or improves a leg, paw, foot or compliant animal-like mechanism.",Advanced,Passive / model dependent,1+,Gas Spring / Mechanical Damper,Humanoid/quadruped actuators; bearings; structural links,Robot Dog; Hexapod Robot; Humanoid Robot,"Misalignment, poor fit or undersizing the mechanical load.","Verify datasheet ratings, polarity and safe mounting before powering the robot.",https://robu.in/?s=Gas+Spring+%2F+Mechanical+Damper&post_type=product,https://robocraze.com/search?q=Gas+Spring+%2F+Mechanical+Damper,https://www.amazon.in/s?k=Gas+Spring+%2F+Mechanical+Damper,Gas Spring / Mechanical Damper,P0,Quadruped; Hexapod; Humanoid; Animaloid,"These parts distinguish legged, animal-inspired robots from wheeled robots.",GAP-123
LEG-005,Hip Abduction Joint,Legged & Animaloid Mechanics,Robot leg/body part,"Forms or improves a leg, paw, foot or compliant animal-like mechanism.",Advanced,Passive / model dependent,2–4+,Hip Abduction Joint,Humanoid/quadruped actuators; bearings; structural links,Robot Dog; Hexapod Robot; Humanoid Robot,"Misalignment, poor fit or undersizing the mechanical load.",Pinch/crush hazard; test at low current/speed and use an emergency stop on larger robots.,https://robu.in/?s=Hip+Abduction+Joint&post_type=product,https://robocraze.com/search?q=Hip+Abduction+Joint,https://www.amazon.in/s?k=Hip+Abduction+Joint,Hip Abduction Joint,P0,Quadruped; Hexapod; Humanoid; Animaloid,"These parts distinguish legged, animal-inspired robots from wheeled robots.",GAP-120
LEG-006,Leg Linkage Set,Legged & Animaloid Mechanics,Robot leg/body part,"Forms or improves a leg, paw, foot or compliant animal-like mechanism.",Advanced,Passive / model dependent,2–4+,Leg Linkage Set,Humanoid/quadruped actuators; bearings; structural links,Robot Dog; Hexapod Robot; Humanoid Robot,"Misalignment, poor fit or undersizing the mechanical load.","Verify datasheet ratings, polarity and safe mounting before powering the robot.",https://robu.in/?s=Leg+Linkage+Set&post_type=product,https://robocraze.com/search?q=Leg+Linkage+Set,https://www.amazon.in/s?k=Leg+Linkage+Set,Leg Linkage Set,P0,Quadruped; Hexapod; Humanoid; Animaloid,"These parts distinguish legged, animal-inspired robots from wheeled robots.",GAP-118
LEG-007,Quadruped Hip Joint Bracket,Legged & Animaloid Mechanics,Robot leg/body part,"Forms or improves a leg, paw, foot or compliant animal-like mechanism.",Advanced,Passive / model dependent,2–4+,Quadruped Hip Joint Bracket,Humanoid/quadruped actuators; bearings; structural links,Robot Dog; Hexapod Robot; Humanoid Robot,"Misalignment, poor fit or undersizing the mechanical load.",Pinch/crush hazard; test at low current/speed and use an emergency stop on larger robots.,https://robu.in/?s=Quadruped+Hip+Joint+Bracket&post_type=product,https://robocraze.com/search?q=Quadruped+Hip+Joint+Bracket,https://www.amazon.in/s?k=Quadruped+Hip+Joint+Bracket,Quadruped Hip Joint Bracket,P0,Quadruped; Hexapod; Humanoid; Animaloid,"These parts distinguish legged, animal-inspired robots from wheeled robots.",GAP-113
LEG-008,Quadruped Knee Joint Bracket,Legged & Animaloid Mechanics,Robot leg/body part,"Forms or improves a leg, paw, foot or compliant animal-like mechanism.",Advanced,Passive / model dependent,2–4+,Quadruped Knee Joint Bracket,Humanoid/quadruped actuators; bearings; structural links,Robot Dog; Hexapod Robot; Humanoid Robot,"Misalignment, poor fit or undersizing the mechanical load.",Pinch/crush hazard; test at low current/speed and use an emergency stop on larger robots.,https://robu.in/?s=Quadruped+Knee+Joint+Bracket&post_type=product,https://robocraze.com/search?q=Quadruped+Knee+Joint+Bracket,https://www.amazon.in/s?k=Quadruped+Knee+Joint+Bracket,Quadruped Knee Joint Bracket,P0,Quadruped; Hexapod; Humanoid; Animaloid,"These parts distinguish legged, animal-inspired robots from wheeled robots.",GAP-114
LEG-009,Robot Foot / Paw,Legged & Animaloid Mechanics,Robot leg/body part,"Forms or improves a leg, paw, foot or compliant animal-like mechanism.",Advanced,Passive / model dependent,2–4+,Robot Foot / Paw,Humanoid/quadruped actuators; bearings; structural links,Robot Dog; Hexapod Robot; Humanoid Robot,"Misalignment, poor fit or undersizing the mechanical load.","Verify datasheet ratings, polarity and safe mounting before powering the robot.",https://robu.in/?s=Robot+Foot+%2F+Paw&post_type=product,https://robocraze.com/search?q=Robot+Foot+%2F+Paw,https://www.amazon.in/s?k=Robot+Foot+%2F+Paw,Robot Foot / Paw,P0,Quadruped; Hexapod; Humanoid; Animaloid,"These parts distinguish legged, animal-inspired robots from wheeled robots.",GAP-115
LEG-010,Series Elastic Element,Legged & Animaloid Mechanics,Robot leg/body part,"Forms or improves a leg, paw, foot or compliant animal-like mechanism.",Advanced,Passive / model dependent,1+,Series Elastic Element,Humanoid/quadruped actuators; bearings; structural links,Robot Dog; Hexapod Robot; Humanoid Robot,"Misalignment, poor fit or undersizing the mechanical load.","Verify datasheet ratings, polarity and safe mounting before powering the robot.",https://robu.in/?s=Series+Elastic+Element&post_type=product,https://robocraze.com/search?q=Series+Elastic+Element,https://www.amazon.in/s?k=Series+Elastic+Element,Series Elastic Element,P0,Quadruped; Hexapod; Humanoid; Animaloid,"These parts distinguish legged, animal-inspired robots from wheeled robots.",GAP-121
LEG-011,Shock Absorber,Legged & Animaloid Mechanics,Robot leg/body part,"Forms or improves a leg, paw, foot or compliant animal-like mechanism.",Advanced,Passive / model dependent,1+,Shock Absorber,Humanoid/quadruped actuators; bearings; structural links,Robot Dog; Hexapod Robot; Humanoid Robot,"Misalignment, poor fit or undersizing the mechanical load.","Verify datasheet ratings, polarity and safe mounting before powering the robot.",https://robu.in/?s=Shock+Absorber&post_type=product,https://robocraze.com/search?q=Shock+Absorber,https://www.amazon.in/s?k=Shock+Absorber,Shock Absorber,P0,Quadruped; Hexapod; Humanoid; Animaloid,"These parts distinguish legged, animal-inspired robots from wheeled robots.",GAP-124
LEG-012,Tail Mechanism / Balance Tail,Legged & Animaloid Mechanics,Robot leg/body part,"Forms or improves a leg, paw, foot or compliant animal-like mechanism.",Advanced,Passive / model dependent,1+,Tail Mechanism / Balance Tail,Humanoid/quadruped actuators; bearings; structural links,Robot Dog; Hexapod Robot; Humanoid Robot,"Misalignment, poor fit or undersizing the mechanical load.","Verify datasheet ratings, polarity and safe mounting before powering the robot.",https://robu.in/?s=Tail+Mechanism+%2F+Balance+Tail&post_type=product,https://robocraze.com/search?q=Tail+Mechanism+%2F+Balance+Tail,https://www.amazon.in/s?k=Tail+Mechanism+%2F+Balance+Tail,Tail Mechanism / Balance Tail,P0,Quadruped; Hexapod; Humanoid; Animaloid,"These parts distinguish legged, animal-inspired robots from wheeled robots.",GAP-125
LEG-013,Torsion Spring,Legged & Animaloid Mechanics,Robot leg/body part,"Forms or improves a leg, paw, foot or compliant animal-like mechanism.",Advanced,Passive / model dependent,1+,Torsion Spring,Humanoid/quadruped actuators; bearings; structural links,Robot Dog; Hexapod Robot; Humanoid Robot,"Misalignment, poor fit or undersizing the mechanical load.","Verify datasheet ratings, polarity and safe mounting before powering the robot.",https://robu.in/?s=Torsion+Spring&post_type=product,https://robocraze.com/search?q=Torsion+Spring,https://www.amazon.in/s?k=Torsion+Spring,Torsion Spring,P0,Quadruped; Hexapod; Humanoid; Animaloid,"These parts distinguish legged, animal-inspired robots from wheeled robots.",GAP-122
DRV-004,BTS7960 High-Current Motor Driver,Motor & Servo Drivers,Motor power controller,"Controls motor direction, speed and current from a controller.",Intermediate,Varies by model; verify rated voltage,1+,BTS7960 High-Current Motor Driver,MCU/SBC; compatible motor; battery/power supply,Humanoid Robot; Robot Dog; Robotic Arm,"Ignoring current, voltage or stall-load ratings.",Pinch/crush hazard; test at low current/speed and use an emergency stop on larger robots.,https://robu.in/?s=BTS7960+High-Current+Motor+Driver&post_type=product,https://robocraze.com/search?q=BTS7960+High-Current+Motor+Driver,https://www.amazon.in/s?k=BTS7960+High-Current+Motor+Driver,BTS7960 High-Current Motor Driver,P0,Humanoid; Quadruped; Arm; Mobile; CNC-like Robot,Your current drivers are low-power H-bridge devices and cannot cover modern high-current joints or multi-servo systems.,GAP-033
DRV-005,CAN Servo Motor Controller,Motor & Servo Drivers,Motor power controller,Provides electronic control for motors or robot subsystems.,Intermediate,Varies by model; verify rated voltage,1+,CAN Servo Motor Controller,MCU/SBC; compatible motor; battery/power supply,Humanoid Robot; Robot Dog; Robotic Arm,"Ignoring current, voltage or stall-load ratings.",Pinch/crush hazard; test at low current/speed and use an emergency stop on larger robots.,https://robu.in/?s=CAN+Servo+Motor+Controller&post_type=product,https://robocraze.com/search?q=CAN+Servo+Motor+Controller,https://www.amazon.in/s?k=CAN+Servo+Motor+Controller,CAN Servo Motor Controller,P0,Humanoid; Quadruped; Arm; Mobile; CNC-like Robot,Your current drivers are low-power H-bridge devices and cannot cover modern high-current joints or multi-servo systems.,GAP-044
DRV-006,Cytron MD10C / MD30C Driver,Motor & Servo Drivers,Motor power controller,Interfaces the robot controller to motors or servos safely.,Intermediate,Varies by model; verify rated voltage,1+,Cytron MD10C / MD30C Driver,MCU/SBC; compatible motor; battery/power supply,Humanoid Robot; Robot Dog; Robotic Arm,"Ignoring current, voltage or stall-load ratings.","Verify datasheet ratings, polarity and safe mounting before powering the robot.",https://robu.in/?s=Cytron+MD10C+%2F+MD30C+Driver&post_type=product,https://robocraze.com/search?q=Cytron+MD10C+%2F+MD30C+Driver,https://www.amazon.in/s?k=Cytron+MD10C+%2F+MD30C+Driver,Cytron MD10C / MD30C Driver,P0,Humanoid; Quadruped; Arm; Mobile; CNC-like Robot,Your current drivers are low-power H-bridge devices and cannot cover modern high-current joints or multi-servo systems.,GAP-034
DRV-007,DYNAMIXEL U2D2 / Smart Servo Interface,Motor & Servo Drivers,Motor power controller,Interfaces the robot controller to motors or servos safely.,Intermediate,Varies by model; verify rated voltage,1+,DYNAMIXEL U2D2 / Smart Servo Interface,MCU/SBC; compatible motor; battery/power supply,Humanoid Robot; Robot Dog; Robotic Arm,"Ignoring current, voltage or stall-load ratings.",Pinch/crush hazard; test at low current/speed and use an emergency stop on larger robots.,https://robu.in/?s=DYNAMIXEL+U2D2+%2F+Smart+Servo+Interface&post_type=product,https://robocraze.com/search?q=DYNAMIXEL+U2D2+%2F+Smart+Servo+Interface,https://www.amazon.in/s?k=DYNAMIXEL+U2D2+%2F+Smart+Servo+Interface,DYNAMIXEL U2D2 / Smart Servo Interface,P0,Humanoid; Quadruped; Arm; Mobile; CNC-like Robot,Your current drivers are low-power H-bridge devices and cannot cover modern high-current joints or multi-servo systems.,GAP-043
DRV-008,FOC Motor Driver,Motor & Servo Drivers,Motor power controller,"Controls motor direction, speed and current from a controller.",Intermediate,Varies by model; verify rated voltage,1+,FOC Motor Driver,MCU/SBC; compatible motor; battery/power supply,Humanoid Robot; Robot Dog; Robotic Arm,"Ignoring current, voltage or stall-load ratings.",Pinch/crush hazard; test at low current/speed and use an emergency stop on larger robots.,https://robu.in/?s=FOC+Motor+Driver&post_type=product,https://robocraze.com/search?q=FOC+Motor+Driver,https://www.amazon.in/s?k=FOC+Motor+Driver,FOC Motor Driver,P0,Humanoid; Quadruped; Arm; Mobile; CNC-like Robot,Your current drivers are low-power H-bridge devices and cannot cover modern high-current joints or multi-servo systems.,GAP-038
DRV-009,ODrive BLDC Controller,Motor & Servo Drivers,Motor power controller,Provides electronic control for motors or robot subsystems.,Intermediate,Varies by model; verify rated voltage,1+,ODrive BLDC Controller,MCU/SBC; compatible motor; battery/power supply,Humanoid Robot; Robot Dog; Robotic Arm,"Buying by appearance instead of checking dimensions, ratings and interface.","Verify datasheet ratings, polarity and safe mounting before powering the robot.",https://robu.in/?s=ODrive+BLDC+Controller&post_type=product,https://robocraze.com/search?q=ODrive+BLDC+Controller,https://www.amazon.in/s?k=ODrive+BLDC+Controller,ODrive BLDC Controller,P0,Humanoid; Quadruped; Arm; Mobile; CNC-like Robot,Your current drivers are low-power H-bridge devices and cannot cover modern high-current joints or multi-servo systems.,GAP-036
DRV-010,PCA9685 16-Channel Servo Driver,Motor & Servo Drivers,Motor power controller,Interfaces the robot controller to motors or servos safely.,Intermediate,Varies by model; verify rated voltage,1+,PCA9685 16-Channel Servo Driver,MCU/SBC; compatible motor; battery/power supply,Humanoid Robot; Robot Dog; Robotic Arm,"Ignoring current, voltage or stall-load ratings.",Pinch/crush hazard; test at low current/speed and use an emergency stop on larger robots.,https://robu.in/?s=PCA9685+16-Channel+Servo+Driver&post_type=product,https://robocraze.com/search?q=PCA9685+16-Channel+Servo+Driver,https://www.amazon.in/s?k=PCA9685+16-Channel+Servo+Driver,PCA9685 16-Channel Servo Driver,P0,Humanoid; Quadruped; Arm; Mobile; CNC-like Robot,Your current drivers are low-power H-bridge devices and cannot cover modern high-current joints or multi-servo systems.,GAP-042
DRV-011,Stepper Driver A4988,Motor & Servo Drivers,Motor power controller,Interfaces the robot controller to motors or servos safely.,Intermediate,Varies by model; verify rated voltage,1+,Stepper Driver A4988,MCU/SBC; compatible motor; battery/power supply,Humanoid Robot; Robot Dog; Robotic Arm,"Ignoring current, voltage or stall-load ratings.","Verify datasheet ratings, polarity and safe mounting before powering the robot.",https://robu.in/?s=Stepper+Driver+A4988&post_type=product,https://robocraze.com/search?q=Stepper+Driver+A4988,https://www.amazon.in/s?k=Stepper+Driver+A4988,Stepper Driver A4988,P0,Humanoid; Quadruped; Arm; Mobile; CNC-like Robot,Your current drivers are low-power H-bridge devices and cannot cover modern high-current joints or multi-servo systems.,GAP-039
DRV-012,Stepper Driver DRV8825,Motor & Servo Drivers,Motor power controller,Interfaces the robot controller to motors or servos safely.,Intermediate,Varies by model; verify rated voltage,1+,Stepper Driver DRV8825,MCU/SBC; compatible motor; battery/power supply,Humanoid Robot; Robot Dog; Robotic Arm,"Ignoring current, voltage or stall-load ratings.","Verify datasheet ratings, polarity and safe mounting before powering the robot.",https://robu.in/?s=Stepper+Driver+DRV8825&post_type=product,https://robocraze.com/search?q=Stepper+Driver+DRV8825,https://www.amazon.in/s?k=Stepper+Driver+DRV8825,Stepper Driver DRV8825,P0,Humanoid; Quadruped; Arm; Mobile; CNC-like Robot,Your current drivers are low-power H-bridge devices and cannot cover modern high-current joints or multi-servo systems.,GAP-040
DRV-013,TMC2209 Silent Stepper Driver,Motor & Servo Drivers,Motor power controller,Interfaces the robot controller to motors or servos safely.,Intermediate,Varies by model; verify rated voltage,1+,TMC2209 Silent Stepper Driver,MCU/SBC; compatible motor; battery/power supply,Humanoid Robot; Robot Dog; Robotic Arm,"Ignoring current, voltage or stall-load ratings.","Verify datasheet ratings, polarity and safe mounting before powering the robot.",https://robu.in/?s=TMC2209+Silent+Stepper+Driver&post_type=product,https://robocraze.com/search?q=TMC2209+Silent+Stepper+Driver,https://www.amazon.in/s?k=TMC2209+Silent+Stepper+Driver,TMC2209 Silent Stepper Driver,P0,Humanoid; Quadruped; Arm; Mobile; CNC-like Robot,Your current drivers are low-power H-bridge devices and cannot cover modern high-current joints or multi-servo systems.,GAP-041
DRV-014,VESC Motor Controller,Motor & Servo Drivers,Motor power controller,Provides electronic control for motors or robot subsystems.,Intermediate,Varies by model; verify rated voltage,1+,VESC Motor Controller,MCU/SBC; compatible motor; battery/power supply,Humanoid Robot; Robot Dog; Robotic Arm,"Ignoring current, voltage or stall-load ratings.",Pinch/crush hazard; test at low current/speed and use an emergency stop on larger robots.,https://robu.in/?s=VESC+Motor+Controller&post_type=product,https://robocraze.com/search?q=VESC+Motor+Controller,https://www.amazon.in/s?k=VESC+Motor+Controller,VESC Motor Controller,P0,Humanoid; Quadruped; Arm; Mobile; CNC-like Robot,Your current drivers are low-power H-bridge devices and cannot cover modern high-current joints or multi-servo systems.,GAP-037
DRV-015,VNH5019 Motor Driver,Motor & Servo Drivers,Motor power controller,"Controls motor direction, speed and current from a controller.",Intermediate,Varies by model; verify rated voltage,1+,VNH5019 Motor Driver,MCU/SBC; compatible motor; battery/power supply,Humanoid Robot; Robot Dog; Robotic Arm,"Ignoring current, voltage or stall-load ratings.",Pinch/crush hazard; test at low current/speed and use an emergency stop on larger robots.,https://robu.in/?s=VNH5019+Motor+Driver&post_type=product,https://robocraze.com/search?q=VNH5019+Motor+Driver,https://www.amazon.in/s?k=VNH5019+Motor+Driver,VNH5019 Motor Driver,P0,Humanoid; Quadruped; Arm; Mobile; CNC-like Robot,Your current drivers are low-power H-bridge devices and cannot cover modern high-current joints or multi-servo systems.,GAP-035
ENC-001,AS5048A / AS5047 Magnetic Encoder,"Position, Motion & Joint Feedback",Joint position checker,Measures shaft or joint position for closed-loop robot control.,Intermediate,3.3–5V logic; verify model,1+,AS5048A / AS5047 Magnetic Encoder,MCU/robot controller; rotating or linear joints,Humanoid Robot; Robot Dog; Robotic Arm,"Using the wrong logic voltage, interface or wiring.","Verify datasheet ratings, polarity and safe mounting before powering the robot.",https://robu.in/?s=AS5048A+%2F+AS5047+Magnetic+Encoder&post_type=product,https://robocraze.com/search?q=AS5048A+%2F+AS5047+Magnetic+Encoder,https://www.amazon.in/s?k=AS5048A+%2F+AS5047+Magnetic+Encoder,AS5048A / AS5047 Magnetic Encoder,P0,Humanoid; Quadruped; Arm; Mobile,Closed-loop joint control requires position feedback; one MPU6050 IMU is not enough.,GAP-046
ENC-002,AS5600 Magnetic Encoder,"Position, Motion & Joint Feedback",Joint position checker,Measures shaft or joint position for closed-loop robot control.,Intermediate,3.3–5V logic; verify model,1+,AS5600 Magnetic Encoder,MCU/robot controller; rotating or linear joints,Humanoid Robot; Robot Dog; Robotic Arm,"Using the wrong logic voltage, interface or wiring.","Verify datasheet ratings, polarity and safe mounting before powering the robot.",https://robu.in/?s=AS5600+Magnetic+Encoder&post_type=product,https://robocraze.com/search?q=AS5600+Magnetic+Encoder,https://www.amazon.in/s?k=AS5600+Magnetic+Encoder,AS5600 Magnetic Encoder,P0,Humanoid; Quadruped; Arm; Mobile,Closed-loop joint control requires position feedback; one MPU6050 IMU is not enough.,GAP-045
ENC-003,Absolute Rotary Encoder,"Position, Motion & Joint Feedback",Joint position checker,Measures shaft or joint position for closed-loop robot control.,Intermediate,3.3–5V logic; verify model,1+,Absolute Rotary Encoder,MCU/robot controller; rotating or linear joints,Humanoid Robot; Robot Dog; Robotic Arm,"Using the wrong logic voltage, interface or wiring.","Verify datasheet ratings, polarity and safe mounting before powering the robot.",https://robu.in/?s=Absolute+Rotary+Encoder&post_type=product,https://robocraze.com/search?q=Absolute+Rotary+Encoder,https://www.amazon.in/s?k=Absolute+Rotary+Encoder,Absolute Rotary Encoder,P0,Humanoid; Quadruped; Arm; Mobile,Closed-loop joint control requires position feedback; one MPU6050 IMU is not enough.,GAP-048
ENC-004,Endstop / Microswitch,"Position, Motion & Joint Feedback",Joint position checker,Measures motion or position for closed-loop control.,Intermediate,Passive / model dependent,1+,Endstop / Microswitch,MCU/robot controller; rotating or linear joints,Humanoid Robot; Robot Dog; Robotic Arm,"Buying by appearance instead of checking dimensions, ratings and interface.","Verify datasheet ratings, polarity and safe mounting before powering the robot.",https://robu.in/?s=Endstop+%2F+Microswitch&post_type=product,https://robocraze.com/search?q=Endstop+%2F+Microswitch,https://www.amazon.in/s?k=Endstop+%2F+Microswitch,Endstop / Microswitch,P0,Humanoid; Quadruped; Arm; Mobile,Closed-loop joint control requires position feedback; one MPU6050 IMU is not enough.,GAP-054
ENC-005,Hall Effect Position Sensor,"Position, Motion & Joint Feedback",Joint position checker,Measures motion or position for closed-loop control.,Intermediate,3.3–5V logic; verify model,1+,Hall Effect Position Sensor,MCU/robot controller; rotating or linear joints,Humanoid Robot; Robot Dog; Robotic Arm,"Using the wrong logic voltage, interface or wiring.","Verify datasheet ratings, polarity and safe mounting before powering the robot.",https://robu.in/?s=Hall+Effect+Position+Sensor&post_type=product,https://robocraze.com/search?q=Hall+Effect+Position+Sensor,https://www.amazon.in/s?k=Hall+Effect+Position+Sensor,Hall Effect Position Sensor,P0,Humanoid; Quadruped; Arm; Mobile,Closed-loop joint control requires position feedback; one MPU6050 IMU is not enough.,GAP-050
ENC-006,Incremental Quadrature Encoder,"Position, Motion & Joint Feedback",Joint position checker,Measures shaft or joint position for closed-loop robot control.,Intermediate,3.3–5V logic; verify model,1+,Incremental Quadrature Encoder,MCU/robot controller; rotating or linear joints,Humanoid Robot; Robot Dog; Robotic Arm,"Using the wrong logic voltage, interface or wiring.","Verify datasheet ratings, polarity and safe mounting before powering the robot.",https://robu.in/?s=Incremental+Quadrature+Encoder&post_type=product,https://robocraze.com/search?q=Incremental+Quadrature+Encoder,https://www.amazon.in/s?k=Incremental+Quadrature+Encoder,Incremental Quadrature Encoder,P0,Humanoid; Quadruped; Arm; Mobile,Closed-loop joint control requires position feedback; one MPU6050 IMU is not enough.,GAP-047
ENC-007,Joint Limit Switch,"Position, Motion & Joint Feedback",Joint position checker,Measures motion or position for closed-loop control.,Intermediate,Passive / model dependent,1+,Joint Limit Switch,MCU/robot controller; rotating or linear joints,Humanoid Robot; Robot Dog; Robotic Arm,"Buying by appearance instead of checking dimensions, ratings and interface.",Pinch/crush hazard; test at low current/speed and use an emergency stop on larger robots.,https://robu.in/?s=Joint+Limit+Switch&post_type=product,https://robocraze.com/search?q=Joint+Limit+Switch,https://www.amazon.in/s?k=Joint+Limit+Switch,Joint Limit Switch,P0,Humanoid; Quadruped; Arm; Mobile,Closed-loop joint control requires position feedback; one MPU6050 IMU is not enough.,GAP-053
ENC-008,Linear Encoder,"Position, Motion & Joint Feedback",Joint position checker,Measures shaft or joint position for closed-loop robot control.,Intermediate,3.3–5V logic; verify model,1+,Linear Encoder,MCU/robot controller; rotating or linear joints,Humanoid Robot; Robot Dog; Robotic Arm,"Using the wrong logic voltage, interface or wiring.","Verify datasheet ratings, polarity and safe mounting before powering the robot.",https://robu.in/?s=Linear+Encoder&post_type=product,https://robocraze.com/search?q=Linear+Encoder,https://www.amazon.in/s?k=Linear+Encoder,Linear Encoder,P0,Humanoid; Quadruped; Arm; Mobile,Closed-loop joint control requires position feedback; one MPU6050 IMU is not enough.,GAP-051
ENC-009,Optical Encoder,"Position, Motion & Joint Feedback",Joint position checker,Measures shaft or joint position for closed-loop robot control.,Intermediate,3.3–5V logic; verify model,1+,Optical Encoder,MCU/robot controller; rotating or linear joints,Humanoid Robot; Robot Dog; Robotic Arm,"Using the wrong logic voltage, interface or wiring.","Verify datasheet ratings, polarity and safe mounting before powering the robot.",https://robu.in/?s=Optical+Encoder&post_type=product,https://robocraze.com/search?q=Optical+Encoder,https://www.amazon.in/s?k=Optical+Encoder,Optical Encoder,P0,Humanoid; Quadruped; Arm; Mobile,Closed-loop joint control requires position feedback; one MPU6050 IMU is not enough.,GAP-049
ENC-010,String Potentiometer / Draw-Wire Sensor,"Position, Motion & Joint Feedback",Joint position checker,Measures motion or position for closed-loop control.,Intermediate,3.3–5V logic; verify model,1+,String Potentiometer / Draw-Wire Sensor,MCU/robot controller; rotating or linear joints,Humanoid Robot; Robot Dog; Robotic Arm,"Using the wrong logic voltage, interface or wiring.","Verify datasheet ratings, polarity and safe mounting before powering the robot.",https://robu.in/?s=String+Potentiometer+%2F+Draw-Wire+Sensor&post_type=product,https://robocraze.com/search?q=String+Potentiometer+%2F+Draw-Wire+Sensor,https://www.amazon.in/s?k=String+Potentiometer+%2F+Draw-Wire+Sensor,String Potentiometer / Draw-Wire Sensor,P0,Humanoid; Quadruped; Arm; Mobile,Closed-loop joint control requires position feedback; one MPU6050 IMU is not enough.,GAP-052
PWR-004,2S LiPo Battery,"Power, Battery & Protection",Robot power part,Stores electrical energy for mobile robot operation.,Intermediate,7.4V nominal LiPo,1+,2S LiPo Battery,Battery/power supply; motor drivers; compute; wiring harness,Humanoid Robot; Robot Dog; Drone,"Using the wrong charger, cell count or polarity.","Use correct charger/BMS; prevent shorts, puncture, overheating and over-discharge.",https://robu.in/?s=2S+LiPo+Battery&post_type=product,https://robocraze.com/search?q=2S+LiPo+Battery,https://www.amazon.in/s?k=2S+LiPo+Battery,2S LiPo Battery,P0,Humanoid; Quadruped; Drone; AMR; Arm,"Real robots need rechargeable packs, BMS, charging, monitoring and protection; AA holders/power banks are insufficient.",GAP-156
PWR-005,3S LiPo Battery,"Power, Battery & Protection",Robot power part,Stores electrical energy for mobile robot operation.,Intermediate,11.1V nominal LiPo,1+,3S LiPo Battery,Battery/power supply; motor drivers; compute; wiring harness,Humanoid Robot; Robot Dog; Drone,"Using the wrong charger, cell count or polarity.","Use correct charger/BMS; prevent shorts, puncture, overheating and over-discharge.",https://robu.in/?s=3S+LiPo+Battery&post_type=product,https://robocraze.com/search?q=3S+LiPo+Battery,https://www.amazon.in/s?k=3S+LiPo+Battery,3S LiPo Battery,P0,Humanoid; Quadruped; Drone; AMR; Arm,"Real robots need rechargeable packs, BMS, charging, monitoring and protection; AA holders/power banks are insufficient.",GAP-157
PWR-006,4S LiPo Battery,"Power, Battery & Protection",Robot power part,Stores electrical energy for mobile robot operation.,Intermediate,14.8V nominal LiPo,1+,4S LiPo Battery,Battery/power supply; motor drivers; compute; wiring harness,Humanoid Robot; Robot Dog; Drone,"Using the wrong charger, cell count or polarity.","Use correct charger/BMS; prevent shorts, puncture, overheating and over-discharge.",https://robu.in/?s=4S+LiPo+Battery&post_type=product,https://robocraze.com/search?q=4S+LiPo+Battery,https://www.amazon.in/s?k=4S+LiPo+Battery,4S LiPo Battery,P0,Humanoid; Quadruped; Drone; AMR; Arm,"Real robots need rechargeable packs, BMS, charging, monitoring and protection; AA holders/power banks are insufficient.",GAP-158
PWR-007,5V/12V/24V Power Supply,"Power, Battery & Protection",Robot power part,"Supplies, distributes, monitors or protects robot electrical power.",Intermediate,12V,1+,5V/12V/24V Power Supply,Battery/power supply; motor drivers; compute; wiring harness,Humanoid Robot; Robot Dog; Drone,"Buying by appearance instead of checking dimensions, ratings and interface.","Verify datasheet ratings, polarity and safe mounting before powering the robot.",https://robu.in/?s=5V%2F12V%2F24V+Power+Supply&post_type=product,https://robocraze.com/search?q=5V%2F12V%2F24V+Power+Supply,https://www.amazon.in/s?k=5V%2F12V%2F24V+Power+Supply,5V/12V/24V Power Supply,P0,Humanoid; Quadruped; Drone; AMR; Arm,"Real robots need rechargeable packs, BMS, charging, monitoring and protection; AA holders/power banks are insufficient.",GAP-177
PWR-008,6S LiPo Battery,"Power, Battery & Protection",Robot power part,Stores electrical energy for mobile robot operation.,Intermediate,22.2V nominal LiPo,1+,6S LiPo Battery,Battery/power supply; motor drivers; compute; wiring harness,Humanoid Robot; Robot Dog; Drone,"Using the wrong charger, cell count or polarity.","Use correct charger/BMS; prevent shorts, puncture, overheating and over-discharge.",https://robu.in/?s=6S+LiPo+Battery&post_type=product,https://robocraze.com/search?q=6S+LiPo+Battery,https://www.amazon.in/s?k=6S+LiPo+Battery,6S LiPo Battery,P0,Humanoid; Quadruped; Drone; AMR; Arm,"Real robots need rechargeable packs, BMS, charging, monitoring and protection; AA holders/power banks are insufficient.",GAP-159
PWR-009,Anti-Spark Switch,"Power, Battery & Protection",Robot power part,"Supplies, distributes, monitors or protects robot electrical power.",Intermediate,System dependent; verify rating,1+,Anti-Spark Switch,Battery/power supply; motor drivers; compute; wiring harness,Humanoid Robot; Robot Dog; Drone,"Buying by appearance instead of checking dimensions, ratings and interface.","Verify datasheet ratings, polarity and safe mounting before powering the robot.",https://robu.in/?s=Anti-Spark+Switch&post_type=product,https://robocraze.com/search?q=Anti-Spark+Switch,https://www.amazon.in/s?k=Anti-Spark+Switch,Anti-Spark Switch,P0,Humanoid; Quadruped; Drone; AMR; Arm,"Real robots need rechargeable packs, BMS, charging, monitoring and protection; AA holders/power banks are insufficient.",GAP-173
PWR-010,Battery Management System (BMS),"Power, Battery & Protection",Robot power part,Stores electrical energy for mobile robot operation.,Intermediate,System dependent; verify rating,1+,Battery Management System (BMS),Battery/power supply; motor drivers; compute; wiring harness,Humanoid Robot; Robot Dog; Drone,"Using the wrong charger, cell count or polarity.","Use correct charger/BMS; prevent shorts, puncture, overheating and over-discharge.",https://robu.in/?s=Battery+Management+System+%28BMS%29&post_type=product,https://robocraze.com/search?q=Battery+Management+System+%28BMS%29,https://www.amazon.in/s?k=Battery+Management+System+%28BMS%29,Battery Management System (BMS),P0,Humanoid; Quadruped; Drone; AMR; Arm,"Real robots need rechargeable packs, BMS, charging, monitoring and protection; AA holders/power banks are insufficient.",GAP-163
PWR-011,Battery Voltage/Current Monitor,"Power, Battery & Protection",Robot power part,Stores electrical energy for mobile robot operation.,Intermediate,System dependent; verify rating,1+,Battery Voltage/Current Monitor,Battery/power supply; motor drivers; compute; wiring harness,Humanoid Robot; Robot Dog; Drone,"Using the wrong charger, cell count or polarity.","Use correct charger/BMS; prevent shorts, puncture, overheating and over-discharge.",https://robu.in/?s=Battery+Voltage%2FCurrent+Monitor&post_type=product,https://robocraze.com/search?q=Battery+Voltage%2FCurrent+Monitor,https://www.amazon.in/s?k=Battery+Voltage%2FCurrent+Monitor,Battery Voltage/Current Monitor,P0,Humanoid; Quadruped; Drone; AMR; Arm,"Real robots need rechargeable packs, BMS, charging, monitoring and protection; AA holders/power banks are insufficient.",GAP-166
PWR-012,DC-DC Buck-Boost Converter,"Power, Battery & Protection",Robot power part,"Supplies, distributes, monitors or protects robot electrical power.",Intermediate,System dependent; verify rating,1+,DC-DC Buck-Boost Converter,Battery/power supply; motor drivers; compute; wiring harness,Humanoid Robot; Robot Dog; Drone,"Buying by appearance instead of checking dimensions, ratings and interface.","Verify datasheet ratings, polarity and safe mounting before powering the robot.",https://robu.in/?s=DC-DC+Buck-Boost+Converter&post_type=product,https://robocraze.com/search?q=DC-DC+Buck-Boost+Converter,https://www.amazon.in/s?k=DC-DC+Buck-Boost+Converter,DC-DC Buck-Boost Converter,P0,Humanoid; Quadruped; Drone; AMR; Arm,"Real robots need rechargeable packs, BMS, charging, monitoring and protection; AA holders/power banks are insufficient.",GAP-175
PWR-013,Emergency Stop Switch,"Power, Battery & Protection",Robot power part,Provides a fast hardware method to cut or inhibit robot motion.,Intermediate,System dependent; verify rating,1+,Emergency Stop Switch,Battery/power supply; motor drivers; compute; wiring harness,Humanoid Robot; Robot Dog; Drone,"Buying by appearance instead of checking dimensions, ratings and interface.","Verify datasheet ratings, polarity and safe mounting before powering the robot.",https://robu.in/?s=Emergency+Stop+Switch&post_type=product,https://robocraze.com/search?q=Emergency+Stop+Switch,https://www.amazon.in/s?k=Emergency+Stop+Switch,Emergency Stop Switch,P0,Humanoid; Quadruped; Drone; AMR; Arm,"Real robots need rechargeable packs, BMS, charging, monitoring and protection; AA holders/power banks are insufficient.",GAP-171
PWR-014,High-Current Buck Converter,"Power, Battery & Protection",Robot power part,"Supplies, distributes, monitors or protects robot electrical power.",Intermediate,System dependent; verify rating,1+,High-Current Buck Converter,Battery/power supply; motor drivers; compute; wiring harness,Humanoid Robot; Robot Dog; Drone,"Buying by appearance instead of checking dimensions, ratings and interface.","Verify datasheet ratings, polarity and safe mounting before powering the robot.",https://robu.in/?s=High-Current+Buck+Converter&post_type=product,https://robocraze.com/search?q=High-Current+Buck+Converter,https://www.amazon.in/s?k=High-Current+Buck+Converter,High-Current Buck Converter,P0,Humanoid; Quadruped; Drone; AMR; Arm,"Real robots need rechargeable packs, BMS, charging, monitoring and protection; AA holders/power banks are insufficient.",GAP-176
PWR-015,High-Current Fuse,"Power, Battery & Protection",Robot power part,"Supplies, distributes, monitors or protects robot electrical power.",Intermediate,System dependent; verify rating,1+,High-Current Fuse,Battery/power supply; motor drivers; compute; wiring harness,Humanoid Robot; Robot Dog; Drone,"Buying by appearance instead of checking dimensions, ratings and interface.","Verify datasheet ratings, polarity and safe mounting before powering the robot.",https://robu.in/?s=High-Current+Fuse&post_type=product,https://robocraze.com/search?q=High-Current+Fuse,https://www.amazon.in/s?k=High-Current+Fuse,High-Current Fuse,P0,Humanoid; Quadruped; Drone; AMR; Arm,"Real robots need rechargeable packs, BMS, charging, monitoring and protection; AA holders/power banks are insufficient.",GAP-169
PWR-016,INA219 Current Sensor,"Power, Battery & Protection",Robot power part,"Supplies, distributes, monitors or protects robot electrical power.",Intermediate,3.3–5V logic; verify model,1+,INA219 Current Sensor,Battery/power supply; motor drivers; compute; wiring harness,Humanoid Robot; Robot Dog; Drone,"Using the wrong logic voltage, interface or wiring.","Verify datasheet ratings, polarity and safe mounting before powering the robot.",https://robu.in/?s=INA219+Current+Sensor&post_type=product,https://robocraze.com/search?q=INA219+Current+Sensor,https://www.amazon.in/s?k=INA219+Current+Sensor,INA219 Current Sensor,P0,Humanoid; Quadruped; Drone; AMR; Arm,"Real robots need rechargeable packs, BMS, charging, monitoring and protection; AA holders/power banks are insufficient.",GAP-167
PWR-017,INA226 Power Monitor,"Power, Battery & Protection",Robot power part,"Supplies, distributes, monitors or protects robot electrical power.",Intermediate,System dependent; verify rating,1+,INA226 Power Monitor,Battery/power supply; motor drivers; compute; wiring harness,Humanoid Robot; Robot Dog; Drone,"Buying by appearance instead of checking dimensions, ratings and interface.","Verify datasheet ratings, polarity and safe mounting before powering the robot.",https://robu.in/?s=INA226+Power+Monitor&post_type=product,https://robocraze.com/search?q=INA226+Power+Monitor,https://www.amazon.in/s?k=INA226+Power+Monitor,INA226 Power Monitor,P0,Humanoid; Quadruped; Drone; AMR; Arm,"Real robots need rechargeable packs, BMS, charging, monitoring and protection; AA holders/power banks are insufficient.",GAP-168
PWR-018,Li-ion 18650 Cell,"Power, Battery & Protection",Robot power part,"Supplies, distributes, monitors or protects robot electrical power.",Intermediate,3.6–3.7V nominal per cell,1+,Li-ion 18650 Cell,Battery/power supply; motor drivers; compute; wiring harness,Humanoid Robot; Robot Dog; Drone,"Using the wrong charger, cell count or polarity.","Use correct charger/BMS; prevent shorts, puncture, overheating and over-discharge.",https://robu.in/?s=Li-ion+18650+Cell&post_type=product,https://robocraze.com/search?q=Li-ion+18650+Cell,https://www.amazon.in/s?k=Li-ion+18650+Cell,Li-ion 18650 Cell,P0,Humanoid; Quadruped; Drone; AMR; Arm,"Real robots need rechargeable packs, BMS, charging, monitoring and protection; AA holders/power banks are insufficient.",GAP-160
PWR-019,Li-ion 21700 Cell,"Power, Battery & Protection",Robot power part,"Supplies, distributes, monitors or protects robot electrical power.",Intermediate,3.6–3.7V nominal per cell,1+,Li-ion 21700 Cell,Battery/power supply; motor drivers; compute; wiring harness,Humanoid Robot; Robot Dog; Drone,"Using the wrong charger, cell count or polarity.","Use correct charger/BMS; prevent shorts, puncture, overheating and over-discharge.",https://robu.in/?s=Li-ion+21700+Cell&post_type=product,https://robocraze.com/search?q=Li-ion+21700+Cell,https://www.amazon.in/s?k=Li-ion+21700+Cell,Li-ion 21700 Cell,P0,Humanoid; Quadruped; Drone; AMR; Arm,"Real robots need rechargeable packs, BMS, charging, monitoring and protection; AA holders/power banks are insufficient.",GAP-161
PWR-020,LiPo Balance Charger,"Power, Battery & Protection",Robot power part,"Supplies, distributes, monitors or protects robot electrical power.",Intermediate,System dependent; verify rating,1+,LiPo Balance Charger,Battery/power supply; motor drivers; compute; wiring harness,Humanoid Robot; Robot Dog; Drone,"Using the wrong charger, cell count or polarity.","Use correct charger/BMS; prevent shorts, puncture, overheating and over-discharge.",https://robu.in/?s=LiPo+Balance+Charger&post_type=product,https://robocraze.com/search?q=LiPo+Balance+Charger,https://www.amazon.in/s?k=LiPo+Balance+Charger,LiPo Balance Charger,P0,Humanoid; Quadruped; Drone; AMR; Arm,"Real robots need rechargeable packs, BMS, charging, monitoring and protection; AA holders/power banks are insufficient.",GAP-164
PWR-021,Main Power Contactor,"Power, Battery & Protection",Robot power part,"Supplies, distributes, monitors or protects robot electrical power.",Intermediate,System dependent; verify rating,1+,Main Power Contactor,Battery/power supply; motor drivers; compute; wiring harness,Humanoid Robot; Robot Dog; Drone,"Buying by appearance instead of checking dimensions, ratings and interface.","Verify datasheet ratings, polarity and safe mounting before powering the robot.",https://robu.in/?s=Main+Power+Contactor&post_type=product,https://robocraze.com/search?q=Main+Power+Contactor,https://www.amazon.in/s?k=Main+Power+Contactor,Main Power Contactor,P0,Humanoid; Quadruped; Drone; AMR; Arm,"Real robots need rechargeable packs, BMS, charging, monitoring and protection; AA holders/power banks are insufficient.",GAP-172
PWR-022,Power Distribution Board,"Power, Battery & Protection",Robot power part,"Supplies, distributes, monitors or protects robot electrical power.",Intermediate,System dependent; verify rating,1+,Power Distribution Board,Battery/power supply; motor drivers; compute; wiring harness,Humanoid Robot; Robot Dog; Drone,"Buying by appearance instead of checking dimensions, ratings and interface.","Verify datasheet ratings, polarity and safe mounting before powering the robot.",https://robu.in/?s=Power+Distribution+Board&post_type=product,https://robocraze.com/search?q=Power+Distribution+Board,https://www.amazon.in/s?k=Power+Distribution+Board,Power Distribution Board,P0,Humanoid; Quadruped; Drone; AMR; Arm,"Real robots need rechargeable packs, BMS, charging, monitoring and protection; AA holders/power banks are insufficient.",GAP-174
PWR-023,Resettable PTC Fuse,"Power, Battery & Protection",Robot power part,"Supplies, distributes, monitors or protects robot electrical power.",Intermediate,System dependent; verify rating,1+,Resettable PTC Fuse,Battery/power supply; motor drivers; compute; wiring harness,Humanoid Robot; Robot Dog; Drone,"Buying by appearance instead of checking dimensions, ratings and interface.","Verify datasheet ratings, polarity and safe mounting before powering the robot.",https://robu.in/?s=Resettable+PTC+Fuse&post_type=product,https://robocraze.com/search?q=Resettable+PTC+Fuse,https://www.amazon.in/s?k=Resettable+PTC+Fuse,Resettable PTC Fuse,P0,Humanoid; Quadruped; Drone; AMR; Arm,"Real robots need rechargeable packs, BMS, charging, monitoring and protection; AA holders/power banks are insufficient.",GAP-170
PWR-024,Smart Battery Charger,"Power, Battery & Protection",Robot power part,Stores electrical energy for mobile robot operation.,Intermediate,System dependent; verify rating,1+,Smart Battery Charger,Battery/power supply; motor drivers; compute; wiring harness,Humanoid Robot; Robot Dog; Drone,"Using the wrong charger, cell count or polarity.","Use correct charger/BMS; prevent shorts, puncture, overheating and over-discharge.",https://robu.in/?s=Smart+Battery+Charger&post_type=product,https://robocraze.com/search?q=Smart+Battery+Charger,https://www.amazon.in/s?k=Smart+Battery+Charger,Smart Battery Charger,P0,Humanoid; Quadruped; Drone; AMR; Arm,"Real robots need rechargeable packs, BMS, charging, monitoring and protection; AA holders/power banks are insufficient.",GAP-165
PWR-025,Smart Battery Pack,"Power, Battery & Protection",Robot power part,Stores electrical energy for mobile robot operation.,Intermediate,System dependent; verify rating,1+,Smart Battery Pack,Battery/power supply; motor drivers; compute; wiring harness,Humanoid Robot; Robot Dog; Drone,"Using the wrong charger, cell count or polarity.","Use correct charger/BMS; prevent shorts, puncture, overheating and over-discharge.",https://robu.in/?s=Smart+Battery+Pack&post_type=product,https://robocraze.com/search?q=Smart+Battery+Pack,https://www.amazon.in/s?k=Smart+Battery+Pack,Smart Battery Pack,P0,Humanoid; Quadruped; Drone; AMR; Arm,"Real robots need rechargeable packs, BMS, charging, monitoring and protection; AA holders/power banks are insufficient.",GAP-162
NAV-001,2D LiDAR,Range & Navigation Sensors,Navigation sensor,"Measures surrounding geometry for mapping, obstacle detection and navigation.",Intermediate,Passive / model dependent,1+,2D LiDAR,MCU/SBC; ROS 2 navigation; mobile/legged platforms,Autonomous Mobile Robot; Robot Dog; Drone,"Using the wrong logic voltage, interface or wiring.","Verify datasheet ratings, polarity and safe mounting before powering the robot.",https://robu.in/?s=2D+LiDAR&post_type=product,https://robocraze.com/search?q=2D+LiDAR,https://www.amazon.in/s?k=2D+LiDAR,2D LiDAR,P0,AMR; Quadruped; Drone; Outdoor Robot; Humanoid,"Navigation-grade robots need LiDAR, ToF and localization sensors beyond HC-SR04/IR.",GAP-081
NAV-002,3D LiDAR,Range & Navigation Sensors,Navigation sensor,"Measures surrounding geometry for mapping, obstacle detection and navigation.",Advanced,Passive / model dependent,1+,3D LiDAR,MCU/SBC; ROS 2 navigation; mobile/legged platforms,Autonomous Mobile Robot; Robot Dog; Drone,"Using the wrong logic voltage, interface or wiring.","Verify datasheet ratings, polarity and safe mounting before powering the robot.",https://robu.in/?s=3D+LiDAR&post_type=product,https://robocraze.com/search?q=3D+LiDAR,https://www.amazon.in/s?k=3D+LiDAR,3D LiDAR,P0,AMR; Quadruped; Drone; Outdoor Robot; Humanoid,"Navigation-grade robots need LiDAR, ToF and localization sensors beyond HC-SR04/IR.",GAP-082
NAV-003,GPS/GNSS Module,Range & Navigation Sensors,Navigation sensor,"Provides distance, localization or navigation measurements.",Intermediate,3.3–5V logic; verify model,1+,GPS/GNSS Module,MCU/SBC; ROS 2 navigation; mobile/legged platforms,Autonomous Mobile Robot; Robot Dog; Drone,"Buying by appearance instead of checking dimensions, ratings and interface.","Verify datasheet ratings, polarity and safe mounting before powering the robot.",https://robu.in/?s=GPS%2FGNSS+Module&post_type=product,https://robocraze.com/search?q=GPS%2FGNSS+Module,https://www.amazon.in/s?k=GPS%2FGNSS+Module,GPS/GNSS Module,P0,AMR; Quadruped; Drone; Outdoor Robot; Humanoid,"Navigation-grade robots need LiDAR, ToF and localization sensors beyond HC-SR04/IR.",GAP-087
NAV-004,Industrial Ultrasonic Sensor,Range & Navigation Sensors,Navigation sensor,"Provides distance, localization or navigation measurements.",Intermediate,3.3–5V logic; verify model,1+,Industrial Ultrasonic Sensor,MCU/SBC; ROS 2 navigation; mobile/legged platforms,Autonomous Mobile Robot; Robot Dog; Drone,"Using the wrong logic voltage, interface or wiring.","Verify datasheet ratings, polarity and safe mounting before powering the robot.",https://robu.in/?s=Industrial+Ultrasonic+Sensor&post_type=product,https://robocraze.com/search?q=Industrial+Ultrasonic+Sensor,https://www.amazon.in/s?k=Industrial+Ultrasonic+Sensor,Industrial Ultrasonic Sensor,P0,AMR; Quadruped; Drone; Outdoor Robot; Humanoid,"Navigation-grade robots need LiDAR, ToF and localization sensors beyond HC-SR04/IR.",GAP-085
NAV-005,Optical Flow Sensor,Range & Navigation Sensors,Navigation sensor,"Provides distance, localization or navigation measurements.",Intermediate,3.3–5V logic; verify model,1+,Optical Flow Sensor,MCU/SBC; ROS 2 navigation; mobile/legged platforms,Autonomous Mobile Robot; Robot Dog; Drone,"Using the wrong logic voltage, interface or wiring.","Verify datasheet ratings, polarity and safe mounting before powering the robot.",https://robu.in/?s=Optical+Flow+Sensor&post_type=product,https://robocraze.com/search?q=Optical+Flow+Sensor,https://www.amazon.in/s?k=Optical+Flow+Sensor,Optical Flow Sensor,P0,AMR; Quadruped; Drone; Outdoor Robot; Humanoid,"Navigation-grade robots need LiDAR, ToF and localization sensors beyond HC-SR04/IR.",GAP-089
NAV-006,RTK GNSS Module,Range & Navigation Sensors,Navigation sensor,"Provides distance, localization or navigation measurements.",Advanced,3.3–5V logic; verify model,1+,RTK GNSS Module,MCU/SBC; ROS 2 navigation; mobile/legged platforms,Autonomous Mobile Robot; Robot Dog; Drone,"Buying by appearance instead of checking dimensions, ratings and interface.","Verify datasheet ratings, polarity and safe mounting before powering the robot.",https://robu.in/?s=RTK+GNSS+Module&post_type=product,https://robocraze.com/search?q=RTK+GNSS+Module,https://www.amazon.in/s?k=RTK+GNSS+Module,RTK GNSS Module,P0,AMR; Quadruped; Drone; Outdoor Robot; Humanoid,"Navigation-grade robots need LiDAR, ToF and localization sensors beyond HC-SR04/IR.",GAP-088
NAV-007,Solid-State LiDAR,Range & Navigation Sensors,Navigation sensor,"Measures surrounding geometry for mapping, obstacle detection and navigation.",Intermediate,Passive / model dependent,1+,Solid-State LiDAR,MCU/SBC; ROS 2 navigation; mobile/legged platforms,Autonomous Mobile Robot; Robot Dog; Drone,"Using the wrong logic voltage, interface or wiring.","Verify datasheet ratings, polarity and safe mounting before powering the robot.",https://robu.in/?s=Solid-State+LiDAR&post_type=product,https://robocraze.com/search?q=Solid-State+LiDAR,https://www.amazon.in/s?k=Solid-State+LiDAR,Solid-State LiDAR,P0,AMR; Quadruped; Drone; Outdoor Robot; Humanoid,"Navigation-grade robots need LiDAR, ToF and localization sensors beyond HC-SR04/IR.",GAP-083
NAV-008,ToF Distance Sensor VL53L0X/VL53L1X,Range & Navigation Sensors,Navigation sensor,"Provides distance, localization or navigation measurements.",Intermediate,3.3–5V logic; verify model,1+,ToF Distance Sensor VL53L0X/VL53L1X,MCU/SBC; ROS 2 navigation; mobile/legged platforms,Autonomous Mobile Robot; Robot Dog; Drone,"Using the wrong logic voltage, interface or wiring.","Verify datasheet ratings, polarity and safe mounting before powering the robot.",https://robu.in/?s=ToF+Distance+Sensor+VL53L0X%2FVL53L1X&post_type=product,https://robocraze.com/search?q=ToF+Distance+Sensor+VL53L0X%2FVL53L1X,https://www.amazon.in/s?k=ToF+Distance+Sensor+VL53L0X%2FVL53L1X,ToF Distance Sensor VL53L0X/VL53L1X,P0,AMR; Quadruped; Drone; Outdoor Robot; Humanoid,"Navigation-grade robots need LiDAR, ToF and localization sensors beyond HC-SR04/IR.",GAP-084
NAV-009,UWB Positioning Module,Range & Navigation Sensors,Navigation sensor,"Provides distance, localization or navigation measurements.",Intermediate,3.3–5V logic; verify model,1+,UWB Positioning Module,MCU/SBC; ROS 2 navigation; mobile/legged platforms,Autonomous Mobile Robot; Robot Dog; Drone,"Buying by appearance instead of checking dimensions, ratings and interface.","Verify datasheet ratings, polarity and safe mounting before powering the robot.",https://robu.in/?s=UWB+Positioning+Module&post_type=product,https://robocraze.com/search?q=UWB+Positioning+Module,https://www.amazon.in/s?k=UWB+Positioning+Module,UWB Positioning Module,P0,AMR; Quadruped; Drone; Outdoor Robot; Humanoid,"Navigation-grade robots need LiDAR, ToF and localization sensors beyond HC-SR04/IR.",GAP-086
NAV-010,Wheel Odometry Encoder,Range & Navigation Sensors,Navigation sensor,Measures shaft or joint position for closed-loop robot control.,Intermediate,3.3–5V logic; verify model,1+,Wheel Odometry Encoder,MCU/SBC; ROS 2 navigation; mobile/legged platforms,Autonomous Mobile Robot; Robot Dog; Drone,"Using the wrong logic voltage, interface or wiring.","Verify datasheet ratings, polarity and safe mounting before powering the robot.",https://robu.in/?s=Wheel+Odometry+Encoder&post_type=product,https://robocraze.com/search?q=Wheel+Odometry+Encoder,https://www.amazon.in/s?k=Wheel+Odometry+Encoder,Wheel Odometry Encoder,P0,AMR; Quadruped; Drone; Outdoor Robot; Humanoid,"Navigation-grade robots need LiDAR, ToF and localization sensors beyond HC-SR04/IR.",GAP-090
SAF-001,Aluminium Heat Sink,Safety & Reliability,Robot safety part,"Reduces electrical, thermal or mechanical robot hazards.",Intermediate,Passive / model dependent,1+,Aluminium Heat Sink,Robot power system; motor drives; enclosure; control system,Humanoid Robot; Robot Dog; Robotic Arm,"Buying by appearance instead of checking dimensions, ratings and interface.","Select ratings appropriate to the robot voltage, current, temperature and fault energy.",https://robu.in/?s=Aluminium+Heat+Sink&post_type=product,https://robocraze.com/search?q=Aluminium+Heat+Sink,https://www.amazon.in/s?k=Aluminium+Heat+Sink,Aluminium Heat Sink,P0,Humanoid; Quadruped; Arm; AMR,Safety and thermal management become essential as robot size and actuator power increase.,GAP-266
SAF-002,Bumper Edge Sensor,Safety & Reliability,Robot safety part,"Reduces electrical, thermal or mechanical robot hazards.",Intermediate,3.3–5V logic; verify model,1+,Bumper Edge Sensor,Robot power system; motor drives; enclosure; control system,Humanoid Robot; Robot Dog; Robotic Arm,"Using the wrong logic voltage, interface or wiring.","Select ratings appropriate to the robot voltage, current, temperature and fault energy.",https://robu.in/?s=Bumper+Edge+Sensor&post_type=product,https://robocraze.com/search?q=Bumper+Edge+Sensor,https://www.amazon.in/s?k=Bumper+Edge+Sensor,Bumper Edge Sensor,P0,Humanoid; Quadruped; Arm; AMR,Safety and thermal management become essential as robot size and actuator power increase.,GAP-264
SAF-003,Cooling Fan,Safety & Reliability,Robot safety part,"Reduces electrical, thermal or mechanical robot hazards.",Intermediate,Passive / model dependent,1+,Cooling Fan,Robot power system; motor drives; enclosure; control system,Humanoid Robot; Robot Dog; Robotic Arm,"Buying by appearance instead of checking dimensions, ratings and interface.","Select ratings appropriate to the robot voltage, current, temperature and fault energy.",https://robu.in/?s=Cooling+Fan&post_type=product,https://robocraze.com/search?q=Cooling+Fan,https://www.amazon.in/s?k=Cooling+Fan,Cooling Fan,P0,Humanoid; Quadruped; Arm; AMR,Safety and thermal management become essential as robot size and actuator power increase.,GAP-265
SAF-004,Current-Limit Module,Safety & Reliability,Robot safety part,"Reduces electrical, thermal or mechanical robot hazards.",Intermediate,3.3–5V logic; verify model,1+,Current-Limit Module,Robot power system; motor drives; enclosure; control system,Humanoid Robot; Robot Dog; Robotic Arm,"Buying by appearance instead of checking dimensions, ratings and interface.","Select ratings appropriate to the robot voltage, current, temperature and fault energy.",https://robu.in/?s=Current-Limit+Module&post_type=product,https://robocraze.com/search?q=Current-Limit+Module,https://www.amazon.in/s?k=Current-Limit+Module,Current-Limit Module,P0,Humanoid; Quadruped; Arm; AMR,Safety and thermal management become essential as robot size and actuator power increase.,GAP-261
SAF-005,Dust Filter,Safety & Reliability,Robot safety part,"Reduces electrical, thermal or mechanical robot hazards.",Intermediate,Passive / model dependent,1+,Dust Filter,Robot power system; motor drives; enclosure; control system,Humanoid Robot; Robot Dog; Robotic Arm,"Buying by appearance instead of checking dimensions, ratings and interface.","Select ratings appropriate to the robot voltage, current, temperature and fault energy.",https://robu.in/?s=Dust+Filter&post_type=product,https://robocraze.com/search?q=Dust+Filter,https://www.amazon.in/s?k=Dust+Filter,Dust Filter,P0,Humanoid; Quadruped; Arm; AMR,Safety and thermal management become essential as robot size and actuator power increase.,GAP-267
SAF-006,Hardware Emergency Stop,Safety & Reliability,Robot safety part,Provides a fast hardware method to cut or inhibit robot motion.,Intermediate,Passive / model dependent,1+,Hardware Emergency Stop,Robot power system; motor drives; enclosure; control system,Humanoid Robot; Robot Dog; Robotic Arm,"Buying by appearance instead of checking dimensions, ratings and interface.","Select ratings appropriate to the robot voltage, current, temperature and fault energy.",https://robu.in/?s=Hardware+Emergency+Stop&post_type=product,https://robocraze.com/search?q=Hardware+Emergency+Stop,https://www.amazon.in/s?k=Hardware+Emergency+Stop,Hardware Emergency Stop,P0,Humanoid; Quadruped; Arm; AMR,Safety and thermal management become essential as robot size and actuator power increase.,GAP-257
SAF-007,Mechanical Hard Stop,Safety & Reliability,Robot safety part,"Reduces electrical, thermal or mechanical robot hazards.",Intermediate,Passive / model dependent,1+,Mechanical Hard Stop,Robot power system; motor drives; enclosure; control system,Humanoid Robot; Robot Dog; Robotic Arm,"Buying by appearance instead of checking dimensions, ratings and interface.","Select ratings appropriate to the robot voltage, current, temperature and fault energy.",https://robu.in/?s=Mechanical+Hard+Stop&post_type=product,https://robocraze.com/search?q=Mechanical+Hard+Stop,https://www.amazon.in/s?k=Mechanical+Hard+Stop,Mechanical Hard Stop,P0,Humanoid; Quadruped; Arm; AMR,Safety and thermal management become essential as robot size and actuator power increase.,GAP-262
SAF-008,Motor Temperature Sensor,Safety & Reliability,Robot safety part,"Produces mechanical motion for joints, wheels, propellers or mechanisms.",Intermediate,3.3–5V logic; verify model,1+,Motor Temperature Sensor,Robot power system; motor drives; enclosure; control system,Humanoid Robot; Robot Dog; Robotic Arm,"Ignoring current, voltage or stall-load ratings.",Pinch/crush hazard; test at low current/speed and use an emergency stop on larger robots.,https://robu.in/?s=Motor+Temperature+Sensor&post_type=product,https://robocraze.com/search?q=Motor+Temperature+Sensor,https://www.amazon.in/s?k=Motor+Temperature+Sensor,Motor Temperature Sensor,P0,Humanoid; Quadruped; Arm; AMR,Safety and thermal management become essential as robot size and actuator power increase.,GAP-260
SAF-009,Protective Joint Cover,Safety & Reliability,Robot safety part,"Reduces electrical, thermal or mechanical robot hazards.",Intermediate,Passive / model dependent,1+,Protective Joint Cover,Robot power system; motor drives; enclosure; control system,Humanoid Robot; Robot Dog; Robotic Arm,"Buying by appearance instead of checking dimensions, ratings and interface.",Pinch/crush hazard; test at low current/speed and use an emergency stop on larger robots.,https://robu.in/?s=Protective+Joint+Cover&post_type=product,https://robocraze.com/search?q=Protective+Joint+Cover,https://www.amazon.in/s?k=Protective+Joint+Cover,Protective Joint Cover,P0,Humanoid; Quadruped; Arm; AMR,Safety and thermal management become essential as robot size and actuator power increase.,GAP-263
SAF-010,Safety Relay,Safety & Reliability,Robot safety part,"Reduces electrical, thermal or mechanical robot hazards.",Intermediate,Passive / model dependent,1+,Safety Relay,Robot power system; motor drives; enclosure; control system,Humanoid Robot; Robot Dog; Robotic Arm,"Buying by appearance instead of checking dimensions, ratings and interface.","Select ratings appropriate to the robot voltage, current, temperature and fault energy.",https://robu.in/?s=Safety+Relay&post_type=product,https://robocraze.com/search?q=Safety+Relay,https://www.amazon.in/s?k=Safety+Relay,Safety Relay,P0,Humanoid; Quadruped; Arm; AMR,Safety and thermal management become essential as robot size and actuator power increase.,GAP-258
SAF-011,Thermal Sensor / Thermistor,Safety & Reliability,Robot safety part,"Reduces electrical, thermal or mechanical robot hazards.",Intermediate,3.3–5V logic; verify model,1+,Thermal Sensor / Thermistor,Robot power system; motor drives; enclosure; control system,Humanoid Robot; Robot Dog; Robotic Arm,"Using the wrong logic voltage, interface or wiring.","Select ratings appropriate to the robot voltage, current, temperature and fault energy.",https://robu.in/?s=Thermal+Sensor+%2F+Thermistor&post_type=product,https://robocraze.com/search?q=Thermal+Sensor+%2F+Thermistor,https://www.amazon.in/s?k=Thermal+Sensor+%2F+Thermistor,Thermal Sensor / Thermistor,P0,Humanoid; Quadruped; Arm; AMR,Safety and thermal management become essential as robot size and actuator power increase.,GAP-259
ACT-001,BLDC Integrated Robot Joint Actuator,Smart Actuators & Robot Joints,Smart robot joint,Converts electrical or fluid power into controlled robot motion.,Advanced,Varies by model; verify rated voltage,1 per joint,BLDC Integrated Robot Joint Actuator,Joint controllers; CAN/RS-485; robot links; suitable battery,Humanoid Robot; Robot Dog; Hexapod Robot,"Ignoring current, voltage or stall-load ratings.",Pinch/crush hazard; test at low current/speed and use an emergency stop on larger robots.,https://robu.in/?s=BLDC+Integrated+Robot+Joint+Actuator&post_type=product,https://robocraze.com/search?q=BLDC+Integrated+Robot+Joint+Actuator,https://www.amazon.in/s?k=BLDC+Integrated+Robot+Joint+Actuator,BLDC Integrated Robot Joint Actuator,P0,Humanoid; Quadruped; Hexapod; Arm; Exoskeleton,"This is the largest current gap. Humanoids and legged robots rely on high-torque, feedback-enabled joint actuators.",GAP-016
ACT-002,Cycloidal Reducer,Smart Actuators & Robot Joints,Smart robot joint,Increases torque and provides compact joint reduction.,Advanced,Varies by model; verify rated voltage,1 per joint,Cycloidal Reducer,Joint controllers; CAN/RS-485; robot links; suitable battery,Humanoid Robot; Robot Dog; Hexapod Robot,"Buying by appearance instead of checking dimensions, ratings and interface.",Pinch/crush hazard; test at low current/speed and use an emergency stop on larger robots.,https://robu.in/?s=Cycloidal+Reducer&post_type=product,https://robocraze.com/search?q=Cycloidal+Reducer,https://www.amazon.in/s?k=Cycloidal+Reducer,Cycloidal Reducer,P0,Humanoid; Quadruped; Hexapod; Arm; Exoskeleton,"This is the largest current gap. Humanoids and legged robots rely on high-torque, feedback-enabled joint actuators.",GAP-020
ACT-003,DYNAMIXEL Pro / Y-Series Actuator,Smart Actuators & Robot Joints,Smart robot joint,Converts electrical or fluid power into controlled robot motion.,Advanced,Varies by model; verify rated voltage,1 per joint,DYNAMIXEL Pro / Y-Series Actuator,Joint controllers; CAN/RS-485; robot links; suitable battery,Humanoid Robot; Robot Dog; Hexapod Robot,"Ignoring current, voltage or stall-load ratings.",Pinch/crush hazard; test at low current/speed and use an emergency stop on larger robots.,https://robu.in/?s=DYNAMIXEL+Pro+%2F+Y-Series+Actuator&post_type=product,https://robocraze.com/search?q=DYNAMIXEL+Pro+%2F+Y-Series+Actuator,https://www.amazon.in/s?k=DYNAMIXEL+Pro+%2F+Y-Series+Actuator,DYNAMIXEL Pro / Y-Series Actuator,P0,Humanoid; Quadruped; Hexapod; Arm; Exoskeleton,"This is the largest current gap. Humanoids and legged robots rely on high-torque, feedback-enabled joint actuators.",GAP-014
ACT-004,DYNAMIXEL XH / XW High-Torque Servo,Smart Actuators & Robot Joints,Smart robot joint,Provides a controllable robot joint with motion and feedback capability.,Advanced,Varies by model; verify rated voltage,1 per joint,DYNAMIXEL XH / XW High-Torque Servo,Joint controllers; CAN/RS-485; robot links; suitable battery,Humanoid Robot; Robot Dog; Hexapod Robot,"Ignoring current, voltage or stall-load ratings.",Pinch/crush hazard; test at low current/speed and use an emergency stop on larger robots.,https://robu.in/?s=DYNAMIXEL+XH+%2F+XW+High-Torque+Servo&post_type=product,https://robocraze.com/search?q=DYNAMIXEL+XH+%2F+XW+High-Torque+Servo,https://www.amazon.in/s?k=DYNAMIXEL+XH+%2F+XW+High-Torque+Servo,DYNAMIXEL XH / XW High-Torque Servo,P0,Humanoid; Quadruped; Hexapod; Arm; Exoskeleton,"This is the largest current gap. Humanoids and legged robots rely on high-torque, feedback-enabled joint actuators.",GAP-013
ACT-005,DYNAMIXEL XL330 Smart Servo,Smart Actuators & Robot Joints,Smart robot joint,Provides a controllable robot joint with motion and feedback capability.,Advanced,Varies by model; verify rated voltage,1 per joint,DYNAMIXEL XL330 Smart Servo,Joint controllers; CAN/RS-485; robot links; suitable battery,Humanoid Robot; Robot Dog; Hexapod Robot,"Ignoring current, voltage or stall-load ratings.",Pinch/crush hazard; test at low current/speed and use an emergency stop on larger robots.,https://robu.in/?s=DYNAMIXEL+XL330+Smart+Servo&post_type=product,https://robocraze.com/search?q=DYNAMIXEL+XL330+Smart+Servo,https://www.amazon.in/s?k=DYNAMIXEL+XL330+Smart+Servo,DYNAMIXEL XL330 Smart Servo,P0,Humanoid; Quadruped; Hexapod; Arm; Exoskeleton,"This is the largest current gap. Humanoids and legged robots rely on high-torque, feedback-enabled joint actuators.",GAP-011
ACT-006,DYNAMIXEL XM430 Smart Servo,Smart Actuators & Robot Joints,Smart robot joint,Provides a controllable robot joint with motion and feedback capability.,Advanced,Varies by model; verify rated voltage,1 per joint,DYNAMIXEL XM430 Smart Servo,Joint controllers; CAN/RS-485; robot links; suitable battery,Humanoid Robot; Robot Dog; Hexapod Robot,"Ignoring current, voltage or stall-load ratings.",Pinch/crush hazard; test at low current/speed and use an emergency stop on larger robots.,https://robu.in/?s=DYNAMIXEL+XM430+Smart+Servo&post_type=product,https://robocraze.com/search?q=DYNAMIXEL+XM430+Smart+Servo,https://www.amazon.in/s?k=DYNAMIXEL+XM430+Smart+Servo,DYNAMIXEL XM430 Smart Servo,P0,Humanoid; Quadruped; Hexapod; Arm; Exoskeleton,"This is the largest current gap. Humanoids and legged robots rely on high-torque, feedback-enabled joint actuators.",GAP-012
ACT-007,Frameless BLDC Motor,Smart Actuators & Robot Joints,Smart robot joint,"Produces mechanical motion for joints, wheels, propellers or mechanisms.",Advanced,Varies by model; verify rated voltage,1 per joint,Frameless BLDC Motor,Joint controllers; CAN/RS-485; robot links; suitable battery,Humanoid Robot; Robot Dog; Hexapod Robot,"Ignoring current, voltage or stall-load ratings.",Pinch/crush hazard; test at low current/speed and use an emergency stop on larger robots.,https://robu.in/?s=Frameless+BLDC+Motor&post_type=product,https://robocraze.com/search?q=Frameless+BLDC+Motor,https://www.amazon.in/s?k=Frameless+BLDC+Motor,Frameless BLDC Motor,P0,Humanoid; Quadruped; Hexapod; Arm; Exoskeleton,"This is the largest current gap. Humanoids and legged robots rely on high-torque, feedback-enabled joint actuators.",GAP-018
ACT-008,Harmonic Drive Gearbox,Smart Actuators & Robot Joints,Smart robot joint,Increases joint torque and reduces motor speed.,Advanced,Varies by model; verify rated voltage,1 per joint,Harmonic Drive Gearbox,Joint controllers; CAN/RS-485; robot links; suitable battery,Humanoid Robot; Robot Dog; Hexapod Robot,"Buying by appearance instead of checking dimensions, ratings and interface.",Pinch/crush hazard; test at low current/speed and use an emergency stop on larger robots.,https://robu.in/?s=Harmonic+Drive+Gearbox&post_type=product,https://robocraze.com/search?q=Harmonic+Drive+Gearbox,https://www.amazon.in/s?k=Harmonic+Drive+Gearbox,Harmonic Drive Gearbox,P0,Humanoid; Quadruped; Hexapod; Arm; Exoskeleton,"This is the largest current gap. Humanoids and legged robots rely on high-torque, feedback-enabled joint actuators.",GAP-019
ACT-009,PMSM Robot Joint Motor,Smart Actuators & Robot Joints,Smart robot joint,"Produces mechanical motion for joints, wheels, propellers or mechanisms.",Advanced,Varies by model; verify rated voltage,1 per joint,PMSM Robot Joint Motor,Joint controllers; CAN/RS-485; robot links; suitable battery,Humanoid Robot; Robot Dog; Hexapod Robot,"Ignoring current, voltage or stall-load ratings.",Pinch/crush hazard; test at low current/speed and use an emergency stop on larger robots.,https://robu.in/?s=PMSM+Robot+Joint+Motor&post_type=product,https://robocraze.com/search?q=PMSM+Robot+Joint+Motor,https://www.amazon.in/s?k=PMSM+Robot+Joint+Motor,PMSM Robot Joint Motor,P0,Humanoid; Quadruped; Hexapod; Arm; Exoskeleton,"This is the largest current gap. Humanoids and legged robots rely on high-torque, feedback-enabled joint actuators.",GAP-017
ACT-010,Planetary Gearbox,Smart Actuators & Robot Joints,Smart robot joint,Increases joint torque and reduces motor speed.,Advanced,Varies by model; verify rated voltage,1 per joint,Planetary Gearbox,Joint controllers; CAN/RS-485; robot links; suitable battery,Humanoid Robot; Robot Dog; Hexapod Robot,"Buying by appearance instead of checking dimensions, ratings and interface.",Pinch/crush hazard; test at low current/speed and use an emergency stop on larger robots.,https://robu.in/?s=Planetary+Gearbox&post_type=product,https://robocraze.com/search?q=Planetary+Gearbox,https://www.amazon.in/s?k=Planetary+Gearbox,Planetary Gearbox,P0,Humanoid; Quadruped; Hexapod; Arm; Exoskeleton,"This is the largest current gap. Humanoids and legged robots rely on high-torque, feedback-enabled joint actuators.",GAP-021
ACT-011,QDD / Quasi-Direct-Drive Actuator,Smart Actuators & Robot Joints,Smart robot joint,Converts electrical or fluid power into controlled robot motion.,Advanced,Varies by model; verify rated voltage,1 per joint,QDD / Quasi-Direct-Drive Actuator,Joint controllers; CAN/RS-485; robot links; suitable battery,Humanoid Robot; Robot Dog; Hexapod Robot,"Ignoring current, voltage or stall-load ratings.",Pinch/crush hazard; test at low current/speed and use an emergency stop on larger robots.,https://robu.in/?s=QDD+%2F+Quasi-Direct-Drive+Actuator&post_type=product,https://robocraze.com/search?q=QDD+%2F+Quasi-Direct-Drive+Actuator,https://www.amazon.in/s?k=QDD+%2F+Quasi-Direct-Drive+Actuator,QDD / Quasi-Direct-Drive Actuator,P0,Humanoid; Quadruped; Hexapod; Arm; Exoskeleton,"This is the largest current gap. Humanoids and legged robots rely on high-torque, feedback-enabled joint actuators.",GAP-015
ACT-012,Servo Brake Module,Smart Actuators & Robot Joints,Smart robot joint,Provides a controllable robot joint with motion and feedback capability.,Advanced,3.3–5V logic; verify model,1 per joint,Servo Brake Module,Joint controllers; CAN/RS-485; robot links; suitable battery,Humanoid Robot; Robot Dog; Hexapod Robot,"Ignoring current, voltage or stall-load ratings.",Pinch/crush hazard; test at low current/speed and use an emergency stop on larger robots.,https://robu.in/?s=Servo+Brake+Module&post_type=product,https://robocraze.com/search?q=Servo+Brake+Module,https://www.amazon.in/s?k=Servo+Brake+Module,Servo Brake Module,P0,Humanoid; Quadruped; Hexapod; Arm; Exoskeleton,"This is the largest current gap. Humanoids and legged robots rely on high-torque, feedback-enabled joint actuators.",GAP-022
VIS-001,Event Camera,Vision & Depth,Robot eye,"Provides visual perception for detection, tracking, navigation or manipulation.",Intermediate,Passive / model dependent,1+,Event Camera,Raspberry Pi/Jetson/PC; ROS 2; USB/MIPI/Ethernet as supported,Humanoid Robot; Robot Dog; Autonomous Mobile Robot,"Using the wrong logic voltage, interface or wiring.","Verify datasheet ratings, polarity and safe mounting before powering the robot.",https://robu.in/?s=Event+Camera&post_type=product,https://robocraze.com/search?q=Event+Camera,https://www.amazon.in/s?k=Event+Camera,Event Camera,P0,Humanoid; Quadruped; AMR; Arm; Drone,"Vision is essential for embodied AI, manipulation, navigation and human interaction.",GAP-078
VIS-002,Fisheye / Wide-Angle Camera,Vision & Depth,Robot eye,"Provides visual perception for detection, tracking, navigation or manipulation.",Intermediate,Passive / model dependent,1+,Fisheye / Wide-Angle Camera,Raspberry Pi/Jetson/PC; ROS 2; USB/MIPI/Ethernet as supported,Humanoid Robot; Robot Dog; Autonomous Mobile Robot,"Using the wrong logic voltage, interface or wiring.","Verify datasheet ratings, polarity and safe mounting before powering the robot.",https://robu.in/?s=Fisheye+%2F+Wide-Angle+Camera&post_type=product,https://robocraze.com/search?q=Fisheye+%2F+Wide-Angle+Camera,https://www.amazon.in/s?k=Fisheye+%2F+Wide-Angle+Camera,Fisheye / Wide-Angle Camera,P0,Humanoid; Quadruped; AMR; Arm; Drone,"Vision is essential for embodied AI, manipulation, navigation and human interaction.",GAP-080
VIS-003,Global-Shutter Camera,Vision & Depth,Robot eye,"Provides visual perception for detection, tracking, navigation or manipulation.",Intermediate,Passive / model dependent,1+,Global-Shutter Camera,Raspberry Pi/Jetson/PC; ROS 2; USB/MIPI/Ethernet as supported,Humanoid Robot; Robot Dog; Autonomous Mobile Robot,"Using the wrong logic voltage, interface or wiring.","Verify datasheet ratings, polarity and safe mounting before powering the robot.",https://robu.in/?s=Global-Shutter+Camera&post_type=product,https://robocraze.com/search?q=Global-Shutter+Camera,https://www.amazon.in/s?k=Global-Shutter+Camera,Global-Shutter Camera,P0,Humanoid; Quadruped; AMR; Arm; Drone,"Vision is essential for embodied AI, manipulation, navigation and human interaction.",GAP-072
VIS-004,Intel RealSense D435i / Depth Camera,Vision & Depth,Robot eye,"Provides visual perception for detection, tracking, navigation or manipulation.",Intermediate,Passive / model dependent,1+,Intel RealSense D435i / Depth Camera,Raspberry Pi/Jetson/PC; ROS 2; USB/MIPI/Ethernet as supported,Humanoid Robot; Robot Dog; Autonomous Mobile Robot,"Using the wrong logic voltage, interface or wiring.","Verify datasheet ratings, polarity and safe mounting before powering the robot.",https://robu.in/?s=Intel+RealSense+D435i+%2F+Depth+Camera&post_type=product,https://robocraze.com/search?q=Intel+RealSense+D435i+%2F+Depth+Camera,https://www.amazon.in/s?k=Intel+RealSense+D435i+%2F+Depth+Camera,Intel RealSense D435i / Depth Camera,P0,Humanoid; Quadruped; AMR; Arm; Drone,"Vision is essential for embodied AI, manipulation, navigation and human interaction.",GAP-074
VIS-005,Luxonis OAK-D / AI Depth Camera,Vision & Depth,Robot eye,"Provides visual perception for detection, tracking, navigation or manipulation.",Intermediate,Passive / model dependent,1+,Luxonis OAK-D / AI Depth Camera,Raspberry Pi/Jetson/PC; ROS 2; USB/MIPI/Ethernet as supported,Humanoid Robot; Robot Dog; Autonomous Mobile Robot,"Using the wrong logic voltage, interface or wiring.","Verify datasheet ratings, polarity and safe mounting before powering the robot.",https://robu.in/?s=Luxonis+OAK-D+%2F+AI+Depth+Camera&post_type=product,https://robocraze.com/search?q=Luxonis+OAK-D+%2F+AI+Depth+Camera,https://www.amazon.in/s?k=Luxonis+OAK-D+%2F+AI+Depth+Camera,Luxonis OAK-D / AI Depth Camera,P0,Humanoid; Quadruped; AMR; Arm; Drone,"Vision is essential for embodied AI, manipulation, navigation and human interaction.",GAP-075
VIS-006,Stereo Camera,Vision & Depth,Robot eye,"Provides visual perception for detection, tracking, navigation or manipulation.",Intermediate,Passive / model dependent,1+,Stereo Camera,Raspberry Pi/Jetson/PC; ROS 2; USB/MIPI/Ethernet as supported,Humanoid Robot; Robot Dog; Autonomous Mobile Robot,"Using the wrong logic voltage, interface or wiring.","Verify datasheet ratings, polarity and safe mounting before powering the robot.",https://robu.in/?s=Stereo+Camera&post_type=product,https://robocraze.com/search?q=Stereo+Camera,https://www.amazon.in/s?k=Stereo+Camera,Stereo Camera,P0,Humanoid; Quadruped; AMR; Arm; Drone,"Vision is essential for embodied AI, manipulation, navigation and human interaction.",GAP-073
VIS-007,Thermal Camera,Vision & Depth,Robot eye,"Provides visual perception for detection, tracking, navigation or manipulation.",Intermediate,Passive / model dependent,1+,Thermal Camera,Raspberry Pi/Jetson/PC; ROS 2; USB/MIPI/Ethernet as supported,Humanoid Robot; Robot Dog; Autonomous Mobile Robot,"Using the wrong logic voltage, interface or wiring.","Verify datasheet ratings, polarity and safe mounting before powering the robot.",https://robu.in/?s=Thermal+Camera&post_type=product,https://robocraze.com/search?q=Thermal+Camera,https://www.amazon.in/s?k=Thermal+Camera,Thermal Camera,P0,Humanoid; Quadruped; AMR; Arm; Drone,"Vision is essential for embodied AI, manipulation, navigation and human interaction.",GAP-077
VIS-008,Time-of-Flight Depth Camera,Vision & Depth,Robot eye,"Provides visual perception for detection, tracking, navigation or manipulation.",Intermediate,Passive / model dependent,1+,Time-of-Flight Depth Camera,Raspberry Pi/Jetson/PC; ROS 2; USB/MIPI/Ethernet as supported,Humanoid Robot; Robot Dog; Autonomous Mobile Robot,"Using the wrong logic voltage, interface or wiring.","Verify datasheet ratings, polarity and safe mounting before powering the robot.",https://robu.in/?s=Time-of-Flight+Depth+Camera&post_type=product,https://robocraze.com/search?q=Time-of-Flight+Depth+Camera,https://www.amazon.in/s?k=Time-of-Flight+Depth+Camera,Time-of-Flight Depth Camera,P0,Humanoid; Quadruped; AMR; Arm; Drone,"Vision is essential for embodied AI, manipulation, navigation and human interaction.",GAP-076
VIS-009,USB HD Camera,Vision & Depth,Robot eye,"Provides visual perception for detection, tracking, navigation or manipulation.",Intermediate,5V / USB (model dependent),1+,USB HD Camera,Raspberry Pi/Jetson/PC; ROS 2; USB/MIPI/Ethernet as supported,Humanoid Robot; Robot Dog; Autonomous Mobile Robot,"Using the wrong logic voltage, interface or wiring.","Verify datasheet ratings, polarity and safe mounting before powering the robot.",https://robu.in/?s=USB+HD+Camera&post_type=product,https://robocraze.com/search?q=USB+HD+Camera,https://www.amazon.in/s?k=USB+HD+Camera,USB HD Camera,P0,Humanoid; Quadruped; AMR; Arm; Drone,"Vision is essential for embodied AI, manipulation, navigation and human interaction.",GAP-071
VIS-010,Wrist Camera,Vision & Depth,Robot eye,"Provides visual perception for detection, tracking, navigation or manipulation.",Intermediate,Passive / model dependent,1+,Wrist Camera,Raspberry Pi/Jetson/PC; ROS 2; USB/MIPI/Ethernet as supported,Humanoid Robot; Robot Dog; Autonomous Mobile Robot,"Using the wrong logic voltage, interface or wiring.","Verify datasheet ratings, polarity and safe mounting before powering the robot.",https://robu.in/?s=Wrist+Camera&post_type=product,https://robocraze.com/search?q=Wrist+Camera,https://www.amazon.in/s?k=Wrist+Camera,Wrist Camera,P0,Humanoid; Quadruped; AMR; Arm; Drone,"Vision is essential for embodied AI, manipulation, navigation and human interaction.",GAP-079
CTRL-005,Google Coral USB / Edge TPU,Computing & AI,Robot computer,"Runs robot software, perception, AI or real-time control workloads.",Intermediate,5V / USB (model dependent),1+,Google Coral USB / Edge TPU,ROS 2; cameras; LiDAR; motor controllers; AI software,Humanoid Robot; Robot Dog; Autonomous Mobile Robot,"Buying by appearance instead of checking dimensions, ratings and interface.","Verify datasheet ratings, polarity and safe mounting before powering the robot.",https://robu.in/?s=Google+Coral+USB+%2F+Edge+TPU&post_type=product,https://robocraze.com/search?q=Google+Coral+USB+%2F+Edge+TPU,https://www.amazon.in/s?k=Google+Coral+USB+%2F+Edge+TPU,Google Coral USB / Edge TPU,P1,Humanoid; Quadruped; AMR; Arm; Drone; General,Modern robots need Linux/AI compute and deterministic real-time control in addition to Arduino-class MCUs.,GAP-006
CTRL-006,NVIDIA Jetson AGX Orin / Thor-class compute,Computing & AI,Robot computer,"Runs robot software, perception, AI or real-time control workloads.",Advanced,DC input; model dependent,1+,NVIDIA Jetson AGX Orin / Thor-class compute,ROS 2; cameras; LiDAR; motor controllers; AI software,Humanoid Robot; Robot Dog; Autonomous Mobile Robot,"Buying by appearance instead of checking dimensions, ratings and interface.","Verify datasheet ratings, polarity and safe mounting before powering the robot.",https://robu.in/?s=NVIDIA+Jetson+AGX+Orin+%2F+Thor-class+compute&post_type=product,https://robocraze.com/search?q=NVIDIA+Jetson+AGX+Orin+%2F+Thor-class+compute,https://www.amazon.in/s?k=NVIDIA+Jetson+AGX+Orin+%2F+Thor-class+compute,NVIDIA Jetson AGX Orin / Thor-class compute,P1,Humanoid; Quadruped; AMR; Arm; Drone; General,Modern robots need Linux/AI compute and deterministic real-time control in addition to Arduino-class MCUs.,GAP-005
CTRL-007,NVIDIA Jetson Orin NX,Computing & AI,Robot computer,"Runs robot software, perception, AI or real-time control workloads.",Intermediate,DC input; model dependent,1+,NVIDIA Jetson Orin NX,ROS 2; cameras; LiDAR; motor controllers; AI software,Humanoid Robot; Robot Dog; Autonomous Mobile Robot,"Buying by appearance instead of checking dimensions, ratings and interface.","Verify datasheet ratings, polarity and safe mounting before powering the robot.",https://robu.in/?s=NVIDIA+Jetson+Orin+NX&post_type=product,https://robocraze.com/search?q=NVIDIA+Jetson+Orin+NX,https://www.amazon.in/s?k=NVIDIA+Jetson+Orin+NX,NVIDIA Jetson Orin NX,P1,Humanoid; Quadruped; AMR; Arm; Drone; General,Modern robots need Linux/AI compute and deterministic real-time control in addition to Arduino-class MCUs.,GAP-004
CTRL-008,NVIDIA Jetson Orin Nano,Computing & AI,Robot computer,"Runs robot software, perception, AI or real-time control workloads.",Intermediate,DC input; model dependent,1+,NVIDIA Jetson Orin Nano,ROS 2; cameras; LiDAR; motor controllers; AI software,Humanoid Robot; Robot Dog; Autonomous Mobile Robot,"Buying by appearance instead of checking dimensions, ratings and interface.","Verify datasheet ratings, polarity and safe mounting before powering the robot.",https://robu.in/?s=NVIDIA+Jetson+Orin+Nano&post_type=product,https://robocraze.com/search?q=NVIDIA+Jetson+Orin+Nano,https://www.amazon.in/s?k=NVIDIA+Jetson+Orin+Nano,NVIDIA Jetson Orin Nano,P1,Humanoid; Quadruped; AMR; Arm; Drone; General,Modern robots need Linux/AI compute and deterministic real-time control in addition to Arduino-class MCUs.,GAP-003
CTRL-009,RP2040 / Raspberry Pi Pico,Computing & AI,Robot computer,"Runs robot software, perception, AI or real-time control workloads.",Intermediate,5V / USB (model dependent),1+,RP2040 / Raspberry Pi Pico,ROS 2; cameras; LiDAR; motor controllers; AI software,Humanoid Robot; Robot Dog; Autonomous Mobile Robot,"Buying by appearance instead of checking dimensions, ratings and interface.","Verify datasheet ratings, polarity and safe mounting before powering the robot.",https://robu.in/?s=RP2040+%2F+Raspberry+Pi+Pico&post_type=product,https://robocraze.com/search?q=RP2040+%2F+Raspberry+Pi+Pico,https://www.amazon.in/s?k=RP2040+%2F+Raspberry+Pi+Pico,RP2040 / Raspberry Pi Pico,P1,Humanoid; Quadruped; AMR; Arm; Drone; General,Modern robots need Linux/AI compute and deterministic real-time control in addition to Arduino-class MCUs.,GAP-009
CTRL-010,Raspberry Pi 5,Computing & AI,Robot computer,"Runs robot software, perception, AI or real-time control workloads.",Intermediate,5V / USB (model dependent),1+,Raspberry Pi 5,ROS 2; cameras; LiDAR; motor controllers; AI software,Humanoid Robot; Robot Dog; Autonomous Mobile Robot,"Buying by appearance instead of checking dimensions, ratings and interface.","Verify datasheet ratings, polarity and safe mounting before powering the robot.",https://robu.in/?s=Raspberry+Pi+5&post_type=product,https://robocraze.com/search?q=Raspberry+Pi+5,https://www.amazon.in/s?k=Raspberry+Pi+5,Raspberry Pi 5,P1,Humanoid; Quadruped; AMR; Arm; Drone; General,Modern robots need Linux/AI compute and deterministic real-time control in addition to Arduino-class MCUs.,GAP-001
CTRL-011,Raspberry Pi Zero 2 W,Computing & AI,Robot computer,"Runs robot software, perception, AI or real-time control workloads.",Intermediate,5V / USB (model dependent),1+,Raspberry Pi Zero 2 W,ROS 2; cameras; LiDAR; motor controllers; AI software,Humanoid Robot; Robot Dog; Autonomous Mobile Robot,"Buying by appearance instead of checking dimensions, ratings and interface.","Verify datasheet ratings, polarity and safe mounting before powering the robot.",https://robu.in/?s=Raspberry+Pi+Zero+2+W&post_type=product,https://robocraze.com/search?q=Raspberry+Pi+Zero+2+W,https://www.amazon.in/s?k=Raspberry+Pi+Zero+2+W,Raspberry Pi Zero 2 W,P1,Humanoid; Quadruped; AMR; Arm; Drone; General,Modern robots need Linux/AI compute and deterministic real-time control in addition to Arduino-class MCUs.,GAP-002
CTRL-012,Real-time Controller / EtherCAT Master,Computing & AI,Robot computer,Provides electronic control for motors or robot subsystems.,Advanced,Passive / model dependent,1+,Real-time Controller / EtherCAT Master,ROS 2; cameras; LiDAR; motor controllers; AI software,Humanoid Robot; Robot Dog; Autonomous Mobile Robot,"Buying by appearance instead of checking dimensions, ratings and interface.","Verify datasheet ratings, polarity and safe mounting before powering the robot.",https://robu.in/?s=Real-time+Controller+%2F+EtherCAT+Master&post_type=product,https://robocraze.com/search?q=Real-time+Controller+%2F+EtherCAT+Master,https://www.amazon.in/s?k=Real-time+Controller+%2F+EtherCAT+Master,Real-time Controller / EtherCAT Master,P1,Humanoid; Quadruped; AMR; Arm; Drone; General,Modern robots need Linux/AI compute and deterministic real-time control in addition to Arduino-class MCUs.,GAP-010
CTRL-013,STM32 Development Board,Computing & AI,Robot computer,"Runs robot software, perception, AI or real-time control workloads.",Intermediate,3.3–5V logic; verify model,1+,STM32 Development Board,ROS 2; cameras; LiDAR; motor controllers; AI software,Humanoid Robot; Robot Dog; Autonomous Mobile Robot,"Buying by appearance instead of checking dimensions, ratings and interface.","Verify datasheet ratings, polarity and safe mounting before powering the robot.",https://robu.in/?s=STM32+Development+Board&post_type=product,https://robocraze.com/search?q=STM32+Development+Board,https://www.amazon.in/s?k=STM32+Development+Board,STM32 Development Board,P1,Humanoid; Quadruped; AMR; Arm; Drone; General,Modern robots need Linux/AI compute and deterministic real-time control in addition to Arduino-class MCUs.,GAP-007
CTRL-014,Teensy 4.1,Computing & AI,Robot computer,"Runs robot software, perception, AI or real-time control workloads.",Intermediate,3.3–5V logic; verify model,1+,Teensy 4.1,ROS 2; cameras; LiDAR; motor controllers; AI software,Humanoid Robot; Robot Dog; Autonomous Mobile Robot,"Buying by appearance instead of checking dimensions, ratings and interface.","Verify datasheet ratings, polarity and safe mounting before powering the robot.",https://robu.in/?s=Teensy+4.1&post_type=product,https://robocraze.com/search?q=Teensy+4.1,https://www.amazon.in/s?k=Teensy+4.1,Teensy 4.1,P1,Humanoid; Quadruped; AMR; Arm; Drone; General,Modern robots need Linux/AI compute and deterministic real-time control in addition to Arduino-class MCUs.,GAP-008
ACT-013,BLDC Motor,Conventional Actuators,Robot mover,"Produces mechanical motion for joints, wheels, propellers or mechanisms.",Intermediate,Varies by model; verify rated voltage,1+,BLDC Motor,Motor/servo driver; suitable power supply; mechanical linkage,Robotic Arm; Mobile Robot; Robotics Prototype,"Ignoring current, voltage or stall-load ratings.",Pinch/crush hazard; test at low current/speed and use an emergency stop on larger robots.,https://robu.in/?s=BLDC+Motor&post_type=product,https://robocraze.com/search?q=BLDC+Motor,https://www.amazon.in/s?k=BLDC+Motor,BLDC Motor,P1,Arm; Mobile; Animatronic; General,Adds actuator types beyond SG90/MG90S and small geared DC motors.,GAP-028
ACT-014,DC Worm Gear Motor,Conventional Actuators,Robot mover,"Produces mechanical motion for joints, wheels, propellers or mechanisms.",Intermediate,Varies by model; verify rated voltage,1+,DC Worm Gear Motor,Motor/servo driver; suitable power supply; mechanical linkage,Robotic Arm; Mobile Robot; Robotics Prototype,"Ignoring current, voltage or stall-load ratings.",Pinch/crush hazard; test at low current/speed and use an emergency stop on larger robots.,https://robu.in/?s=DC+Worm+Gear+Motor&post_type=product,https://robocraze.com/search?q=DC+Worm+Gear+Motor,https://www.amazon.in/s?k=DC+Worm+Gear+Motor,DC Worm Gear Motor,P1,Arm; Mobile; Animatronic; General,Adds actuator types beyond SG90/MG90S and small geared DC motors.,GAP-027
ACT-015,High-Torque 20–35 kg·cm Servo,Conventional Actuators,Robot mover,Creates controlled mechanical movement in a robot mechanism.,Intermediate,Varies by model; verify rated voltage,1+,High-Torque 20–35 kg·cm Servo,Motor/servo driver; suitable power supply; mechanical linkage,Robotic Arm; Mobile Robot; Robotics Prototype,"Ignoring current, voltage or stall-load ratings.",Pinch/crush hazard; test at low current/speed and use an emergency stop on larger robots.,https://robu.in/?s=High-Torque+20%E2%80%9335+kg%C2%B7cm+Servo&post_type=product,https://robocraze.com/search?q=High-Torque+20%E2%80%9335+kg%C2%B7cm+Servo,https://www.amazon.in/s?k=High-Torque+20%E2%80%9335+kg%C2%B7cm+Servo,High-Torque 20–35 kg·cm Servo,P1,Arm; Mobile; Animatronic; General,Adds actuator types beyond SG90/MG90S and small geared DC motors.,GAP-023
ACT-016,High-Voltage Brushless Servo,Conventional Actuators,Robot mover,Creates controlled mechanical movement in a robot mechanism.,Intermediate,Varies by model; verify rated voltage,1+,High-Voltage Brushless Servo,Motor/servo driver; suitable power supply; mechanical linkage,Robotic Arm; Mobile Robot; Robotics Prototype,"Ignoring current, voltage or stall-load ratings.",Pinch/crush hazard; test at low current/speed and use an emergency stop on larger robots.,https://robu.in/?s=High-Voltage+Brushless+Servo&post_type=product,https://robocraze.com/search?q=High-Voltage+Brushless+Servo,https://www.amazon.in/s?k=High-Voltage+Brushless+Servo,High-Voltage Brushless Servo,P1,Arm; Mobile; Animatronic; General,Adds actuator types beyond SG90/MG90S and small geared DC motors.,GAP-024
ACT-017,Linear Actuator,Conventional Actuators,Robot mover,Converts electrical or fluid power into controlled robot motion.,Intermediate,Varies by model; verify rated voltage,1+,Linear Actuator,Motor/servo driver; suitable power supply; mechanical linkage,Robotic Arm; Mobile Robot; Robotics Prototype,"Ignoring current, voltage or stall-load ratings.",Pinch/crush hazard; test at low current/speed and use an emergency stop on larger robots.,https://robu.in/?s=Linear+Actuator&post_type=product,https://robocraze.com/search?q=Linear+Actuator,https://www.amazon.in/s?k=Linear+Actuator,Linear Actuator,P1,Arm; Mobile; Animatronic; General,Adds actuator types beyond SG90/MG90S and small geared DC motors.,GAP-029
ACT-018,Mini Linear Servo,Conventional Actuators,Robot mover,Creates controlled mechanical movement in a robot mechanism.,Intermediate,Varies by model; verify rated voltage,1+,Mini Linear Servo,Motor/servo driver; suitable power supply; mechanical linkage,Robotic Arm; Mobile Robot; Robotics Prototype,"Ignoring current, voltage or stall-load ratings.",Pinch/crush hazard; test at low current/speed and use an emergency stop on larger robots.,https://robu.in/?s=Mini+Linear+Servo&post_type=product,https://robocraze.com/search?q=Mini+Linear+Servo,https://www.amazon.in/s?k=Mini+Linear+Servo,Mini Linear Servo,P1,Arm; Mobile; Animatronic; General,Adds actuator types beyond SG90/MG90S and small geared DC motors.,GAP-030
ACT-019,NEMA 17 Stepper Motor,Conventional Actuators,Robot mover,"Produces mechanical motion for joints, wheels, propellers or mechanisms.",Intermediate,Varies by model; verify rated voltage,1+,NEMA 17 Stepper Motor,Motor/servo driver; suitable power supply; mechanical linkage,Robotic Arm; Mobile Robot; Robotics Prototype,"Ignoring current, voltage or stall-load ratings.",Pinch/crush hazard; test at low current/speed and use an emergency stop on larger robots.,https://robu.in/?s=NEMA+17+Stepper+Motor&post_type=product,https://robocraze.com/search?q=NEMA+17+Stepper+Motor,https://www.amazon.in/s?k=NEMA+17+Stepper+Motor,NEMA 17 Stepper Motor,P1,Arm; Mobile; Animatronic; General,Adds actuator types beyond SG90/MG90S and small geared DC motors.,GAP-025
ACT-020,NEMA 23 Stepper Motor,Conventional Actuators,Robot mover,"Produces mechanical motion for joints, wheels, propellers or mechanisms.",Intermediate,Varies by model; verify rated voltage,1+,NEMA 23 Stepper Motor,Motor/servo driver; suitable power supply; mechanical linkage,Robotic Arm; Mobile Robot; Robotics Prototype,"Ignoring current, voltage or stall-load ratings.",Pinch/crush hazard; test at low current/speed and use an emergency stop on larger robots.,https://robu.in/?s=NEMA+23+Stepper+Motor&post_type=product,https://robocraze.com/search?q=NEMA+23+Stepper+Motor,https://www.amazon.in/s?k=NEMA+23+Stepper+Motor,NEMA 23 Stepper Motor,P1,Arm; Mobile; Animatronic; General,Adds actuator types beyond SG90/MG90S and small geared DC motors.,GAP-026
ACT-021,Solenoid Actuator,Conventional Actuators,Robot mover,Converts electrical or fluid power into controlled robot motion.,Intermediate,Varies by model; verify rated voltage,1+,Solenoid Actuator,Motor/servo driver; suitable power supply; mechanical linkage,Robotic Arm; Mobile Robot; Robotics Prototype,"Ignoring current, voltage or stall-load ratings.",Pinch/crush hazard; test at low current/speed and use an emergency stop on larger robots.,https://robu.in/?s=Solenoid+Actuator&post_type=product,https://robocraze.com/search?q=Solenoid+Actuator,https://www.amazon.in/s?k=Solenoid+Actuator,Solenoid Actuator,P1,Arm; Mobile; Animatronic; General,Adds actuator types beyond SG90/MG90S and small geared DC motors.,GAP-031
ACT-022,Voice-Coil Actuator,Conventional Actuators,Robot mover,Converts electrical or fluid power into controlled robot motion.,Intermediate,Varies by model; verify rated voltage,1+,Voice-Coil Actuator,Motor/servo driver; suitable power supply; mechanical linkage,Robotic Arm; Mobile Robot; Robotics Prototype,"Ignoring current, voltage or stall-load ratings.",Pinch/crush hazard; test at low current/speed and use an emergency stop on larger robots.,https://robu.in/?s=Voice-Coil+Actuator&post_type=product,https://robocraze.com/search?q=Voice-Coil+Actuator,https://www.amazon.in/s?k=Voice-Coil+Actuator,Voice-Coil Actuator,P1,Arm; Mobile; Animatronic; General,Adds actuator types beyond SG90/MG90S and small geared DC motors.,GAP-032
HMI-001,4-Microphone Array,Human Interaction & Audio,Robot interaction part,Captures speech or environmental audio for robot interaction.,Intermediate,Passive / model dependent,1+,4-Microphone Array,MCU/SBC; HMI software; robot enclosure,Humanoid Robot; Social Robot; Service Robot,"Buying by appearance instead of checking dimensions, ratings and interface.","Verify datasheet ratings, polarity and safe mounting before powering the robot.",https://robu.in/?s=4-Microphone+Array&post_type=product,https://robocraze.com/search?q=4-Microphone+Array,https://www.amazon.in/s?k=4-Microphone+Array,4-Microphone Array,P1,Humanoid; Companion; Social; Service Robot,"Adds speech, touch, gesture and expressive feedback for social/service robots.",GAP-092
HMI-002,Audio Amplifier Module,Human Interaction & Audio,Robot interaction part,Supports communication and interaction between people and robots.,Intermediate,3.3–5V logic; verify model,1+,Audio Amplifier Module,MCU/SBC; HMI software; robot enclosure,Humanoid Robot; Social Robot; Service Robot,"Buying by appearance instead of checking dimensions, ratings and interface.","Verify datasheet ratings, polarity and safe mounting before powering the robot.",https://robu.in/?s=Audio+Amplifier+Module&post_type=product,https://robocraze.com/search?q=Audio+Amplifier+Module,https://www.amazon.in/s?k=Audio+Amplifier+Module,Audio Amplifier Module,P1,Humanoid; Companion; Social; Service Robot,"Adds speech, touch, gesture and expressive feedback for social/service robots.",GAP-094
HMI-003,Capacitive Touch Strip,Human Interaction & Audio,Robot interaction part,Supports communication and interaction between people and robots.,Intermediate,Passive / model dependent,1+,Capacitive Touch Strip,MCU/SBC; HMI software; robot enclosure,Humanoid Robot; Social Robot; Service Robot,"Buying by appearance instead of checking dimensions, ratings and interface.","Verify datasheet ratings, polarity and safe mounting before powering the robot.",https://robu.in/?s=Capacitive+Touch+Strip&post_type=product,https://robocraze.com/search?q=Capacitive+Touch+Strip,https://www.amazon.in/s?k=Capacitive+Touch+Strip,Capacitive Touch Strip,P1,Humanoid; Companion; Social; Service Robot,"Adds speech, touch, gesture and expressive feedback for social/service robots.",GAP-096
HMI-004,E-Paper Display,Human Interaction & Audio,Robot interaction part,"Shows robot status, menus or user-interface information.",Intermediate,Passive / model dependent,1+,E-Paper Display,MCU/SBC; HMI software; robot enclosure,Humanoid Robot; Social Robot; Service Robot,"Buying by appearance instead of checking dimensions, ratings and interface.","Verify datasheet ratings, polarity and safe mounting before powering the robot.",https://robu.in/?s=E-Paper+Display&post_type=product,https://robocraze.com/search?q=E-Paper+Display,https://www.amazon.in/s?k=E-Paper+Display,E-Paper Display,P1,Humanoid; Companion; Social; Service Robot,"Adds speech, touch, gesture and expressive feedback for social/service robots.",GAP-100
HMI-005,Gesture Sensor,Human Interaction & Audio,Robot interaction part,Supports communication and interaction between people and robots.,Intermediate,3.3–5V logic; verify model,1+,Gesture Sensor,MCU/SBC; HMI software; robot enclosure,Humanoid Robot; Social Robot; Service Robot,"Using the wrong logic voltage, interface or wiring.","Verify datasheet ratings, polarity and safe mounting before powering the robot.",https://robu.in/?s=Gesture+Sensor&post_type=product,https://robocraze.com/search?q=Gesture+Sensor,https://www.amazon.in/s?k=Gesture+Sensor,Gesture Sensor,P1,Humanoid; Companion; Social; Service Robot,"Adds speech, touch, gesture and expressive feedback for social/service robots.",GAP-097
HMI-006,MEMS Microphone,Human Interaction & Audio,Robot interaction part,Captures speech or environmental audio for robot interaction.,Intermediate,Passive / model dependent,1+,MEMS Microphone,MCU/SBC; HMI software; robot enclosure,Humanoid Robot; Social Robot; Service Robot,"Buying by appearance instead of checking dimensions, ratings and interface.","Verify datasheet ratings, polarity and safe mounting before powering the robot.",https://robu.in/?s=MEMS+Microphone&post_type=product,https://robocraze.com/search?q=MEMS+Microphone,https://www.amazon.in/s?k=MEMS+Microphone,MEMS Microphone,P1,Humanoid; Companion; Social; Service Robot,"Adds speech, touch, gesture and expressive feedback for social/service robots.",GAP-091
HMI-007,RGB Status Ring / Addressable LED Strip,Human Interaction & Audio,Robot interaction part,Supports communication and interaction between people and robots.,Intermediate,Passive / model dependent,1+,RGB Status Ring / Addressable LED Strip,MCU/SBC; HMI software; robot enclosure,Humanoid Robot; Social Robot; Service Robot,"Buying by appearance instead of checking dimensions, ratings and interface.","Verify datasheet ratings, polarity and safe mounting before powering the robot.",https://robu.in/?s=RGB+Status+Ring+%2F+Addressable+LED+Strip&post_type=product,https://robocraze.com/search?q=RGB+Status+Ring+%2F+Addressable+LED+Strip,https://www.amazon.in/s?k=RGB+Status+Ring+%2F+Addressable+LED+Strip,RGB Status Ring / Addressable LED Strip,P1,Humanoid; Companion; Social; Service Robot,"Adds speech, touch, gesture and expressive feedback for social/service robots.",GAP-098
HMI-008,Small TFT Touch Display,Human Interaction & Audio,Robot interaction part,"Shows robot status, menus or user-interface information.",Intermediate,Passive / model dependent,1+,Small TFT Touch Display,MCU/SBC; HMI software; robot enclosure,Humanoid Robot; Social Robot; Service Robot,"Buying by appearance instead of checking dimensions, ratings and interface.","Verify datasheet ratings, polarity and safe mounting before powering the robot.",https://robu.in/?s=Small+TFT+Touch+Display&post_type=product,https://robocraze.com/search?q=Small+TFT+Touch+Display,https://www.amazon.in/s?k=Small+TFT+Touch+Display,Small TFT Touch Display,P1,Humanoid; Companion; Social; Service Robot,"Adds speech, touch, gesture and expressive feedback for social/service robots.",GAP-099
HMI-009,Speaker Module,Human Interaction & Audio,Robot interaction part,"Provides speech, alerts and audio feedback.",Intermediate,3.3–5V logic; verify model,1+,Speaker Module,MCU/SBC; HMI software; robot enclosure,Humanoid Robot; Social Robot; Service Robot,"Buying by appearance instead of checking dimensions, ratings and interface.","Verify datasheet ratings, polarity and safe mounting before powering the robot.",https://robu.in/?s=Speaker+Module&post_type=product,https://robocraze.com/search?q=Speaker+Module,https://www.amazon.in/s?k=Speaker+Module,Speaker Module,P1,Humanoid; Companion; Social; Service Robot,"Adds speech, touch, gesture and expressive feedback for social/service robots.",GAP-093
HMI-010,Touch Sensor,Human Interaction & Audio,Robot interaction part,Supports communication and interaction between people and robots.,Intermediate,3.3–5V logic; verify model,1+,Touch Sensor,MCU/SBC; HMI software; robot enclosure,Humanoid Robot; Social Robot; Service Robot,"Using the wrong logic voltage, interface or wiring.","Verify datasheet ratings, polarity and safe mounting before powering the robot.",https://robu.in/?s=Touch+Sensor&post_type=product,https://robocraze.com/search?q=Touch+Sensor,https://www.amazon.in/s?k=Touch+Sensor,Touch Sensor,P1,Humanoid; Companion; Social; Service Robot,"Adds speech, touch, gesture and expressive feedback for social/service robots.",GAP-095
IMU-001,BNO055 9-DOF IMU,IMU & Orientation,Balance sensor,Measures motion and orientation for balance and state estimation.,Intermediate,3.3–5V logic; verify model,1+,BNO055 9-DOF IMU,MCU/SBC; ROS 2; balance/navigation stack,Humanoid Robot; Robot Dog; Drone,"Using the wrong logic voltage, interface or wiring.","Verify datasheet ratings, polarity and safe mounting before powering the robot.",https://robu.in/?s=BNO055+9-DOF+IMU&post_type=product,https://robocraze.com/search?q=BNO055+9-DOF+IMU,https://www.amazon.in/s?k=BNO055+9-DOF+IMU,BNO055 9-DOF IMU,P1,Humanoid; Quadruped; Drone; AMR,Adds better orientation and state-estimation options beyond MPU6050.,GAP-065
IMU-002,BNO085/BNO086 IMU,IMU & Orientation,Balance sensor,Measures motion and orientation for balance and state estimation.,Intermediate,3.3–5V logic; verify model,1+,BNO085/BNO086 IMU,MCU/SBC; ROS 2; balance/navigation stack,Humanoid Robot; Robot Dog; Drone,"Using the wrong logic voltage, interface or wiring.","Verify datasheet ratings, polarity and safe mounting before powering the robot.",https://robu.in/?s=BNO085%2FBNO086+IMU&post_type=product,https://robocraze.com/search?q=BNO085%2FBNO086+IMU,https://www.amazon.in/s?k=BNO085%2FBNO086+IMU,BNO085/BNO086 IMU,P1,Humanoid; Quadruped; Drone; AMR,Adds better orientation and state-estimation options beyond MPU6050.,GAP-066
IMU-003,Barometric Altimeter,IMU & Orientation,Balance sensor,"Measures robot motion, tilt and orientation.",Intermediate,Passive / model dependent,1+,Barometric Altimeter,MCU/SBC; ROS 2; balance/navigation stack,Humanoid Robot; Robot Dog; Drone,"Buying by appearance instead of checking dimensions, ratings and interface.","Verify datasheet ratings, polarity and safe mounting before powering the robot.",https://robu.in/?s=Barometric+Altimeter&post_type=product,https://robocraze.com/search?q=Barometric+Altimeter,https://www.amazon.in/s?k=Barometric+Altimeter,Barometric Altimeter,P1,Humanoid; Quadruped; Drone; AMR,Adds better orientation and state-estimation options beyond MPU6050.,GAP-070
IMU-004,High-Rate Industrial IMU,IMU & Orientation,Balance sensor,Measures motion and orientation for balance and state estimation.,Intermediate,3.3–5V logic; verify model,1+,High-Rate Industrial IMU,MCU/SBC; ROS 2; balance/navigation stack,Humanoid Robot; Robot Dog; Drone,"Using the wrong logic voltage, interface or wiring.","Verify datasheet ratings, polarity and safe mounting before powering the robot.",https://robu.in/?s=High-Rate+Industrial+IMU&post_type=product,https://robocraze.com/search?q=High-Rate+Industrial+IMU,https://www.amazon.in/s?k=High-Rate+Industrial+IMU,High-Rate Industrial IMU,P1,Humanoid; Quadruped; Drone; AMR,Adds better orientation and state-estimation options beyond MPU6050.,GAP-068
IMU-005,ICM-20948 9-DOF IMU,IMU & Orientation,Balance sensor,Measures motion and orientation for balance and state estimation.,Intermediate,3.3–5V logic; verify model,1+,ICM-20948 9-DOF IMU,MCU/SBC; ROS 2; balance/navigation stack,Humanoid Robot; Robot Dog; Drone,"Using the wrong logic voltage, interface or wiring.","Verify datasheet ratings, polarity and safe mounting before powering the robot.",https://robu.in/?s=ICM-20948+9-DOF+IMU&post_type=product,https://robocraze.com/search?q=ICM-20948+9-DOF+IMU,https://www.amazon.in/s?k=ICM-20948+9-DOF+IMU,ICM-20948 9-DOF IMU,P1,Humanoid; Quadruped; Drone; AMR,Adds better orientation and state-estimation options beyond MPU6050.,GAP-067
IMU-006,Magnetometer Module,IMU & Orientation,Balance sensor,"Measures robot motion, tilt and orientation.",Intermediate,3.3–5V logic; verify model,1+,Magnetometer Module,MCU/SBC; ROS 2; balance/navigation stack,Humanoid Robot; Robot Dog; Drone,"Buying by appearance instead of checking dimensions, ratings and interface.","Verify datasheet ratings, polarity and safe mounting before powering the robot.",https://robu.in/?s=Magnetometer+Module&post_type=product,https://robocraze.com/search?q=Magnetometer+Module,https://www.amazon.in/s?k=Magnetometer+Module,Magnetometer Module,P1,Humanoid; Quadruped; Drone; AMR,Adds better orientation and state-estimation options beyond MPU6050.,GAP-069
TRN-001,Ball Screw,Mechanical Transmission,Motion transfer part,Transfers motion and torque between motors and robot mechanisms.,Intermediate,Passive / model dependent,1+,Ball Screw,Motors; shafts; bearings; robot frames,Robotic Arm; Humanoid Robot; Robot Dog,"Misalignment, poor fit or undersizing the mechanical load.","Verify datasheet ratings, polarity and safe mounting before powering the robot.",https://robu.in/?s=Ball+Screw&post_type=product,https://robocraze.com/search?q=Ball+Screw,https://www.amazon.in/s?k=Ball+Screw,Ball Screw,P1,Arm; Humanoid; Quadruped; Mobile; Custom Robot,Needed to transmit motion efficiently in joints and mechanisms.,GAP-130
TRN-002,CV Joint,Mechanical Transmission,Motion transfer part,Transfers motion and torque between motors and robot mechanisms.,Intermediate,Passive / model dependent,1+,CV Joint,Motors; shafts; bearings; robot frames,Robotic Arm; Humanoid Robot; Robot Dog,"Misalignment, poor fit or undersizing the mechanical load.",Pinch/crush hazard; test at low current/speed and use an emergency stop on larger robots.,https://robu.in/?s=CV+Joint&post_type=product,https://robocraze.com/search?q=CV+Joint,https://www.amazon.in/s?k=CV+Joint,CV Joint,P1,Arm; Humanoid; Quadruped; Mobile; Custom Robot,Needed to transmit motion efficiently in joints and mechanisms.,GAP-135
TRN-003,Cable / Bowden Transmission,Mechanical Transmission,Motion transfer part,Transfers motion and torque between motors and robot mechanisms.,Intermediate,Passive / model dependent,1+,Cable / Bowden Transmission,Motors; shafts; bearings; robot frames,Robotic Arm; Humanoid Robot; Robot Dog,"Misalignment, poor fit or undersizing the mechanical load.","Verify datasheet ratings, polarity and safe mounting before powering the robot.",https://robu.in/?s=Cable+%2F+Bowden+Transmission&post_type=product,https://robocraze.com/search?q=Cable+%2F+Bowden+Transmission,https://www.amazon.in/s?k=Cable+%2F+Bowden+Transmission,Cable / Bowden Transmission,P1,Arm; Humanoid; Quadruped; Mobile; Custom Robot,Needed to transmit motion efficiently in joints and mechanisms.,GAP-136
TRN-004,Capstan Drive,Mechanical Transmission,Motion transfer part,Transfers motion and torque between motors and robot mechanisms.,Intermediate,Passive / model dependent,1+,Capstan Drive,Motors; shafts; bearings; robot frames,Robotic Arm; Humanoid Robot; Robot Dog,"Misalignment, poor fit or undersizing the mechanical load.","Verify datasheet ratings, polarity and safe mounting before powering the robot.",https://robu.in/?s=Capstan+Drive&post_type=product,https://robocraze.com/search?q=Capstan+Drive,https://www.amazon.in/s?k=Capstan+Drive,Capstan Drive,P1,Arm; Humanoid; Quadruped; Mobile; Custom Robot,Needed to transmit motion efficiently in joints and mechanisms.,GAP-137
TRN-005,Chain and Sprocket,Mechanical Transmission,Motion transfer part,Transfers motion and torque between motors and robot mechanisms.,Intermediate,Passive / model dependent,1+,Chain and Sprocket,Motors; shafts; bearings; robot frames,Robotic Arm; Humanoid Robot; Robot Dog,"Misalignment, poor fit or undersizing the mechanical load.","Verify datasheet ratings, polarity and safe mounting before powering the robot.",https://robu.in/?s=Chain+and+Sprocket&post_type=product,https://robocraze.com/search?q=Chain+and+Sprocket,https://www.amazon.in/s?k=Chain+and+Sprocket,Chain and Sprocket,P1,Arm; Humanoid; Quadruped; Mobile; Custom Robot,Needed to transmit motion efficiently in joints and mechanisms.,GAP-128
TRN-006,Flexible Coupler,Mechanical Transmission,Motion transfer part,Transfers motion and torque between motors and robot mechanisms.,Intermediate,Passive / model dependent,1+,Flexible Coupler,Motors; shafts; bearings; robot frames,Robotic Arm; Humanoid Robot; Robot Dog,"Misalignment, poor fit or undersizing the mechanical load.","Verify datasheet ratings, polarity and safe mounting before powering the robot.",https://robu.in/?s=Flexible+Coupler&post_type=product,https://robocraze.com/search?q=Flexible+Coupler,https://www.amazon.in/s?k=Flexible+Coupler,Flexible Coupler,P1,Arm; Humanoid; Quadruped; Mobile; Custom Robot,Needed to transmit motion efficiently in joints and mechanisms.,GAP-133
TRN-007,GT2 Belt and Pulley,Mechanical Transmission,Motion transfer part,Transfers motion and torque between motors and robot mechanisms.,Intermediate,Passive / model dependent,1+,GT2 Belt and Pulley,Motors; shafts; bearings; robot frames,Robotic Arm; Humanoid Robot; Robot Dog,"Misalignment, poor fit or undersizing the mechanical load.","Verify datasheet ratings, polarity and safe mounting before powering the robot.",https://robu.in/?s=GT2+Belt+and+Pulley&post_type=product,https://robocraze.com/search?q=GT2+Belt+and+Pulley,https://www.amazon.in/s?k=GT2+Belt+and+Pulley,GT2 Belt and Pulley,P1,Arm; Humanoid; Quadruped; Mobile; Custom Robot,Needed to transmit motion efficiently in joints and mechanisms.,GAP-127
TRN-008,Lead Screw + Nut,Mechanical Transmission,Motion transfer part,Transfers motion and torque between motors and robot mechanisms.,Intermediate,Passive / model dependent,1+,Lead Screw + Nut,Motors; shafts; bearings; robot frames,Robotic Arm; Humanoid Robot; Robot Dog,"Misalignment, poor fit or undersizing the mechanical load.","Verify datasheet ratings, polarity and safe mounting before powering the robot.",https://robu.in/?s=Lead+Screw+%2B+Nut&post_type=product,https://robocraze.com/search?q=Lead+Screw+%2B+Nut,https://www.amazon.in/s?k=Lead+Screw+%2B+Nut,Lead Screw + Nut,P1,Arm; Humanoid; Quadruped; Mobile; Custom Robot,Needed to transmit motion efficiently in joints and mechanisms.,GAP-129
TRN-009,Rack and Pinion,Mechanical Transmission,Motion transfer part,Transfers motion and torque between motors and robot mechanisms.,Intermediate,Passive / model dependent,1+,Rack and Pinion,Motors; shafts; bearings; robot frames,Robotic Arm; Humanoid Robot; Robot Dog,"Misalignment, poor fit or undersizing the mechanical load.","Verify datasheet ratings, polarity and safe mounting before powering the robot.",https://robu.in/?s=Rack+and+Pinion&post_type=product,https://robocraze.com/search?q=Rack+and+Pinion,https://www.amazon.in/s?k=Rack+and+Pinion,Rack and Pinion,P1,Arm; Humanoid; Quadruped; Mobile; Custom Robot,Needed to transmit motion efficiently in joints and mechanisms.,GAP-131
TRN-010,Shaft Coupler,Mechanical Transmission,Motion transfer part,Transfers motion and torque between motors and robot mechanisms.,Intermediate,Passive / model dependent,1+,Shaft Coupler,Motors; shafts; bearings; robot frames,Robotic Arm; Humanoid Robot; Robot Dog,"Misalignment, poor fit or undersizing the mechanical load.","Verify datasheet ratings, polarity and safe mounting before powering the robot.",https://robu.in/?s=Shaft+Coupler&post_type=product,https://robocraze.com/search?q=Shaft+Coupler,https://www.amazon.in/s?k=Shaft+Coupler,Shaft Coupler,P1,Arm; Humanoid; Quadruped; Mobile; Custom Robot,Needed to transmit motion efficiently in joints and mechanisms.,GAP-132
TRN-011,Timing Belt + Pulley Set,Mechanical Transmission,Motion transfer part,Transfers motion and torque between motors and robot mechanisms.,Intermediate,Passive / model dependent,1+,Timing Belt + Pulley Set,Motors; shafts; bearings; robot frames,Robotic Arm; Humanoid Robot; Robot Dog,"Misalignment, poor fit or undersizing the mechanical load.","Verify datasheet ratings, polarity and safe mounting before powering the robot.",https://robu.in/?s=Timing+Belt+%2B+Pulley+Set&post_type=product,https://robocraze.com/search?q=Timing+Belt+%2B+Pulley+Set,https://www.amazon.in/s?k=Timing+Belt+%2B+Pulley+Set,Timing Belt + Pulley Set,P1,Arm; Humanoid; Quadruped; Mobile; Custom Robot,Needed to transmit motion efficiently in joints and mechanisms.,GAP-126
TRN-012,Universal Joint,Mechanical Transmission,Motion transfer part,Transfers motion and torque between motors and robot mechanisms.,Intermediate,Passive / model dependent,1+,Universal Joint,Motors; shafts; bearings; robot frames,Robotic Arm; Humanoid Robot; Robot Dog,"Misalignment, poor fit or undersizing the mechanical load.",Pinch/crush hazard; test at low current/speed and use an emergency stop on larger robots.,https://robu.in/?s=Universal+Joint&post_type=product,https://robocraze.com/search?q=Universal+Joint,https://www.amazon.in/s?k=Universal+Joint,Universal Joint,P1,Arm; Humanoid; Quadruped; Mobile; Custom Robot,Needed to transmit motion efficiently in joints and mechanisms.,GAP-134
MOB-001,BLDC Wheel Motor,Mobile Robot Drive,Robot driving part,"Produces mechanical motion for joints, wheels, propellers or mechanisms.",Intermediate,Varies by model; verify rated voltage,1+,BLDC Wheel Motor,Motor drivers; chassis; battery; navigation controller,Autonomous Mobile Robot; Underwater ROV,"Ignoring current, voltage or stall-load ratings.",Pinch/crush hazard; test at low current/speed and use an emergency stop on larger robots.,https://robu.in/?s=BLDC+Wheel+Motor&post_type=product,https://robocraze.com/search?q=BLDC+Wheel+Motor,https://www.amazon.in/s?k=BLDC+Wheel+Motor,BLDC Wheel Motor,P1,AMR; Rover; Delivery; Inspection Robot,Extends the database beyond basic 2WD chassis.,GAP-210
MOB-002,Differential Drive Gearmotor,Mobile Robot Drive,Robot driving part,"Produces mechanical motion for joints, wheels, propellers or mechanisms.",Intermediate,Varies by model; verify rated voltage,1+,Differential Drive Gearmotor,Motor drivers; chassis; battery; navigation controller,Autonomous Mobile Robot; Underwater ROV,"Ignoring current, voltage or stall-load ratings.",Pinch/crush hazard; test at low current/speed and use an emergency stop on larger robots.,https://robu.in/?s=Differential+Drive+Gearmotor&post_type=product,https://robocraze.com/search?q=Differential+Drive+Gearmotor,https://www.amazon.in/s?k=Differential+Drive+Gearmotor,Differential Drive Gearmotor,P1,AMR; Rover; Delivery; Inspection Robot,Extends the database beyond basic 2WD chassis.,GAP-212
MOB-003,Hub Motor,Mobile Robot Drive,Robot driving part,"Produces mechanical motion for joints, wheels, propellers or mechanisms.",Intermediate,Varies by model; verify rated voltage,1+,Hub Motor,Motor drivers; chassis; battery; navigation controller,Autonomous Mobile Robot; Underwater ROV,"Ignoring current, voltage or stall-load ratings.",Pinch/crush hazard; test at low current/speed and use an emergency stop on larger robots.,https://robu.in/?s=Hub+Motor&post_type=product,https://robocraze.com/search?q=Hub+Motor,https://www.amazon.in/s?k=Hub+Motor,Hub Motor,P1,AMR; Rover; Delivery; Inspection Robot,Extends the database beyond basic 2WD chassis.,GAP-209
MOB-004,Mecanum Wheel,Mobile Robot Drive,Robot driving part,"Provides wheel, track, steering or suspension motion for mobile robots.",Intermediate,Varies by model; verify rated voltage,1+,Mecanum Wheel,Motor drivers; chassis; battery; navigation controller,Autonomous Mobile Robot; Underwater ROV,"Buying by appearance instead of checking dimensions, ratings and interface.","Verify datasheet ratings, polarity and safe mounting before powering the robot.",https://robu.in/?s=Mecanum+Wheel&post_type=product,https://robocraze.com/search?q=Mecanum+Wheel,https://www.amazon.in/s?k=Mecanum+Wheel,Mecanum Wheel,P1,AMR; Rover; Delivery; Inspection Robot,Extends the database beyond basic 2WD chassis.,GAP-207
MOB-005,Omnidirectional Wheel,Mobile Robot Drive,Robot driving part,"Provides wheel, track, steering or suspension motion for mobile robots.",Intermediate,Varies by model; verify rated voltage,1+,Omnidirectional Wheel,Motor drivers; chassis; battery; navigation controller,Autonomous Mobile Robot; Underwater ROV,"Buying by appearance instead of checking dimensions, ratings and interface.","Verify datasheet ratings, polarity and safe mounting before powering the robot.",https://robu.in/?s=Omnidirectional+Wheel&post_type=product,https://robocraze.com/search?q=Omnidirectional+Wheel,https://www.amazon.in/s?k=Omnidirectional+Wheel,Omnidirectional Wheel,P1,AMR; Rover; Delivery; Inspection Robot,Extends the database beyond basic 2WD chassis.,GAP-208
MOB-006,Rubber Track Set,Mobile Robot Drive,Robot driving part,"Provides wheel, track, steering or suspension motion for mobile robots.",Intermediate,Varies by model; verify rated voltage,1+,Rubber Track Set,Motor drivers; chassis; battery; navigation controller,Autonomous Mobile Robot; Underwater ROV,"Buying by appearance instead of checking dimensions, ratings and interface.","Verify datasheet ratings, polarity and safe mounting before powering the robot.",https://robu.in/?s=Rubber+Track+Set&post_type=product,https://robocraze.com/search?q=Rubber+Track+Set,https://www.amazon.in/s?k=Rubber+Track+Set,Rubber Track Set,P1,AMR; Rover; Delivery; Inspection Robot,Extends the database beyond basic 2WD chassis.,GAP-214
MOB-007,Steering Servo / Ackermann Steering Set,Mobile Robot Drive,Robot driving part,"Provides wheel, track, steering or suspension motion for mobile robots.",Intermediate,Varies by model; verify rated voltage,1+,Steering Servo / Ackermann Steering Set,Motor drivers; chassis; battery; navigation controller,Autonomous Mobile Robot; Underwater ROV,"Ignoring current, voltage or stall-load ratings.",Pinch/crush hazard; test at low current/speed and use an emergency stop on larger robots.,https://robu.in/?s=Steering+Servo+%2F+Ackermann+Steering+Set&post_type=product,https://robocraze.com/search?q=Steering+Servo+%2F+Ackermann+Steering+Set,https://www.amazon.in/s?k=Steering+Servo+%2F+Ackermann+Steering+Set,Steering Servo / Ackermann Steering Set,P1,AMR; Rover; Delivery; Inspection Robot,Extends the database beyond basic 2WD chassis.,GAP-216
MOB-008,Suspension Module,Mobile Robot Drive,Robot driving part,"Provides wheel, track, steering or suspension motion for mobile robots.",Intermediate,3.3–5V logic; verify model,1+,Suspension Module,Motor drivers; chassis; battery; navigation controller,Autonomous Mobile Robot; Underwater ROV,"Buying by appearance instead of checking dimensions, ratings and interface.","Verify datasheet ratings, polarity and safe mounting before powering the robot.",https://robu.in/?s=Suspension+Module&post_type=product,https://robocraze.com/search?q=Suspension+Module,https://www.amazon.in/s?k=Suspension+Module,Suspension Module,P1,AMR; Rover; Delivery; Inspection Robot,Extends the database beyond basic 2WD chassis.,GAP-215
MOB-009,Tracked Robot Chassis,Mobile Robot Drive,Robot driving part,"Provides wheel, track, steering or suspension motion for mobile robots.",Intermediate,Varies by model; verify rated voltage,1+,Tracked Robot Chassis,Motor drivers; chassis; battery; navigation controller,Autonomous Mobile Robot; Underwater ROV,"Buying by appearance instead of checking dimensions, ratings and interface.","Verify datasheet ratings, polarity and safe mounting before powering the robot.",https://robu.in/?s=Tracked+Robot+Chassis&post_type=product,https://robocraze.com/search?q=Tracked+Robot+Chassis,https://www.amazon.in/s?k=Tracked+Robot+Chassis,Tracked Robot Chassis,P1,AMR; Rover; Delivery; Inspection Robot,Extends the database beyond basic 2WD chassis.,GAP-213
MOB-010,Wheel Encoder Motor,Mobile Robot Drive,Robot driving part,Measures shaft or joint position for closed-loop robot control.,Intermediate,3.3–5V logic; verify model,1+,Wheel Encoder Motor,Motor drivers; chassis; battery; navigation controller,Autonomous Mobile Robot; Underwater ROV,"Ignoring current, voltage or stall-load ratings.",Pinch/crush hazard; test at low current/speed and use an emergency stop on larger robots.,https://robu.in/?s=Wheel+Encoder+Motor&post_type=product,https://robocraze.com/search?q=Wheel+Encoder+Motor,https://www.amazon.in/s?k=Wheel+Encoder+Motor,Wheel Encoder Motor,P1,AMR; Rover; Delivery; Inspection Robot,Extends the database beyond basic 2WD chassis.,GAP-211
TOOL-004,3D Printer Filament PLA/PETG/TPU,Prototyping & Fabrication,Robot builder tool,"Helps build, assemble, measure or debug robotics hardware.",Intermediate,Passive / model dependent,1+,3D Printer Filament PLA/PETG/TPU,General electronics and mechanical robot builds,Robot Workshop,"Buying by appearance instead of checking dimensions, ratings and interface.","Verify datasheet ratings, polarity and safe mounting before powering the robot.",https://robu.in/?s=3D+Printer+Filament+PLA%2FPETG%2FTPU&post_type=product,https://robocraze.com/search?q=3D+Printer+Filament+PLA%2FPETG%2FTPU,https://www.amazon.in/s?k=3D+Printer+Filament+PLA%2FPETG%2FTPU,3D Printer Filament PLA/PETG/TPU,P1,All robot builders,The current tools section is too small for building and debugging complete robots.,GAP-280
TOOL-005,Bench Power Supply,Prototyping & Fabrication,Robot builder tool,"Helps build, assemble, measure or debug robotics hardware.",Intermediate,Passive / model dependent,1+,Bench Power Supply,General electronics and mechanical robot builds,Robot Workshop,"Buying by appearance instead of checking dimensions, ratings and interface.","Verify datasheet ratings, polarity and safe mounting before powering the robot.",https://robu.in/?s=Bench+Power+Supply&post_type=product,https://robocraze.com/search?q=Bench+Power+Supply,https://www.amazon.in/s?k=Bench+Power+Supply,Bench Power Supply,P1,All robot builders,The current tools section is too small for building and debugging complete robots.,GAP-279
TOOL-006,Caliper,Prototyping & Fabrication,Robot builder tool,"Helps build, assemble, measure or debug robotics hardware.",Intermediate,Passive / model dependent,1+,Caliper,General electronics and mechanical robot builds,Robot Workshop,"Buying by appearance instead of checking dimensions, ratings and interface.","Verify datasheet ratings, polarity and safe mounting before powering the robot.",https://robu.in/?s=Caliper&post_type=product,https://robocraze.com/search?q=Caliper,https://www.amazon.in/s?k=Caliper,Caliper,P1,All robot builders,The current tools section is too small for building and debugging complete robots.,GAP-276
TOOL-007,Crimping Tool,Prototyping & Fabrication,Robot builder tool,"Helps build, assemble, measure or debug robotics hardware.",Intermediate,Passive / model dependent,1+,Crimping Tool,General electronics and mechanical robot builds,Robot Workshop,"Buying by appearance instead of checking dimensions, ratings and interface.","Verify datasheet ratings, polarity and safe mounting before powering the robot.",https://robu.in/?s=Crimping+Tool&post_type=product,https://robocraze.com/search?q=Crimping+Tool,https://www.amazon.in/s?k=Crimping+Tool,Crimping Tool,P1,All robot builders,The current tools section is too small for building and debugging complete robots.,GAP-272
TOOL-008,Desoldering Pump,Prototyping & Fabrication,Robot builder tool,"Helps build, assemble, measure or debug robotics hardware.",Intermediate,Passive / model dependent,1+,Desoldering Pump,General electronics and mechanical robot builds,Robot Workshop,"Buying by appearance instead of checking dimensions, ratings and interface.",Hot-tool/burn hazard; use eye protection and ventilation.,https://robu.in/?s=Desoldering+Pump&post_type=product,https://robocraze.com/search?q=Desoldering+Pump,https://www.amazon.in/s?k=Desoldering+Pump,Desoldering Pump,P1,All robot builders,The current tools section is too small for building and debugging complete robots.,GAP-271
TOOL-009,Epoxy Adhesive,Prototyping & Fabrication,Robot builder tool,"Helps build, assemble, measure or debug robotics hardware.",Intermediate,Passive / model dependent,1+,Epoxy Adhesive,General electronics and mechanical robot builds,Robot Workshop,"Buying by appearance instead of checking dimensions, ratings and interface.","Verify datasheet ratings, polarity and safe mounting before powering the robot.",https://robu.in/?s=Epoxy+Adhesive&post_type=product,https://robocraze.com/search?q=Epoxy+Adhesive,https://www.amazon.in/s?k=Epoxy+Adhesive,Epoxy Adhesive,P1,All robot builders,The current tools section is too small for building and debugging complete robots.,GAP-282
TOOL-010,Ferrule Crimper,Prototyping & Fabrication,Robot builder tool,"Helps build, assemble, measure or debug robotics hardware.",Intermediate,Passive / model dependent,1+,Ferrule Crimper,General electronics and mechanical robot builds,Robot Workshop,"Buying by appearance instead of checking dimensions, ratings and interface.","Verify datasheet ratings, polarity and safe mounting before powering the robot.",https://robu.in/?s=Ferrule+Crimper&post_type=product,https://robocraze.com/search?q=Ferrule+Crimper,https://www.amazon.in/s?k=Ferrule+Crimper,Ferrule Crimper,P1,All robot builders,The current tools section is too small for building and debugging complete robots.,GAP-274
TOOL-011,Flux,Prototyping & Fabrication,Robot builder tool,"Helps build, assemble, measure or debug robotics hardware.",Intermediate,Passive / model dependent,1+,Flux,General electronics and mechanical robot builds,Robot Workshop,"Buying by appearance instead of checking dimensions, ratings and interface.","Verify datasheet ratings, polarity and safe mounting before powering the robot.",https://robu.in/?s=Flux&post_type=product,https://robocraze.com/search?q=Flux,https://www.amazon.in/s?k=Flux,Flux,P1,All robot builders,The current tools section is too small for building and debugging complete robots.,GAP-270
TOOL-012,Heat Gun,Prototyping & Fabrication,Robot builder tool,"Helps build, assemble, measure or debug robotics hardware.",Intermediate,Passive / model dependent,1+,Heat Gun,General electronics and mechanical robot builds,Robot Workshop,"Buying by appearance instead of checking dimensions, ratings and interface.",Hot-tool/burn hazard; use eye protection and ventilation.,https://robu.in/?s=Heat+Gun&post_type=product,https://robocraze.com/search?q=Heat+Gun,https://www.amazon.in/s?k=Heat+Gun,Heat Gun,P1,All robot builders,The current tools section is too small for building and debugging complete robots.,GAP-275
TOOL-013,JST Crimp Tool,Prototyping & Fabrication,Robot builder tool,"Helps build, assemble, measure or debug robotics hardware.",Intermediate,Passive / model dependent,1+,JST Crimp Tool,General electronics and mechanical robot builds,Robot Workshop,"Buying by appearance instead of checking dimensions, ratings and interface.","Verify datasheet ratings, polarity and safe mounting before powering the robot.",https://robu.in/?s=JST+Crimp+Tool&post_type=product,https://robocraze.com/search?q=JST+Crimp+Tool,https://www.amazon.in/s?k=JST+Crimp+Tool,JST Crimp Tool,P1,All robot builders,The current tools section is too small for building and debugging complete robots.,GAP-273
TOOL-014,Logic Analyzer,Prototyping & Fabrication,Robot builder tool,"Helps build, assemble, measure or debug robotics hardware.",Intermediate,Passive / model dependent,1+,Logic Analyzer,General electronics and mechanical robot builds,Robot Workshop,"Buying by appearance instead of checking dimensions, ratings and interface.","Verify datasheet ratings, polarity and safe mounting before powering the robot.",https://robu.in/?s=Logic+Analyzer&post_type=product,https://robocraze.com/search?q=Logic+Analyzer,https://www.amazon.in/s?k=Logic+Analyzer,Logic Analyzer,P1,All robot builders,The current tools section is too small for building and debugging complete robots.,GAP-277
TOOL-015,Oscilloscope,Prototyping & Fabrication,Robot builder tool,"Helps build, assemble, measure or debug robotics hardware.",Intermediate,Passive / model dependent,1+,Oscilloscope,General electronics and mechanical robot builds,Robot Workshop,"Buying by appearance instead of checking dimensions, ratings and interface.","Verify datasheet ratings, polarity and safe mounting before powering the robot.",https://robu.in/?s=Oscilloscope&post_type=product,https://robocraze.com/search?q=Oscilloscope,https://www.amazon.in/s?k=Oscilloscope,Oscilloscope,P1,All robot builders,The current tools section is too small for building and debugging complete robots.,GAP-278
TOOL-016,Solder Wire,Prototyping & Fabrication,Robot builder tool,"Helps build, assemble, measure or debug robotics hardware.",Intermediate,Passive / model dependent,1+,Solder Wire,General electronics and mechanical robot builds,Robot Workshop,"Buying by appearance instead of checking dimensions, ratings and interface.",Hot-tool/burn hazard; use eye protection and ventilation.,https://robu.in/?s=Solder+Wire&post_type=product,https://robocraze.com/search?q=Solder+Wire,https://www.amazon.in/s?k=Solder+Wire,Solder Wire,P1,All robot builders,The current tools section is too small for building and debugging complete robots.,GAP-269
TOOL-017,Soldering Iron Station,Prototyping & Fabrication,Robot builder tool,"Helps build, assemble, measure or debug robotics hardware.",Intermediate,Passive / model dependent,1+,Soldering Iron Station,General electronics and mechanical robot builds,Robot Workshop,"Buying by appearance instead of checking dimensions, ratings and interface.",Hot-tool/burn hazard; use eye protection and ventilation.,https://robu.in/?s=Soldering+Iron+Station&post_type=product,https://robocraze.com/search?q=Soldering+Iron+Station,https://www.amazon.in/s?k=Soldering+Iron+Station,Soldering Iron Station,P1,All robot builders,The current tools section is too small for building and debugging complete robots.,GAP-268
TOOL-018,Threadlocker,Prototyping & Fabrication,Robot builder tool,"Helps build, assemble, measure or debug robotics hardware.",Intermediate,Passive / model dependent,1+,Threadlocker,General electronics and mechanical robot builds,Robot Workshop,"Buying by appearance instead of checking dimensions, ratings and interface.","Verify datasheet ratings, polarity and safe mounting before powering the robot.",https://robu.in/?s=Threadlocker&post_type=product,https://robocraze.com/search?q=Threadlocker,https://www.amazon.in/s?k=Threadlocker,Threadlocker,P1,All robot builders,The current tools section is too small for building and debugging complete robots.,GAP-281
UAV-001,Barometer,Drone / Aerial Robotics,Flying robot part,"Supports propulsion, stabilization or navigation of aerial robots.",Intermediate,Varies by model; verify rated voltage,1+,Barometer,Flight controller; battery; frame; telemetry,Drone,"Buying by appearance instead of checking dimensions, ratings and interface.","Verify datasheet ratings, polarity and safe mounting before powering the robot.",https://robu.in/?s=Barometer&post_type=product,https://robocraze.com/search?q=Barometer,https://www.amazon.in/s?k=Barometer,Barometer,P2,Quadcopter; UAV; VTOL,"Needed if the database is intended to cover all robot types, including aerial robots.",GAP-225
UAV-002,Brushless Outrunner Motor,Drone / Aerial Robotics,Flying robot part,"Produces mechanical motion for joints, wheels, propellers or mechanisms.",Intermediate,Varies by model; verify rated voltage,4+ for quadcopter,Brushless Outrunner Motor,Flight controller; battery; frame; telemetry,Drone,"Ignoring current, voltage or stall-load ratings.",Pinch/crush hazard; test at low current/speed and use an emergency stop on larger robots.,https://robu.in/?s=Brushless+Outrunner+Motor&post_type=product,https://robocraze.com/search?q=Brushless+Outrunner+Motor,https://www.amazon.in/s?k=Brushless+Outrunner+Motor,Brushless Outrunner Motor,P2,Quadcopter; UAV; VTOL,"Needed if the database is intended to cover all robot types, including aerial robots.",GAP-217
UAV-003,Drone Frame,Drone / Aerial Robotics,Flying robot part,"Supports propulsion, stabilization or navigation of aerial robots.",Intermediate,Varies by model; verify rated voltage,1+,Drone Frame,Flight controller; battery; frame; telemetry,Drone,"Buying by appearance instead of checking dimensions, ratings and interface.","Verify datasheet ratings, polarity and safe mounting before powering the robot.",https://robu.in/?s=Drone+Frame&post_type=product,https://robocraze.com/search?q=Drone+Frame,https://www.amazon.in/s?k=Drone+Frame,Drone Frame,P2,Quadcopter; UAV; VTOL,"Needed if the database is intended to cover all robot types, including aerial robots.",GAP-226
UAV-004,Electronic Speed Controller (ESC),Drone / Aerial Robotics,Flying robot part,Provides electronic control for motors or robot subsystems.,Intermediate,Varies by model; verify rated voltage,4+ for quadcopter,Electronic Speed Controller (ESC),Flight controller; battery; frame; telemetry,Drone,"Ignoring current, voltage or stall-load ratings.",Remove propellers during bench tests and keep hands clear of rotating parts.,https://robu.in/?s=Electronic+Speed+Controller+%28ESC%29&post_type=product,https://robocraze.com/search?q=Electronic+Speed+Controller+%28ESC%29,https://www.amazon.in/s?k=Electronic+Speed+Controller+%28ESC%29,Electronic Speed Controller (ESC),P2,Quadcopter; UAV; VTOL,"Needed if the database is intended to cover all robot types, including aerial robots.",GAP-218
UAV-005,FPV Camera,Drone / Aerial Robotics,Flying robot part,"Provides visual perception for detection, tracking, navigation or manipulation.",Intermediate,Varies by model; verify rated voltage,1+,FPV Camera,Flight controller; battery; frame; telemetry,Drone,"Using the wrong logic voltage, interface or wiring.","Verify datasheet ratings, polarity and safe mounting before powering the robot.",https://robu.in/?s=FPV+Camera&post_type=product,https://robocraze.com/search?q=FPV+Camera,https://www.amazon.in/s?k=FPV+Camera,FPV Camera,P2,Quadcopter; UAV; VTOL,"Needed if the database is intended to cover all robot types, including aerial robots.",GAP-224
UAV-006,Flight Controller,Drone / Aerial Robotics,Flying robot part,Provides electronic control for motors or robot subsystems.,Intermediate,Varies by model; verify rated voltage,1+,Flight Controller,Flight controller; battery; frame; telemetry,Drone,"Buying by appearance instead of checking dimensions, ratings and interface.","Verify datasheet ratings, polarity and safe mounting before powering the robot.",https://robu.in/?s=Flight+Controller&post_type=product,https://robocraze.com/search?q=Flight+Controller,https://www.amazon.in/s?k=Flight+Controller,Flight Controller,P2,Quadcopter; UAV; VTOL,"Needed if the database is intended to cover all robot types, including aerial robots.",GAP-220
UAV-007,GPS Compass Module,Drone / Aerial Robotics,Flying robot part,"Supports propulsion, stabilization or navigation of aerial robots.",Intermediate,3.3–5V logic; verify model,1+,GPS Compass Module,Flight controller; battery; frame; telemetry,Drone,"Buying by appearance instead of checking dimensions, ratings and interface.","Verify datasheet ratings, polarity and safe mounting before powering the robot.",https://robu.in/?s=GPS+Compass+Module&post_type=product,https://robocraze.com/search?q=GPS+Compass+Module,https://www.amazon.in/s?k=GPS+Compass+Module,GPS Compass Module,P2,Quadcopter; UAV; VTOL,"Needed if the database is intended to cover all robot types, including aerial robots.",GAP-222
UAV-008,Landing Gear,Drone / Aerial Robotics,Flying robot part,"Supports propulsion, stabilization or navigation of aerial robots.",Intermediate,Varies by model; verify rated voltage,1+,Landing Gear,Flight controller; battery; frame; telemetry,Drone,"Buying by appearance instead of checking dimensions, ratings and interface.","Verify datasheet ratings, polarity and safe mounting before powering the robot.",https://robu.in/?s=Landing+Gear&post_type=product,https://robocraze.com/search?q=Landing+Gear,https://www.amazon.in/s?k=Landing+Gear,Landing Gear,P2,Quadcopter; UAV; VTOL,"Needed if the database is intended to cover all robot types, including aerial robots.",GAP-227
UAV-009,Power Distribution Board for Drone,Drone / Aerial Robotics,Flying robot part,"Supports propulsion, stabilization or navigation of aerial robots.",Intermediate,Varies by model; verify rated voltage,1+,Power Distribution Board for Drone,Flight controller; battery; frame; telemetry,Drone,"Buying by appearance instead of checking dimensions, ratings and interface.","Verify datasheet ratings, polarity and safe mounting before powering the robot.",https://robu.in/?s=Power+Distribution+Board+for+Drone&post_type=product,https://robocraze.com/search?q=Power+Distribution+Board+for+Drone,https://www.amazon.in/s?k=Power+Distribution+Board+for+Drone,Power Distribution Board for Drone,P2,Quadcopter; UAV; VTOL,"Needed if the database is intended to cover all robot types, including aerial robots.",GAP-221
UAV-010,Propeller Set,Drone / Aerial Robotics,Flying robot part,"Supports propulsion, stabilization or navigation of aerial robots.",Intermediate,Varies by model; verify rated voltage,4+ for quadcopter,Propeller Set,Flight controller; battery; frame; telemetry,Drone,"Buying by appearance instead of checking dimensions, ratings and interface.",Remove propellers during bench tests and keep hands clear of rotating parts.,https://robu.in/?s=Propeller+Set&post_type=product,https://robocraze.com/search?q=Propeller+Set,https://www.amazon.in/s?k=Propeller+Set,Propeller Set,P2,Quadcopter; UAV; VTOL,"Needed if the database is intended to cover all robot types, including aerial robots.",GAP-219
UAV-011,Telemetry Radio,Drone / Aerial Robotics,Flying robot part,"Supports propulsion, stabilization or navigation of aerial robots.",Intermediate,Varies by model; verify rated voltage,1+,Telemetry Radio,Flight controller; battery; frame; telemetry,Drone,"Buying by appearance instead of checking dimensions, ratings and interface.","Verify datasheet ratings, polarity and safe mounting before powering the robot.",https://robu.in/?s=Telemetry+Radio&post_type=product,https://robocraze.com/search?q=Telemetry+Radio,https://www.amazon.in/s?k=Telemetry+Radio,Telemetry Radio,P2,Quadcopter; UAV; VTOL,"Needed if the database is intended to cover all robot types, including aerial robots.",GAP-223
PNE-001,Air Reservoir,Pneumatics & Hydraulics,Air/fluid motion part,Controls fluid-powered robot motion.,Advanced,Passive / model dependent,1+,Air Reservoir,Valves; regulator; tubing; controller; actuator,Soft Gripper Robot,"Ignoring current, voltage or stall-load ratings.",Pinch/crush hazard; test at low current/speed and use an emergency stop on larger robots.,https://robu.in/?s=Air+Reservoir&post_type=product,https://robocraze.com/search?q=Air+Reservoir,https://www.amazon.in/s?k=Air+Reservoir,Air Reservoir,P2,Industrial; Soft Robot; Large Robot,Covers fluid-powered actuation used in larger or compliant robots.,GAP-254
PNE-002,Hydraulic Mini Cylinder,Pneumatics & Hydraulics,Air/fluid motion part,Controls fluid-powered robot motion.,Advanced,Passive / model dependent,1+,Hydraulic Mini Cylinder,Valves; regulator; tubing; controller; actuator,Soft Gripper Robot,"Buying by appearance instead of checking dimensions, ratings and interface.",Depressurize before servicing and stay within pressure ratings.,https://robu.in/?s=Hydraulic+Mini+Cylinder&post_type=product,https://robocraze.com/search?q=Hydraulic+Mini+Cylinder,https://www.amazon.in/s?k=Hydraulic+Mini+Cylinder,Hydraulic Mini Cylinder,P2,Industrial; Soft Robot; Large Robot,Covers fluid-powered actuation used in larger or compliant robots.,GAP-255
PNE-003,Mini Pneumatic Cylinder,Pneumatics & Hydraulics,Air/fluid motion part,Controls fluid-powered robot motion.,Advanced,Passive / model dependent,1+,Mini Pneumatic Cylinder,Valves; regulator; tubing; controller; actuator,Soft Gripper Robot,"Buying by appearance instead of checking dimensions, ratings and interface.",Depressurize before servicing and stay within pressure ratings.,https://robu.in/?s=Mini+Pneumatic+Cylinder&post_type=product,https://robocraze.com/search?q=Mini+Pneumatic+Cylinder,https://www.amazon.in/s?k=Mini+Pneumatic+Cylinder,Mini Pneumatic Cylinder,P2,Industrial; Soft Robot; Large Robot,Covers fluid-powered actuation used in larger or compliant robots.,GAP-250
PNE-004,Pneumatic Regulator,Pneumatics & Hydraulics,Air/fluid motion part,Controls fluid-powered robot motion.,Advanced,Passive / model dependent,1+,Pneumatic Regulator,Valves; regulator; tubing; controller; actuator,Soft Gripper Robot,"Buying by appearance instead of checking dimensions, ratings and interface.",Depressurize before servicing and stay within pressure ratings.,https://robu.in/?s=Pneumatic+Regulator&post_type=product,https://robocraze.com/search?q=Pneumatic+Regulator,https://www.amazon.in/s?k=Pneumatic+Regulator,Pneumatic Regulator,P2,Industrial; Soft Robot; Large Robot,Covers fluid-powered actuation used in larger or compliant robots.,GAP-251
PNE-005,Pneumatic Tubing,Pneumatics & Hydraulics,Air/fluid motion part,Controls fluid-powered robot motion.,Advanced,Passive / model dependent,1+,Pneumatic Tubing,Valves; regulator; tubing; controller; actuator,Soft Gripper Robot,"Buying by appearance instead of checking dimensions, ratings and interface.",Depressurize before servicing and stay within pressure ratings.,https://robu.in/?s=Pneumatic+Tubing&post_type=product,https://robocraze.com/search?q=Pneumatic+Tubing,https://www.amazon.in/s?k=Pneumatic+Tubing,Pneumatic Tubing,P2,Industrial; Soft Robot; Large Robot,Covers fluid-powered actuation used in larger or compliant robots.,GAP-252
PNE-006,Pressure Relief Valve,Pneumatics & Hydraulics,Air/fluid motion part,Controls fluid-powered robot motion.,Advanced,Passive / model dependent,1+,Pressure Relief Valve,Valves; regulator; tubing; controller; actuator,Soft Gripper Robot,"Buying by appearance instead of checking dimensions, ratings and interface.",Depressurize before servicing and stay within pressure ratings.,https://robu.in/?s=Pressure+Relief+Valve&post_type=product,https://robocraze.com/search?q=Pressure+Relief+Valve,https://www.amazon.in/s?k=Pressure+Relief+Valve,Pressure Relief Valve,P2,Industrial; Soft Robot; Large Robot,Covers fluid-powered actuation used in larger or compliant robots.,GAP-256
PNE-007,Push-Fit Pneumatic Fittings,Pneumatics & Hydraulics,Air/fluid motion part,Controls fluid-powered robot motion.,Advanced,Passive / model dependent,1+,Push-Fit Pneumatic Fittings,Valves; regulator; tubing; controller; actuator,Soft Gripper Robot,"Buying by appearance instead of checking dimensions, ratings and interface.",Depressurize before servicing and stay within pressure ratings.,https://robu.in/?s=Push-Fit+Pneumatic+Fittings&post_type=product,https://robocraze.com/search?q=Push-Fit+Pneumatic+Fittings,https://www.amazon.in/s?k=Push-Fit+Pneumatic+Fittings,Push-Fit Pneumatic Fittings,P2,Industrial; Soft Robot; Large Robot,Covers fluid-powered actuation used in larger or compliant robots.,GAP-253
SFT-001,Artificial Muscle / SMA Actuator,Soft Robotics & Bio-Inspired,Soft robot part,Converts electrical or fluid power into controlled robot motion.,Intermediate,Passive / model dependent,1+,Artificial Muscle / SMA Actuator,Soft structures; pumps/valves; MCU; compliant mechanisms,Soft Gripper Robot,"Ignoring current, voltage or stall-load ratings.",Pinch/crush hazard; test at low current/speed and use an emergency stop on larger robots.,https://robu.in/?s=Artificial+Muscle+%2F+SMA+Actuator&post_type=product,https://robocraze.com/search?q=Artificial+Muscle+%2F+SMA+Actuator,https://www.amazon.in/s?k=Artificial+Muscle+%2F+SMA+Actuator,Artificial Muscle / SMA Actuator,P2,Soft Robot; Animaloid; Wearable; Bio-inspired,Required for soft-bodied and biologically inspired robot mechanisms.,GAP-246
SFT-002,Compliant Silicone Foot,Soft Robotics & Bio-Inspired,Soft robot part,Provides compliant or biologically inspired sensing and actuation.,Intermediate,Passive / model dependent,1+,Compliant Silicone Foot,Soft structures; pumps/valves; MCU; compliant mechanisms,Soft Gripper Robot,"Buying by appearance instead of checking dimensions, ratings and interface.","Verify datasheet ratings, polarity and safe mounting before powering the robot.",https://robu.in/?s=Compliant+Silicone+Foot&post_type=product,https://robocraze.com/search?q=Compliant+Silicone+Foot,https://www.amazon.in/s?k=Compliant+Silicone+Foot,Compliant Silicone Foot,P2,Soft Robot; Animaloid; Wearable; Bio-inspired,Required for soft-bodied and biologically inspired robot mechanisms.,GAP-248
SFT-003,Elastic Tendon Cord,Soft Robotics & Bio-Inspired,Soft robot part,Provides compliant or biologically inspired sensing and actuation.,Intermediate,Passive / model dependent,1+,Elastic Tendon Cord,Soft structures; pumps/valves; MCU; compliant mechanisms,Soft Gripper Robot,"Buying by appearance instead of checking dimensions, ratings and interface.","Verify datasheet ratings, polarity and safe mounting before powering the robot.",https://robu.in/?s=Elastic+Tendon+Cord&post_type=product,https://robocraze.com/search?q=Elastic+Tendon+Cord,https://www.amazon.in/s?k=Elastic+Tendon+Cord,Elastic Tendon Cord,P2,Soft Robot; Animaloid; Wearable; Bio-inspired,Required for soft-bodied and biologically inspired robot mechanisms.,GAP-247
SFT-004,Flexible Bend Sensor,Soft Robotics & Bio-Inspired,Soft robot part,Provides compliant or biologically inspired sensing and actuation.,Intermediate,3.3–5V logic; verify model,1+,Flexible Bend Sensor,Soft structures; pumps/valves; MCU; compliant mechanisms,Soft Gripper Robot,"Using the wrong logic voltage, interface or wiring.","Verify datasheet ratings, polarity and safe mounting before powering the robot.",https://robu.in/?s=Flexible+Bend+Sensor&post_type=product,https://robocraze.com/search?q=Flexible+Bend+Sensor,https://www.amazon.in/s?k=Flexible+Bend+Sensor,Flexible Bend Sensor,P2,Soft Robot; Animaloid; Wearable; Bio-inspired,Required for soft-bodied and biologically inspired robot mechanisms.,GAP-244
SFT-005,Flexible PCB Sensor,Soft Robotics & Bio-Inspired,Soft robot part,Provides compliant or biologically inspired sensing and actuation.,Intermediate,3.3–5V logic; verify model,1+,Flexible PCB Sensor,Soft structures; pumps/valves; MCU; compliant mechanisms,Soft Gripper Robot,"Using the wrong logic voltage, interface or wiring.","Verify datasheet ratings, polarity and safe mounting before powering the robot.",https://robu.in/?s=Flexible+PCB+Sensor&post_type=product,https://robocraze.com/search?q=Flexible+PCB+Sensor,https://www.amazon.in/s?k=Flexible+PCB+Sensor,Flexible PCB Sensor,P2,Soft Robot; Animaloid; Wearable; Bio-inspired,Required for soft-bodied and biologically inspired robot mechanisms.,GAP-249
SFT-006,Mini Air Pump,Soft Robotics & Bio-Inspired,Soft robot part,Provides compliant or biologically inspired sensing and actuation.,Intermediate,Passive / model dependent,1+,Mini Air Pump,Soft structures; pumps/valves; MCU; compliant mechanisms,Soft Gripper Robot,"Buying by appearance instead of checking dimensions, ratings and interface.","Verify datasheet ratings, polarity and safe mounting before powering the robot.",https://robu.in/?s=Mini+Air+Pump&post_type=product,https://robocraze.com/search?q=Mini+Air+Pump,https://www.amazon.in/s?k=Mini+Air+Pump,Mini Air Pump,P2,Soft Robot; Animaloid; Wearable; Bio-inspired,Required for soft-bodied and biologically inspired robot mechanisms.,GAP-240
SFT-007,Mini Vacuum Pump,Soft Robotics & Bio-Inspired,Soft robot part,Provides compliant or biologically inspired sensing and actuation.,Intermediate,Passive / model dependent,1+,Mini Vacuum Pump,Soft structures; pumps/valves; MCU; compliant mechanisms,Soft Gripper Robot,"Buying by appearance instead of checking dimensions, ratings and interface.","Verify datasheet ratings, polarity and safe mounting before powering the robot.",https://robu.in/?s=Mini+Vacuum+Pump&post_type=product,https://robocraze.com/search?q=Mini+Vacuum+Pump,https://www.amazon.in/s?k=Mini+Vacuum+Pump,Mini Vacuum Pump,P2,Soft Robot; Animaloid; Wearable; Bio-inspired,Required for soft-bodied and biologically inspired robot mechanisms.,GAP-241
SFT-008,Pneumatic Soft Actuator,Soft Robotics & Bio-Inspired,Soft robot part,Converts electrical or fluid power into controlled robot motion.,Intermediate,Passive / model dependent,1+,Pneumatic Soft Actuator,Soft structures; pumps/valves; MCU; compliant mechanisms,Soft Gripper Robot,"Ignoring current, voltage or stall-load ratings.",Pinch/crush hazard; test at low current/speed and use an emergency stop on larger robots.,https://robu.in/?s=Pneumatic+Soft+Actuator&post_type=product,https://robocraze.com/search?q=Pneumatic+Soft+Actuator,https://www.amazon.in/s?k=Pneumatic+Soft+Actuator,Pneumatic Soft Actuator,P2,Soft Robot; Animaloid; Wearable; Bio-inspired,Required for soft-bodied and biologically inspired robot mechanisms.,GAP-238
SFT-009,Pressure Sensor,Soft Robotics & Bio-Inspired,Soft robot part,Provides compliant or biologically inspired sensing and actuation.,Intermediate,3.3–5V logic; verify model,1+,Pressure Sensor,Soft structures; pumps/valves; MCU; compliant mechanisms,Soft Gripper Robot,"Using the wrong logic voltage, interface or wiring.","Verify datasheet ratings, polarity and safe mounting before powering the robot.",https://robu.in/?s=Pressure+Sensor&post_type=product,https://robocraze.com/search?q=Pressure+Sensor,https://www.amazon.in/s?k=Pressure+Sensor,Pressure Sensor,P2,Soft Robot; Animaloid; Wearable; Bio-inspired,Required for soft-bodied and biologically inspired robot mechanisms.,GAP-243
SFT-010,Shape-Memory Alloy Wire,Soft Robotics & Bio-Inspired,Soft robot part,Provides compliant or biologically inspired sensing and actuation.,Intermediate,Passive / model dependent,1+,Shape-Memory Alloy Wire,Soft structures; pumps/valves; MCU; compliant mechanisms,Soft Gripper Robot,"Buying by appearance instead of checking dimensions, ratings and interface.","Verify datasheet ratings, polarity and safe mounting before powering the robot.",https://robu.in/?s=Shape-Memory+Alloy+Wire&post_type=product,https://robocraze.com/search?q=Shape-Memory+Alloy+Wire,https://www.amazon.in/s?k=Shape-Memory+Alloy+Wire,Shape-Memory Alloy Wire,P2,Soft Robot; Animaloid; Wearable; Bio-inspired,Required for soft-bodied and biologically inspired robot mechanisms.,GAP-245
SFT-011,Silicone Soft Gripper,Soft Robotics & Bio-Inspired,Soft robot part,Lets a robot grasp and manipulate objects.,Intermediate,Passive / model dependent,1+,Silicone Soft Gripper,Soft structures; pumps/valves; MCU; compliant mechanisms,Soft Gripper Robot,"Buying by appearance instead of checking dimensions, ratings and interface.",Pinch/crush hazard; test at low current/speed and use an emergency stop on larger robots.,https://robu.in/?s=Silicone+Soft+Gripper&post_type=product,https://robocraze.com/search?q=Silicone+Soft+Gripper,https://www.amazon.in/s?k=Silicone+Soft+Gripper,Silicone Soft Gripper,P2,Soft Robot; Animaloid; Wearable; Bio-inspired,Required for soft-bodied and biologically inspired robot mechanisms.,GAP-239
SFT-012,Solenoid Pneumatic Valve,Soft Robotics & Bio-Inspired,Soft robot part,Provides compliant or biologically inspired sensing and actuation.,Intermediate,Passive / model dependent,1+,Solenoid Pneumatic Valve,Soft structures; pumps/valves; MCU; compliant mechanisms,Soft Gripper Robot,"Buying by appearance instead of checking dimensions, ratings and interface.","Verify datasheet ratings, polarity and safe mounting before powering the robot.",https://robu.in/?s=Solenoid+Pneumatic+Valve&post_type=product,https://robocraze.com/search?q=Solenoid+Pneumatic+Valve,https://www.amazon.in/s?k=Solenoid+Pneumatic+Valve,Solenoid Pneumatic Valve,P2,Soft Robot; Animaloid; Wearable; Bio-inspired,Required for soft-bodied and biologically inspired robot mechanisms.,GAP-242
MAR-001,Bidirectional Marine ESC,Underwater / Marine Robotics,Underwater robot part,"Supports propulsion, sensing or sealing for marine robots.",Advanced,Varies by model; verify rated voltage,1+,Bidirectional Marine ESC,ROV/AUV controller; sealed enclosure; marine power system,Underwater ROV; Underwater AUV,"Ignoring current, voltage or stall-load ratings.","Verify datasheet ratings, polarity and safe mounting before powering the robot.",https://robu.in/?s=Bidirectional+Marine+ESC&post_type=product,https://robocraze.com/search?q=Bidirectional+Marine+ESC,https://www.amazon.in/s?k=Bidirectional+Marine+ESC,Bidirectional Marine ESC,P2,ROV; AUV; Surface Robot,Adds underwater and marine robotics coverage.,GAP-229
MAR-002,Bilge / Mini Pump,Underwater / Marine Robotics,Underwater robot part,"Supports propulsion, sensing or sealing for marine robots.",Advanced,Varies by model; verify rated voltage,1+,Bilge / Mini Pump,ROV/AUV controller; sealed enclosure; marine power system,Underwater ROV; Underwater AUV,"Buying by appearance instead of checking dimensions, ratings and interface.","Verify datasheet ratings, polarity and safe mounting before powering the robot.",https://robu.in/?s=Bilge+%2F+Mini+Pump&post_type=product,https://robocraze.com/search?q=Bilge+%2F+Mini+Pump,https://www.amazon.in/s?k=Bilge+%2F+Mini+Pump,Bilge / Mini Pump,P2,ROV; AUV; Surface Robot,Adds underwater and marine robotics coverage.,GAP-237
MAR-003,Buoyancy Foam,Underwater / Marine Robotics,Underwater robot part,"Supports propulsion, sensing or sealing for marine robots.",Advanced,Varies by model; verify rated voltage,1+,Buoyancy Foam,ROV/AUV controller; sealed enclosure; marine power system,Underwater ROV; Underwater AUV,"Buying by appearance instead of checking dimensions, ratings and interface.","Verify datasheet ratings, polarity and safe mounting before powering the robot.",https://robu.in/?s=Buoyancy+Foam&post_type=product,https://robocraze.com/search?q=Buoyancy+Foam,https://www.amazon.in/s?k=Buoyancy+Foam,Buoyancy Foam,P2,ROV; AUV; Surface Robot,Adds underwater and marine robotics coverage.,GAP-234
MAR-004,Cable Penetrator,Underwater / Marine Robotics,Underwater robot part,"Supports propulsion, sensing or sealing for marine robots.",Advanced,Varies by model; verify rated voltage,1+,Cable Penetrator,ROV/AUV controller; sealed enclosure; marine power system,Underwater ROV; Underwater AUV,"Buying by appearance instead of checking dimensions, ratings and interface.","Verify datasheet ratings, polarity and safe mounting before powering the robot.",https://robu.in/?s=Cable+Penetrator&post_type=product,https://robocraze.com/search?q=Cable+Penetrator,https://www.amazon.in/s?k=Cable+Penetrator,Cable Penetrator,P2,ROV; AUV; Surface Robot,Adds underwater and marine robotics coverage.,GAP-233
MAR-005,Leak Sensor,Underwater / Marine Robotics,Underwater robot part,"Supports propulsion, sensing or sealing for marine robots.",Advanced,3.3–5V logic; verify model,1+,Leak Sensor,ROV/AUV controller; sealed enclosure; marine power system,Underwater ROV; Underwater AUV,"Using the wrong logic voltage, interface or wiring.","Verify datasheet ratings, polarity and safe mounting before powering the robot.",https://robu.in/?s=Leak+Sensor&post_type=product,https://robocraze.com/search?q=Leak+Sensor,https://www.amazon.in/s?k=Leak+Sensor,Leak Sensor,P2,ROV; AUV; Surface Robot,Adds underwater and marine robotics coverage.,GAP-231
MAR-006,Pressure/Depth Sensor,Underwater / Marine Robotics,Underwater robot part,"Supports propulsion, sensing or sealing for marine robots.",Advanced,3.3–5V logic; verify model,1+,Pressure/Depth Sensor,ROV/AUV controller; sealed enclosure; marine power system,Underwater ROV; Underwater AUV,"Using the wrong logic voltage, interface or wiring.","Verify datasheet ratings, polarity and safe mounting before powering the robot.",https://robu.in/?s=Pressure%2FDepth+Sensor&post_type=product,https://robocraze.com/search?q=Pressure%2FDepth+Sensor,https://www.amazon.in/s?k=Pressure%2FDepth+Sensor,Pressure/Depth Sensor,P2,ROV; AUV; Surface Robot,Adds underwater and marine robotics coverage.,GAP-230
MAR-007,Underwater Camera,Underwater / Marine Robotics,Underwater robot part,"Provides visual perception for detection, tracking, navigation or manipulation.",Advanced,Varies by model; verify rated voltage,1+,Underwater Camera,ROV/AUV controller; sealed enclosure; marine power system,Underwater ROV; Underwater AUV,"Using the wrong logic voltage, interface or wiring.","Verify datasheet ratings, polarity and safe mounting before powering the robot.",https://robu.in/?s=Underwater+Camera&post_type=product,https://robocraze.com/search?q=Underwater+Camera,https://www.amazon.in/s?k=Underwater+Camera,Underwater Camera,P2,ROV; AUV; Surface Robot,Adds underwater and marine robotics coverage.,GAP-235
MAR-008,Waterproof Connector,Underwater / Marine Robotics,Underwater robot part,"Supports propulsion, sensing or sealing for marine robots.",Advanced,Varies by model; verify rated voltage,1+,Waterproof Connector,ROV/AUV controller; sealed enclosure; marine power system,Underwater ROV; Underwater AUV,"Buying by appearance instead of checking dimensions, ratings and interface.","Verify datasheet ratings, polarity and safe mounting before powering the robot.",https://robu.in/?s=Waterproof+Connector&post_type=product,https://robocraze.com/search?q=Waterproof+Connector,https://www.amazon.in/s?k=Waterproof+Connector,Waterproof Connector,P2,ROV; AUV; Surface Robot,Adds underwater and marine robotics coverage.,GAP-232
MAR-009,Waterproof Enclosure,Underwater / Marine Robotics,Underwater robot part,"Supports propulsion, sensing or sealing for marine robots.",Advanced,Varies by model; verify rated voltage,1+,Waterproof Enclosure,ROV/AUV controller; sealed enclosure; marine power system,Underwater ROV; Underwater AUV,"Buying by appearance instead of checking dimensions, ratings and interface.","Verify datasheet ratings, polarity and safe mounting before powering the robot.",https://robu.in/?s=Waterproof+Enclosure&post_type=product,https://robocraze.com/search?q=Waterproof+Enclosure,https://www.amazon.in/s?k=Waterproof+Enclosure,Waterproof Enclosure,P2,ROV; AUV; Surface Robot,Adds underwater and marine robotics coverage.,GAP-236
MAR-010,Waterproof Thruster,Underwater / Marine Robotics,Underwater robot part,Provides propulsion for underwater robots.,Advanced,Varies by model; verify rated voltage,1+,Waterproof Thruster,ROV/AUV controller; sealed enclosure; marine power system,Underwater ROV; Underwater AUV,"Buying by appearance instead of checking dimensions, ratings and interface.","Verify datasheet ratings, polarity and safe mounting before powering the robot.",https://robu.in/?s=Waterproof+Thruster&post_type=product,https://robocraze.com/search?q=Waterproof+Thruster,https://www.amazon.in/s?k=Waterproof+Thruster,Waterproof Thruster,P2,ROV; AUV; Surface Robot,Adds underwater and marine robotics coverage.,GAP-228
