store_id,city,state,store_name,category,address,phone,rating,review_count,maps_search_url,checked_date,record_type,part_id,part_name,part_search_term,availability_status,part_store_maps_search_url,mapping_note,price_min_inr,price_typical_inr,price_max_inr,price_confidence,price_basis,price_as_of,school_project_price_inr,school_price_note
BLR-001,Bengaluru,Karnataka,Probots Electronics India Pvt Ltd,Electronic parts supplier,"Sankalpa 530, GF & 1F, 5th Cross Road, Vinayaka Layout, 9th Block, 2nd Stage, Nagarbhavi, Bengaluru, Karnataka 560072",+91 86180 50706,4.6,648,https://www.google.com/maps/search/?api=1&query=Probots+Electronics+India+Pvt+Ltd+Bengaluru,2026-08-30,store_directory,,,,,,Original Bengaluru robotics/electronics store seed.,,,,,,,,
BLR-002,Bengaluru,Karnataka,Robocraze Warehouse,Electronic parts supplier,"Ground Floor, 912/10, 4th G Main Rd, Chellikere, Chelekare, Kalyan Nagar, Bengaluru, Karnataka 560043",+91 81230 57137,4.6,3285,https://www.google.com/maps/search/?api=1&query=Robocraze+Warehouse+Bengaluru,2026-08-30,store_directory,,,,,,Original Bengaluru robotics/electronics store seed.,,,,,,,,
BLR-003,Bengaluru,Karnataka,Sri Lakshmi Electronics - A Robotics Shop,Electronics store,"Ground floor, Sabari Complex, 66, Sadar Patrappa Rd, Kumbarpet, Nagarathpete, Bengaluru, Karnataka 560002",,4.7,26,https://www.google.com/maps/search/?api=1&query=Sri+Lakshmi+Electronics+A+Robotics+Shop+Bengaluru,2026-08-30,store_directory,,,,,,Original Bengaluru robotics/electronics store seed.,,,,,,,,
BLR-004,Bengaluru,Karnataka,Silverline Electronics,Electronic parts supplier,"No.139/5, VT Complex, Sadar Patrappa Rd, Kumbarpet, Nagarathpete, Bengaluru, Karnataka 560002",+91 80 4112 4985,4.3,525,https://www.google.com/maps/search/?api=1&query=Silverline+Electronics+SP+Road+Bengaluru,2026-08-30,store_directory,,,,,,Original Bengaluru robotics/electronics store seed.,,,,,,,,
BLR-005,Bengaluru,Karnataka,Robojung Robotics Components,Electronic parts supplier,"77/1/7, 11th Main Road, 5th Cross, Begur Rd, Hongasandra, Bengaluru, Karnataka 560068",+91 91401 85377,5.0,15,https://www.google.com/maps/search/?api=1&query=Robojung+Robotics+Components+Bengaluru,2026-08-30,store_directory,,,,,,Original Bengaluru robotics/electronics store seed.,,,,,,,,
BLR-006,Bengaluru,Karnataka,Hands on STEM Labs,Educational supply store,"2nd floor, No 470, Double Rd, Narayana Nagar 1st Block, Konanakunte, Bengaluru, Karnataka 560062",+91 63612 08334,4.9,83,https://www.google.com/maps/search/?api=1&query=Hands+on+STEM+Labs+Bengaluru,2026-08-30,store_directory,,,,,,Original Bengaluru robotics/electronics store seed.,,,,,,,,
BLR-007,Bengaluru,Karnataka,OL Electronics Bengaluru,Electronic parts supplier,"20, 1st Floor, Neeladri Complex, 10th Cross, Sampige Rd, 2nd Main, Malleshwaram, Bengaluru, Karnataka 560003",+91 89511 85550,5.0,7,https://www.google.com/maps/search/?api=1&query=OL+Electronics+Bengaluru,2026-08-30,store_directory,,,,,,Original Bengaluru robotics/electronics store seed.,,,,,,,,
BLR-008,Bengaluru,Karnataka,Vishal Electronics,Electronics store,"139/7, Sadar Patrappa Rd, Kumbarpet, Nagarathpete, Bengaluru, Karnataka 560002",+91 98450 72496,3.9,5093,https://www.google.com/maps/search/?api=1&query=Vishal+Electronics+SP+Road+Bengaluru,2026-08-30,store_directory,,,,,,Original Bengaluru robotics/electronics store seed.,,,,,,,,
BLR-005,Bengaluru,Karnataka,Robojung Robotics Components,Electronic parts supplier,"77/1/7, 11th Main Road, 5th Cross, Begur Rd, Hongasandra, Bengaluru, Karnataka 560068",+91 91401 85377,5.0,15,https://www.google.com/maps/search/?api=1&query=Robojung+Robotics+Components+Bengaluru,2026-08-30,part_search_seed,MECH-005,608 Ball Bearing,608 Ball Bearing,unverified_search_seed,https://www.google.com/maps/search/?api=1&query=Robojung+Robotics+Components+608+Ball+Bearing+Bengaluru,Suggested local store to ask/search first based on store type; this does not claim current stock.,50,50,50,Low,Category-based India market estimate,2026-08-30,50,School-project baseline: minimum practical/entry-level price used; premium/industrial variants excluded.
BLR-005,Bengaluru,Karnataka,Robojung Robotics Components,Electronic parts supplier,"77/1/7, 11th Main Road, 5th Cross, Begur Rd, Hongasandra, Bengaluru, Karnataka 560068",+91 91401 85377,5.0,15,https://www.google.com/maps/search/?api=1&query=Robojung+Robotics+Components+Bengaluru,2026-08-30,part_search_seed,MECH-006,Aluminium Extrusion 2020/2040,Aluminium Extrusion 2020/2040,unverified_search_seed,https://www.google.com/maps/search/?api=1&query=Robojung+Robotics+Components+Aluminium+Extrusion+2020%2F2040+Bengaluru,Suggested local store to ask/search first based on store type; this does not claim current stock.,50,50,50,Low,Category-based India market estimate,2026-08-30,50,School-project baseline: minimum practical/entry-level price used; premium/industrial variants excluded.
BLR-005,Bengaluru,Karnataka,Robojung Robotics Components,Electronic parts supplier,"77/1/7, 11th Main Road, 5th Cross, Begur Rd, Hongasandra, Bengaluru, Karnataka 560068",+91 91401 85377,5.0,15,https://www.google.com/maps/search/?api=1&query=Robojung+Robotics+Components+Bengaluru,2026-08-30,part_search_seed,MECH-007,Aluminium Shaft,Aluminium Shaft,unverified_search_seed,https://www.google.com/maps/search/?api=1&query=Robojung+Robotics+Components+Aluminium+Shaft+Bengaluru,Suggested local store to ask/search first based on store type; this does not claim current stock.,50,50,50,Low,Category-based India market estimate,2026-08-30,50,School-project baseline: minimum practical/entry-level price used; premium/industrial variants excluded.
BLR-005,Bengaluru,Karnataka,Robojung Robotics Components,Electronic parts supplier,"77/1/7, 11th Main Road, 5th Cross, Begur Rd, Hongasandra, Bengaluru, Karnataka 560068",+91 91401 85377,5.0,15,https://www.google.com/maps/search/?api=1&query=Robojung+Robotics+Components+Bengaluru,2026-08-30,part_search_seed,MECH-008,Carbon-Fiber Tube,Carbon-Fiber Tube,unverified_search_seed,https://www.google.com/maps/search/?api=1&query=Robojung+Robotics+Components+Carbon-Fiber+Tube+Bengaluru,Suggested local store to ask/search first based on store type; this does not claim current stock.,50,50,50,Low,Category-based India market estimate,2026-08-30,50,School-project baseline: minimum practical/entry-level price used; premium/industrial variants excluded.
BLR-005,Bengaluru,Karnataka,Robojung Robotics Components,Electronic parts supplier,"77/1/7, 11th Main Road, 5th Cross, Begur Rd, Hongasandra, Bengaluru, Karnataka 560068",+91 91401 85377,5.0,15,https://www.google.com/maps/search/?api=1&query=Robojung+Robotics+Components+Bengaluru,2026-08-30,part_search_seed,MECH-009,Cross-Roller Bearing,Cross-Roller Bearing,unverified_search_seed,https://www.google.com/maps/search/?api=1&query=Robojung+Robotics+Components+Cross-Roller+Bearing+Bengaluru,Suggested local store to ask/search first based on store type; this does not claim current stock.,50,50,50,Low,Category-based India market estimate,2026-08-30,50,School-project baseline: minimum practical/entry-level price used; premium/industrial variants excluded.
BLR-005,Bengaluru,Karnataka,Robojung Robotics Components,Electronic parts supplier,"77/1/7, 11th Main Road, 5th Cross, Begur Rd, Hongasandra, Bengaluru, Karnataka 560068",+91 91401 85377,5.0,15,https://www.google.com/maps/search/?api=1&query=Robojung+Robotics+Components+Bengaluru,2026-08-30,part_search_seed,MECH-010,Flanged Bearing,Flanged Bearing,unverified_search_seed,https://www.google.com/maps/search/?api=1&query=Robojung+Robotics+Components+Flanged+Bearing+Bengaluru,Suggested local store to ask/search first based on store type; this does not claim current stock.,50,50,50,Low,Category-based India market estimate,2026-08-30,50,School-project baseline: minimum practical/entry-level price used; premium/industrial variants excluded.
BLR-005,Bengaluru,Karnataka,Robojung Robotics Components,Electronic parts supplier,"77/1/7, 11th Main Road, 5th Cross, Begur Rd, Hongasandra, Bengaluru, Karnataka 560068",+91 91401 85377,5.0,15,https://www.google.com/maps/search/?api=1&query=Robojung+Robotics+Components+Bengaluru,2026-08-30,part_search_seed,MECH-011,Heat-Set Insert,Heat-Set Insert,unverified_search_seed,https://www.google.com/maps/search/?api=1&query=Robojung+Robotics+Components+Heat-Set+Insert+Bengaluru,Suggested local store to ask/search first based on store type; this does not claim current stock.,50,50,50,Low,Category-based India market estimate,2026-08-30,50,School-project baseline: minimum practical/entry-level price used; premium/industrial variants excluded.
BLR-005,Bengaluru,Karnataka,Robojung Robotics Components,Electronic parts supplier,"77/1/7, 11th Main Road, 5th Cross, Begur Rd, Hongasandra, Bengaluru, Karnataka 560068",+91 91401 85377,5.0,15,https://www.google.com/maps/search/?api=1&query=Robojung+Robotics+Components+Bengaluru,2026-08-30,part_search_seed,MECH-012,Linear Bearing,Linear Bearing,unverified_search_seed,https://www.google.com/maps/search/?api=1&query=Robojung+Robotics+Components+Linear+Bearing+Bengaluru,Suggested local store to ask/search first based on store type; this does not claim current stock.,50,50,50,Low,Category-based India market estimate,2026-08-30,50,School-project baseline: minimum practical/entry-level price used; premium/industrial variants excluded.
BLR-005,Bengaluru,Karnataka,Robojung Robotics Components,Electronic parts supplier,"77/1/7, 11th Main Road, 5th Cross, Begur Rd, Hongasandra, Bengaluru, Karnataka 560068",+91 91401 85377,5.0,15,https://www.google.com/maps/search/?api=1&query=Robojung+Robotics+Components+Bengaluru,2026-08-30,part_search_seed,MECH-013,Pillow Block Bearing,Pillow Block Bearing,unverified_search_seed,https://www.google.com/maps/search/?api=1&query=Robojung+Robotics+Components+Pillow+Block+Bearing+Bengaluru,Suggested local store to ask/search first based on store type; this does not claim current stock.,50,50,50,Low,Category-based India market estimate,2026-08-30,50,School-project baseline: minimum practical/entry-level price used; premium/industrial variants excluded.
BLR-005,Bengaluru,Karnataka,Robojung Robotics Components,Electronic parts supplier,"77/1/7, 11th Main Road, 5th Cross, Begur Rd, Hongasandra, Bengaluru, Karnataka 560068",+91 91401 85377,5.0,15,https://www.google.com/maps/search/?api=1&query=Robojung+Robotics+Components+Bengaluru,2026-08-30,part_search_seed,MECH-014,Robot Joint Hub,Robot Joint Hub,unverified_search_seed,https://www.google.com/maps/search/?api=1&query=Robojung+Robotics+Components+Robot+Joint+Hub+Bengaluru,Suggested local store to ask/search first based on store type; this does not claim current stock.,50,50,50,Low,Category-based India market estimate,2026-08-30,50,School-project baseline: minimum practical/entry-level price used; premium/industrial variants excluded.
BLR-005,Bengaluru,Karnataka,Robojung Robotics Components,Electronic parts supplier,"77/1/7, 11th Main Road, 5th Cross, Begur Rd, Hongasandra, Bengaluru, Karnataka 560068",+91 91401 85377,5.0,15,https://www.google.com/maps/search/?api=1&query=Robojung+Robotics+Components+Bengaluru,2026-08-30,part_search_seed,MECH-015,Servo Horn,Servo Horn,unverified_search_seed,https://www.google.com/maps/search/?api=1&query=Robojung+Robotics+Components+Servo+Horn+Bengaluru,Suggested local store to ask/search first based on store type; this does not claim current stock.,50,50,50,Low,Category-based India market estimate,2026-08-30,50,School-project baseline: minimum practical/entry-level price used; premium/industrial variants excluded.
BLR-005,Bengaluru,Karnataka,Robojung Robotics Components,Electronic parts supplier,"77/1/7, 11th Main Road, 5th Cross, Begur Rd, Hongasandra, Bengaluru, Karnataka 560068",+91 91401 85377,5.0,15,https://www.google.com/maps/search/?api=1&query=Robojung+Robotics+Components+Bengaluru,2026-08-30,part_search_seed,MECH-016,Shaft Collar,Shaft Collar,unverified_search_seed,https://www.google.com/maps/search/?api=1&query=Robojung+Robotics+Components+Shaft+Collar+Bengaluru,Suggested local store to ask/search first based on store type; this does not claim current stock.,50,50,50,Low,Category-based India market estimate,2026-08-30,50,School-project baseline: minimum practical/entry-level price used; premium/industrial variants excluded.
BLR-005,Bengaluru,Karnataka,Robojung Robotics Components,Electronic parts supplier,"77/1/7, 11th Main Road, 5th Cross, Begur Rd, Hongasandra, Bengaluru, Karnataka 560068",+91 91401 85377,5.0,15,https://www.google.com/maps/search/?api=1&query=Robojung+Robotics+Components+Bengaluru,2026-08-30,part_search_seed,MECH-017,Spring Assortment,Spring Assortment,unverified_search_seed,https://www.google.com/maps/search/?api=1&query=Robojung+Robotics+Components+Spring+Assortment+Bengaluru,Suggested local store to ask/search first based on store type; this does not claim current stock.,50,50,50,Low,Category-based India market estimate,2026-08-30,50,School-project baseline: minimum practical/entry-level price used; premium/industrial variants excluded.
BLR-005,Bengaluru,Karnataka,Robojung Robotics Components,Electronic parts supplier,"77/1/7, 11th Main Road, 5th Cross, Begur Rd, Hongasandra, Bengaluru, Karnataka 560068",+91 91401 85377,5.0,15,https://www.google.com/maps/search/?api=1&query=Robojung+Robotics+Components+Bengaluru,2026-08-30,part_search_seed,MECH-018,Standoff Assortment,Standoff Assortment,unverified_search_seed,https://www.google.com/maps/search/?api=1&query=Robojung+Robotics+Components+Standoff+Assortment+Bengaluru,Suggested local store to ask/search first based on store type; this does not claim current stock.,50,50,50,Low,Category-based India market estimate,2026-08-30,50,School-project baseline: minimum practical/entry-level price used; premium/industrial variants excluded.
BLR-005,Bengaluru,Karnataka,Robojung Robotics Components,Electronic parts supplier,"77/1/7, 11th Main Road, 5th Cross, Begur Rd, Hongasandra, Bengaluru, Karnataka 560068",+91 91401 85377,5.0,15,https://www.google.com/maps/search/?api=1&query=Robojung+Robotics+Components+Bengaluru,2026-08-30,part_search_seed,MECH-019,Steel Shaft,Steel Shaft,unverified_search_seed,https://www.google.com/maps/search/?api=1&query=Robojung+Robotics+Components+Steel+Shaft+Bengaluru,Suggested local store to ask/search first based on store type; this does not claim current stock.,50,50,50,Low,Category-based India market estimate,2026-08-30,50,School-project baseline: minimum practical/entry-level price used; premium/industrial variants excluded.
BLR-005,Bengaluru,Karnataka,Robojung Robotics Components,Electronic parts supplier,"77/1/7, 11th Main Road, 5th Cross, Begur Rd, Hongasandra, Bengaluru, Karnataka 560068",+91 91401 85377,5.0,15,https://www.google.com/maps/search/?api=1&query=Robojung+Robotics+Components+Bengaluru,2026-08-30,part_search_seed,MECH-020,Thin-Section Bearing,Thin-Section Bearing,unverified_search_seed,https://www.google.com/maps/search/?api=1&query=Robojung+Robotics+Components+Thin-Section+Bearing+Bengaluru,Suggested local store to ask/search first based on store type; this does not claim current stock.,50,50,50,Low,Category-based India market estimate,2026-08-30,50,School-project baseline: minimum practical/entry-level price used; premium/industrial variants excluded.
BLR-005,Bengaluru,Karnataka,Robojung Robotics Components,Electronic parts supplier,"77/1/7, 11th Main Road, 5th Cross, Begur Rd, Hongasandra, Bengaluru, Karnataka 560068",+91 91401 85377,5.0,15,https://www.google.com/maps/search/?api=1&query=Robojung+Robotics+Components+Bengaluru,2026-08-30,part_search_seed,MECH-021,Threaded Insert,Threaded Insert,unverified_search_seed,https://www.google.com/maps/search/?api=1&query=Robojung+Robotics+Components+Threaded+Insert+Bengaluru,Suggested local store to ask/search first based on store type; this does not claim current stock.,50,50,50,Low,Category-based India market estimate,2026-08-30,50,School-project baseline: minimum practical/entry-level price used; premium/industrial variants excluded.
BLR-005,Bengaluru,Karnataka,Robojung Robotics Components,Electronic parts supplier,"77/1/7, 11th Main Road, 5th Cross, Begur Rd, Hongasandra, Bengaluru, Karnataka 560068",+91 91401 85377,5.0,15,https://www.google.com/maps/search/?api=1&query=Robojung+Robotics+Components+Bengaluru,2026-08-30,part_search_seed,MECH-022,Thrust Bearing,Thrust Bearing,unverified_search_seed,https://www.google.com/maps/search/?api=1&query=Robojung+Robotics+Components+Thrust+Bearing+Bengaluru,Suggested local store to ask/search first based on store type; this does not claim current stock.,50,50,50,Low,Category-based India market estimate,2026-08-30,50,School-project baseline: minimum practical/entry-level price used; premium/industrial variants excluded.
BLR-002,Bengaluru,Karnataka,Robocraze Warehouse,Electronic parts supplier,"Ground Floor, 912/10, 4th G Main Rd, Chellikere, Chelekare, Kalyan Nagar, Bengaluru, Karnataka 560043",+91 81230 57137,4.6,3285,https://www.google.com/maps/search/?api=1&query=Robocraze+Warehouse+Bengaluru,2026-08-30,part_search_seed,COM-004,4G/LTE Module,4G/LTE Module,unverified_search_seed,https://www.google.com/maps/search/?api=1&query=Robocraze+Warehouse+4G%2FLTE+Module+Bengaluru,Suggested local store to ask/search first based on store type; this does not claim current stock.,1200,2500,6000,Medium,India maker market range,2026-08-30,2500,School-project baseline: typical low-cost hobby/education price.
BLR-002,Bengaluru,Karnataka,Robocraze Warehouse,Electronic parts supplier,"Ground Floor, 912/10, 4th G Main Rd, Chellikere, Chelekare, Kalyan Nagar, Bengaluru, Karnataka 560043",+91 81230 57137,4.6,3285,https://www.google.com/maps/search/?api=1&query=Robocraze+Warehouse+Bengaluru,2026-08-30,part_search_seed,COM-005,5G Modem,5G Modem,unverified_search_seed,https://www.google.com/maps/search/?api=1&query=Robocraze+Warehouse+5G+Modem+Bengaluru,Suggested local store to ask/search first based on store type; this does not claim current stock.,6000,6000,6000,Low,India/import estimate,2026-08-30,6000,School-project baseline: minimum practical/entry-level price used; premium/industrial variants excluded.
BLR-002,Bengaluru,Karnataka,Robocraze Warehouse,Electronic parts supplier,"Ground Floor, 912/10, 4th G Main Rd, Chellikere, Chelekare, Kalyan Nagar, Bengaluru, Karnataka 560043",+91 81230 57137,4.6,3285,https://www.google.com/maps/search/?api=1&query=Robocraze+Warehouse+Bengaluru,2026-08-30,part_search_seed,COM-006,CAN Bus Transceiver,CAN Bus Transceiver,unverified_search_seed,https://www.google.com/maps/search/?api=1&query=Robocraze+Warehouse+CAN+Bus+Transceiver+Bengaluru,Suggested local store to ask/search first based on store type; this does not claim current stock.,80,250,1200,High,India electronics retail range,2026-08-30,250,School-project baseline: typical low-cost hobby/education price.
BLR-002,Bengaluru,Karnataka,Robocraze Warehouse,Electronic parts supplier,"Ground Floor, 912/10, 4th G Main Rd, Chellikere, Chelekare, Kalyan Nagar, Bengaluru, Karnataka 560043",+91 81230 57137,4.6,3285,https://www.google.com/maps/search/?api=1&query=Robocraze+Warehouse+Bengaluru,2026-08-30,part_search_seed,COM-007,CAN-FD Transceiver,CAN-FD Transceiver,unverified_search_seed,https://www.google.com/maps/search/?api=1&query=Robocraze+Warehouse+CAN-FD+Transceiver+Bengaluru,Suggested local store to ask/search first based on store type; this does not claim current stock.,80,250,1200,High,India electronics retail range,2026-08-30,250,School-project baseline: typical low-cost hobby/education price.
BLR-002,Bengaluru,Karnataka,Robocraze Warehouse,Electronic parts supplier,"Ground Floor, 912/10, 4th G Main Rd, Chellikere, Chelekare, Kalyan Nagar, Bengaluru, Karnataka 560043",+91 81230 57137,4.6,3285,https://www.google.com/maps/search/?api=1&query=Robocraze+Warehouse+Bengaluru,2026-08-30,part_search_seed,COM-008,EtherCAT Interface,EtherCAT Interface,unverified_search_seed,https://www.google.com/maps/search/?api=1&query=Robocraze+Warehouse+EtherCAT+Interface+Bengaluru,Suggested local store to ask/search first based on store type; this does not claim current stock.,5000,5000,5000,Low,Industrial/import estimate,2026-08-30,5000,School-project baseline: minimum practical/entry-level price used; premium/industrial variants excluded.
BLR-002,Bengaluru,Karnataka,Robocraze Warehouse,Electronic parts supplier,"Ground Floor, 912/10, 4th G Main Rd, Chellikere, Chelekare, Kalyan Nagar, Bengaluru, Karnataka 560043",+91 81230 57137,4.6,3285,https://www.google.com/maps/search/?api=1&query=Robocraze+Warehouse+Bengaluru,2026-08-30,part_search_seed,COM-009,Ethernet PHY / Adapter,Ethernet PHY / Adapter,unverified_search_seed,https://www.google.com/maps/search/?api=1&query=Robocraze+Warehouse+Ethernet+PHY+%2F+Adapter+Bengaluru,Suggested local store to ask/search first based on store type; this does not claim current stock.,150,150,150,Low,Category-based India market estimate,2026-08-30,150,School-project baseline: minimum practical/entry-level price used; premium/industrial variants excluded.
BLR-002,Bengaluru,Karnataka,Robocraze Warehouse,Electronic parts supplier,"Ground Floor, 912/10, 4th G Main Rd, Chellikere, Chelekare, Kalyan Nagar, Bengaluru, Karnataka 560043",+91 81230 57137,4.6,3285,https://www.google.com/maps/search/?api=1&query=Robocraze+Warehouse+Bengaluru,2026-08-30,part_search_seed,COM-010,LoRa Module,LoRa Module,unverified_search_seed,https://www.google.com/maps/search/?api=1&query=Robocraze+Warehouse+LoRa+Module+Bengaluru,Suggested local store to ask/search first based on store type; this does not claim current stock.,150,150,150,Low,Category-based India market estimate,2026-08-30,150,School-project baseline: minimum practical/entry-level price used; premium/industrial variants excluded.
BLR-002,Bengaluru,Karnataka,Robocraze Warehouse,Electronic parts supplier,"Ground Floor, 912/10, 4th G Main Rd, Chellikere, Chelekare, Kalyan Nagar, Bengaluru, Karnataka 560043",+91 81230 57137,4.6,3285,https://www.google.com/maps/search/?api=1&query=Robocraze+Warehouse+Bengaluru,2026-08-30,part_search_seed,COM-011,RS-485 Transceiver,RS-485 Transceiver,unverified_search_seed,https://www.google.com/maps/search/?api=1&query=Robocraze+Warehouse+RS-485+Transceiver+Bengaluru,Suggested local store to ask/search first based on store type; this does not claim current stock.,150,150,150,Low,Category-based India market estimate,2026-08-30,150,School-project baseline: minimum practical/entry-level price used; premium/industrial variants excluded.
BLR-002,Bengaluru,Karnataka,Robocraze Warehouse,Electronic parts supplier,"Ground Floor, 912/10, 4th G Main Rd, Chellikere, Chelekare, Kalyan Nagar, Bengaluru, Karnataka 560043",+91 81230 57137,4.6,3285,https://www.google.com/maps/search/?api=1&query=Robocraze+Warehouse+Bengaluru,2026-08-30,part_search_seed,COM-012,USB-to-CAN Adapter,USB-to-CAN Adapter,unverified_search_seed,https://www.google.com/maps/search/?api=1&query=Robocraze+Warehouse+USB-to-CAN+Adapter+Bengaluru,Suggested local store to ask/search first based on store type; this does not claim current stock.,150,150,150,Low,Category-based India market estimate,2026-08-30,150,School-project baseline: minimum practical/entry-level price used; premium/industrial variants excluded.
BLR-002,Bengaluru,Karnataka,Robocraze Warehouse,Electronic parts supplier,"Ground Floor, 912/10, 4th G Main Rd, Chellikere, Chelekare, Kalyan Nagar, Bengaluru, Karnataka 560043",+91 81230 57137,4.6,3285,https://www.google.com/maps/search/?api=1&query=Robocraze+Warehouse+Bengaluru,2026-08-30,part_search_seed,COM-013,USB-to-RS485 Adapter,USB-to-RS485 Adapter,unverified_search_seed,https://www.google.com/maps/search/?api=1&query=Robocraze+Warehouse+USB-to-RS485+Adapter+Bengaluru,Suggested local store to ask/search first based on store type; this does not claim current stock.,150,150,150,Low,Category-based India market estimate,2026-08-30,150,School-project baseline: minimum practical/entry-level price used; premium/industrial variants excluded.
BLR-002,Bengaluru,Karnataka,Robocraze Warehouse,Electronic parts supplier,"Ground Floor, 912/10, 4th G Main Rd, Chellikere, Chelekare, Kalyan Nagar, Bengaluru, Karnataka 560043",+91 81230 57137,4.6,3285,https://www.google.com/maps/search/?api=1&query=Robocraze+Warehouse+Bengaluru,2026-08-30,part_search_seed,COM-014,UWB Communication Module,UWB Communication Module,unverified_search_seed,https://www.google.com/maps/search/?api=1&query=Robocraze+Warehouse+UWB+Communication+Module+Bengaluru,Suggested local store to ask/search first based on store type; this does not claim current stock.,150,150,150,Low,Category-based India market estimate,2026-08-30,150,School-project baseline: minimum practical/entry-level price used; premium/industrial variants excluded.
BLR-002,Bengaluru,Karnataka,Robocraze Warehouse,Electronic parts supplier,"Ground Floor, 912/10, 4th G Main Rd, Chellikere, Chelekare, Kalyan Nagar, Bengaluru, Karnataka 560043",+91 81230 57137,4.6,3285,https://www.google.com/maps/search/?api=1&query=Robocraze+Warehouse+Bengaluru,2026-08-30,part_search_seed,COM-015,Wi-Fi 6 Module,Wi-Fi 6 Module,unverified_search_seed,https://www.google.com/maps/search/?api=1&query=Robocraze+Warehouse+Wi-Fi+6+Module+Bengaluru,Suggested local store to ask/search first based on store type; this does not claim current stock.,150,150,150,Low,Category-based India market estimate,2026-08-30,150,School-project baseline: minimum practical/entry-level price used; premium/industrial variants excluded.
BLR-001,Bengaluru,Karnataka,Probots Electronics India Pvt Ltd,Electronic parts supplier,"Sankalpa 530, GF & 1F, 5th Cross Road, Vinayaka Layout, 9th Block, 2nd Stage, Nagarbhavi, Bengaluru, Karnataka 560072",+91 86180 50706,4.6,648,https://www.google.com/maps/search/?api=1&query=Probots+Electronics+India+Pvt+Ltd+Bengaluru,2026-08-30,part_search_seed,CON-006,Anderson Powerpole Connector,Anderson Powerpole Connector,unverified_search_seed,https://www.google.com/maps/search/?api=1&query=Probots+Electronics+India+Pvt+Ltd+Anderson+Powerpole+Connector+Bengaluru,Suggested local store to ask/search first based on store type; this does not claim current stock.,20,300,2500,Low,Category-based India market estimate,2026-08-30,300,School-project baseline: typical low-cost hobby/education price.
BLR-001,Bengaluru,Karnataka,Probots Electronics India Pvt Ltd,Electronic parts supplier,"Sankalpa 530, GF & 1F, 5th Cross Road, Vinayaka Layout, 9th Block, 2nd Stage, Nagarbhavi, Bengaluru, Karnataka 560072",+91 86180 50706,4.6,648,https://www.google.com/maps/search/?api=1&query=Probots+Electronics+India+Pvt+Ltd+Bengaluru,2026-08-30,part_search_seed,CON-007,CAN Bus Cable,CAN Bus Cable,unverified_search_seed,https://www.google.com/maps/search/?api=1&query=Probots+Electronics+India+Pvt+Ltd+CAN+Bus+Cable+Bengaluru,Suggested local store to ask/search first based on store type; this does not claim current stock.,20,300,2500,Low,Category-based India market estimate,2026-08-30,300,School-project baseline: typical low-cost hobby/education price.
BLR-001,Bengaluru,Karnataka,Probots Electronics India Pvt Ltd,Electronic parts supplier,"Sankalpa 530, GF & 1F, 5th Cross Road, Vinayaka Layout, 9th Block, 2nd Stage, Nagarbhavi, Bengaluru, Karnataka 560072",+91 86180 50706,4.6,648,https://www.google.com/maps/search/?api=1&query=Probots+Electronics+India+Pvt+Ltd+Bengaluru,2026-08-30,part_search_seed,CON-008,Cable Chain / Drag Chain,Cable Chain / Drag Chain,unverified_search_seed,https://www.google.com/maps/search/?api=1&query=Probots+Electronics+India+Pvt+Ltd+Cable+Chain+%2F+Drag+Chain+Bengaluru,Suggested local store to ask/search first based on store type; this does not claim current stock.,20,300,2500,Low,Category-based India market estimate,2026-08-30,300,School-project baseline: typical low-cost hobby/education price.
BLR-001,Bengaluru,Karnataka,Probots Electronics India Pvt Ltd,Electronic parts supplier,"Sankalpa 530, GF & 1F, 5th Cross Road, Vinayaka Layout, 9th Block, 2nd Stage, Nagarbhavi, Bengaluru, Karnataka 560072",+91 86180 50706,4.6,648,https://www.google.com/maps/search/?api=1&query=Probots+Electronics+India+Pvt+Ltd+Bengaluru,2026-08-30,part_search_seed,CON-009,Cable Gland,Cable Gland,unverified_search_seed,https://www.google.com/maps/search/?api=1&query=Probots+Electronics+India+Pvt+Ltd+Cable+Gland+Bengaluru,Suggested local store to ask/search first based on store type; this does not claim current stock.,20,300,2500,Low,Category-based India market estimate,2026-08-30,300,School-project baseline: typical low-cost hobby/education price.
BLR-001,Bengaluru,Karnataka,Probots Electronics India Pvt Ltd,Electronic parts supplier,"Sankalpa 530, GF & 1F, 5th Cross Road, Vinayaka Layout, 9th Block, 2nd Stage, Nagarbhavi, Bengaluru, Karnataka 560072",+91 86180 50706,4.6,648,https://www.google.com/maps/search/?api=1&query=Probots+Electronics+India+Pvt+Ltd+Bengaluru,2026-08-30,part_search_seed,CON-010,Cable Sleeve / Braided Loom,Cable Sleeve / Braided Loom,unverified_search_seed,https://www.google.com/maps/search/?api=1&query=Probots+Electronics+India+Pvt+Ltd+Cable+Sleeve+%2F+Braided+Loom+Bengaluru,Suggested local store to ask/search first based on store type; this does not claim current stock.,20,300,2500,Low,Category-based India market estimate,2026-08-30,300,School-project baseline: typical low-cost hobby/education price.
BLR-001,Bengaluru,Karnataka,Probots Electronics India Pvt Ltd,Electronic parts supplier,"Sankalpa 530, GF & 1F, 5th Cross Road, Vinayaka Layout, 9th Block, 2nd Stage, Nagarbhavi, Bengaluru, Karnataka 560072",+91 86180 50706,4.6,648,https://www.google.com/maps/search/?api=1&query=Probots+Electronics+India+Pvt+Ltd+Bengaluru,2026-08-30,part_search_seed,CON-011,Dupont Crimp Kit,Dupont Crimp Kit,unverified_search_seed,https://www.google.com/maps/search/?api=1&query=Probots+Electronics+India+Pvt+Ltd+Dupont+Crimp+Kit+Bengaluru,Suggested local store to ask/search first based on store type; this does not claim current stock.,20,300,2500,Low,Category-based India market estimate,2026-08-30,300,School-project baseline: typical low-cost hobby/education price.
BLR-001,Bengaluru,Karnataka,Probots Electronics India Pvt Ltd,Electronic parts supplier,"Sankalpa 530, GF & 1F, 5th Cross Road, Vinayaka Layout, 9th Block, 2nd Stage, Nagarbhavi, Bengaluru, Karnataka 560072",+91 86180 50706,4.6,648,https://www.google.com/maps/search/?api=1&query=Probots+Electronics+India+Pvt+Ltd+Bengaluru,2026-08-30,part_search_seed,CON-012,Ferrule Kit,Ferrule Kit,unverified_search_seed,https://www.google.com/maps/search/?api=1&query=Probots+Electronics+India+Pvt+Ltd+Ferrule+Kit+Bengaluru,Suggested local store to ask/search first based on store type; this does not claim current stock.,20,300,2500,Low,Category-based India market estimate,2026-08-30,300,School-project baseline: typical low-cost hobby/education price.
BLR-001,Bengaluru,Karnataka,Probots Electronics India Pvt Ltd,Electronic parts supplier,"Sankalpa 530, GF & 1F, 5th Cross Road, Vinayaka Layout, 9th Block, 2nd Stage, Nagarbhavi, Bengaluru, Karnataka 560072",+91 86180 50706,4.6,648,https://www.google.com/maps/search/?api=1&query=Probots+Electronics+India+Pvt+Ltd+Bengaluru,2026-08-30,part_search_seed,CON-013,Heat-Shrink Tubing,Heat-Shrink Tubing,unverified_search_seed,https://www.google.com/maps/search/?api=1&query=Probots+Electronics+India+Pvt+Ltd+Heat-Shrink+Tubing+Bengaluru,Suggested local store to ask/search first based on store type; this does not claim current stock.,20,300,2500,Low,Category-based India market estimate,2026-08-30,300,School-project baseline: typical low-cost hobby/education price.
BLR-001,Bengaluru,Karnataka,Probots Electronics India Pvt Ltd,Electronic parts supplier,"Sankalpa 530, GF & 1F, 5th Cross Road, Vinayaka Layout, 9th Block, 2nd Stage, Nagarbhavi, Bengaluru, Karnataka 560072",+91 86180 50706,4.6,648,https://www.google.com/maps/search/?api=1&query=Probots+Electronics+India+Pvt+Ltd+Bengaluru,2026-08-30,part_search_seed,CON-014,JST-GH Connector Kit,JST-GH Connector Kit,unverified_search_seed,https://www.google.com/maps/search/?api=1&query=Probots+Electronics+India+Pvt+Ltd+JST-GH+Connector+Kit+Bengaluru,Suggested local store to ask/search first based on store type; this does not claim current stock.,20,300,2500,Low,Category-based India market estimate,2026-08-30,300,School-project baseline: typical low-cost hobby/education price.
BLR-001,Bengaluru,Karnataka,Probots Electronics India Pvt Ltd,Electronic parts supplier,"Sankalpa 530, GF & 1F, 5th Cross Road, Vinayaka Layout, 9th Block, 2nd Stage, Nagarbhavi, Bengaluru, Karnataka 560072",+91 86180 50706,4.6,648,https://www.google.com/maps/search/?api=1&query=Probots+Electronics+India+Pvt+Ltd+Bengaluru,2026-08-30,part_search_seed,CON-015,JST-PH Connector Kit,JST-PH Connector Kit,unverified_search_seed,https://www.google.com/maps/search/?api=1&query=Probots+Electronics+India+Pvt+Ltd+JST-PH+Connector+Kit+Bengaluru,Suggested local store to ask/search first based on store type; this does not claim current stock.,20,300,2500,Low,Category-based India market estimate,2026-08-30,300,School-project baseline: typical low-cost hobby/education price.
BLR-001,Bengaluru,Karnataka,Probots Electronics India Pvt Ltd,Electronic parts supplier,"Sankalpa 530, GF & 1F, 5th Cross Road, Vinayaka Layout, 9th Block, 2nd Stage, Nagarbhavi, Bengaluru, Karnataka 560072",+91 86180 50706,4.6,648,https://www.google.com/maps/search/?api=1&query=Probots+Electronics+India+Pvt+Ltd+Bengaluru,2026-08-30,part_search_seed,CON-016,JST-XH Connector Kit,JST-XH Connector Kit,unverified_search_seed,https://www.google.com/maps/search/?api=1&query=Probots+Electronics+India+Pvt+Ltd+JST-XH+Connector+Kit+Bengaluru,Suggested local store to ask/search first based on store type; this does not claim current stock.,20,300,2500,Low,Category-based India market estimate,2026-08-30,300,School-project baseline: typical low-cost hobby/education price.
BLR-001,Bengaluru,Karnataka,Probots Electronics India Pvt Ltd,Electronic parts supplier,"Sankalpa 530, GF & 1F, 5th Cross Road, Vinayaka Layout, 9th Block, 2nd Stage, Nagarbhavi, Bengaluru, Karnataka 560072",+91 86180 50706,4.6,648,https://www.google.com/maps/search/?api=1&query=Probots+Electronics+India+Pvt+Ltd+Bengaluru,2026-08-30,part_search_seed,CON-017,Shielded Twisted Pair Cable,Shielded Twisted Pair Cable,unverified_search_seed,https://www.google.com/maps/search/?api=1&query=Probots+Electronics+India+Pvt+Ltd+Shielded+Twisted+Pair+Cable+Bengaluru,Suggested local store to ask/search first based on store type; this does not claim current stock.,20,300,2500,Low,Category-based India market estimate,2026-08-30,300,School-project baseline: typical low-cost hobby/education price.
BLR-001,Bengaluru,Karnataka,Probots Electronics India Pvt Ltd,Electronic parts supplier,"Sankalpa 530, GF & 1F, 5th Cross Road, Vinayaka Layout, 9th Block, 2nd Stage, Nagarbhavi, Bengaluru, Karnataka 560072",+91 86180 50706,4.6,648,https://www.google.com/maps/search/?api=1&query=Probots+Electronics+India+Pvt+Ltd+Bengaluru,2026-08-30,part_search_seed,CON-018,Silicone High-Flex Wire,Silicone High-Flex Wire,unverified_search_seed,https://www.google.com/maps/search/?api=1&query=Probots+Electronics+India+Pvt+Ltd+Silicone+High-Flex+Wire+Bengaluru,Suggested local store to ask/search first based on store type; this does not claim current stock.,20,300,2500,Low,Category-based India market estimate,2026-08-30,300,School-project baseline: typical low-cost hobby/education price.
BLR-001,Bengaluru,Karnataka,Probots Electronics India Pvt Ltd,Electronic parts supplier,"Sankalpa 530, GF & 1F, 5th Cross Road, Vinayaka Layout, 9th Block, 2nd Stage, Nagarbhavi, Bengaluru, Karnataka 560072",+91 86180 50706,4.6,648,https://www.google.com/maps/search/?api=1&query=Probots+Electronics+India+Pvt+Ltd+Bengaluru,2026-08-30,part_search_seed,CON-019,Slip Ring,Slip Ring,unverified_search_seed,https://www.google.com/maps/search/?api=1&query=Probots+Electronics+India+Pvt+Ltd+Slip+Ring+Bengaluru,Suggested local store to ask/search first based on store type; this does not claim current stock.,20,300,2500,Low,Category-based India market estimate,2026-08-30,300,School-project baseline: typical low-cost hobby/education price.
BLR-001,Bengaluru,Karnataka,Probots Electronics India Pvt Ltd,Electronic parts supplier,"Sankalpa 530, GF & 1F, 5th Cross Road, Vinayaka Layout, 9th Block, 2nd Stage, Nagarbhavi, Bengaluru, Karnataka 560072",+91 86180 50706,4.6,648,https://www.google.com/maps/search/?api=1&query=Probots+Electronics+India+Pvt+Ltd+Bengaluru,2026-08-30,part_search_seed,CON-020,XT30 Connector,XT30 Connector,unverified_search_seed,https://www.google.com/maps/search/?api=1&query=Probots+Electronics+India+Pvt+Ltd+XT30+Connector+Bengaluru,Suggested local store to ask/search first based on store type; this does not claim current stock.,20,300,2500,Low,Category-based India market estimate,2026-08-30,300,School-project baseline: typical low-cost hobby/education price.
BLR-001,Bengaluru,Karnataka,Probots Electronics India Pvt Ltd,Electronic parts supplier,"Sankalpa 530, GF & 1F, 5th Cross Road, Vinayaka Layout, 9th Block, 2nd Stage, Nagarbhavi, Bengaluru, Karnataka 560072",+91 86180 50706,4.6,648,https://www.google.com/maps/search/?api=1&query=Probots+Electronics+India+Pvt+Ltd+Bengaluru,2026-08-30,part_search_seed,CON-021,XT60 Connector,XT60 Connector,unverified_search_seed,https://www.google.com/maps/search/?api=1&query=Probots+Electronics+India+Pvt+Ltd+XT60+Connector+Bengaluru,Suggested local store to ask/search first based on store type; this does not claim current stock.,20,300,2500,Low,Category-based India market estimate,2026-08-30,300,School-project baseline: typical low-cost hobby/education price.
BLR-001,Bengaluru,Karnataka,Probots Electronics India Pvt Ltd,Electronic parts supplier,"Sankalpa 530, GF & 1F, 5th Cross Road, Vinayaka Layout, 9th Block, 2nd Stage, Nagarbhavi, Bengaluru, Karnataka 560072",+91 86180 50706,4.6,648,https://www.google.com/maps/search/?api=1&query=Probots+Electronics+India+Pvt+Ltd+Bengaluru,2026-08-30,part_search_seed,CON-022,XT90 Anti-Spark Connector,XT90 Anti-Spark Connector,unverified_search_seed,https://www.google.com/maps/search/?api=1&query=Probots+Electronics+India+Pvt+Ltd+XT90+Anti-Spark+Connector+Bengaluru,Suggested local store to ask/search first based on store type; this does not claim current stock.,20,300,2500,Low,Category-based India market estimate,2026-08-30,300,School-project baseline: typical low-cost hobby/education price.
BLR-002,Bengaluru,Karnataka,Robocraze Warehouse,Electronic parts supplier,"Ground Floor, 912/10, 4th G Main Rd, Chellikere, Chelekare, Kalyan Nagar, Bengaluru, Karnataka 560043",+91 81230 57137,4.6,3285,https://www.google.com/maps/search/?api=1&query=Robocraze+Warehouse+Bengaluru,2026-08-30,part_search_seed,FRC-001,6-Axis Force/Torque Sensor,6-Axis Force/Torque Sensor,unverified_search_seed,https://www.google.com/maps/search/?api=1&query=Robocraze+Warehouse+6-Axis+Force%2FTorque+Sensor+Bengaluru,Suggested local store to ask/search first based on store type; this does not claim current stock.,30000,30000,30000,Low,Industrial sensor import estimate,2026-08-30,30000,School-project baseline: minimum practical/entry-level price used; premium/industrial variants excluded.
BLR-002,Bengaluru,Karnataka,Robocraze Warehouse,Electronic parts supplier,"Ground Floor, 912/10, 4th G Main Rd, Chellikere, Chelekare, Kalyan Nagar, Bengaluru, Karnataka 560043",+91 81230 57137,4.6,3285,https://www.google.com/maps/search/?api=1&query=Robocraze+Warehouse+Bengaluru,2026-08-30,part_search_seed,FRC-002,Bumper / Collision Sensor,Bumper / Collision Sensor,unverified_search_seed,https://www.google.com/maps/search/?api=1&query=Robocraze+Warehouse+Bumper+%2F+Collision+Sensor+Bengaluru,Suggested local store to ask/search first based on store type; this does not claim current stock.,80,80,80,Low,Category-based India market estimate,2026-08-30,80,School-project baseline: minimum practical/entry-level price used; premium/industrial variants excluded.
BLR-002,Bengaluru,Karnataka,Robocraze Warehouse,Electronic parts supplier,"Ground Floor, 912/10, 4th G Main Rd, Chellikere, Chelekare, Kalyan Nagar, Bengaluru, Karnataka 560043",+91 81230 57137,4.6,3285,https://www.google.com/maps/search/?api=1&query=Robocraze+Warehouse+Bengaluru,2026-08-30,part_search_seed,FRC-003,Capacitive Tactile Sensor,Capacitive Tactile Sensor,unverified_search_seed,https://www.google.com/maps/search/?api=1&query=Robocraze+Warehouse+Capacitive+Tactile+Sensor+Bengaluru,Suggested local store to ask/search first based on store type; this does not claim current stock.,80,80,80,Low,Category-based India market estimate,2026-08-30,80,School-project baseline: minimum practical/entry-level price used; premium/industrial variants excluded.
BLR-002,Bengaluru,Karnataka,Robocraze Warehouse,Electronic parts supplier,"Ground Floor, 912/10, 4th G Main Rd, Chellikere, Chelekare, Kalyan Nagar, Bengaluru, Karnataka 560043",+91 81230 57137,4.6,3285,https://www.google.com/maps/search/?api=1&query=Robocraze+Warehouse+Bengaluru,2026-08-30,part_search_seed,FRC-004,Foot Force Sensor,Foot Force Sensor,unverified_search_seed,https://www.google.com/maps/search/?api=1&query=Robocraze+Warehouse+Foot+Force+Sensor+Bengaluru,Suggested local store to ask/search first based on store type; this does not claim current stock.,80,80,80,Low,Category-based India market estimate,2026-08-30,80,School-project baseline: minimum practical/entry-level price used; premium/industrial variants excluded.
BLR-002,Bengaluru,Karnataka,Robocraze Warehouse,Electronic parts supplier,"Ground Floor, 912/10, 4th G Main Rd, Chellikere, Chelekare, Kalyan Nagar, Bengaluru, Karnataka 560043",+91 81230 57137,4.6,3285,https://www.google.com/maps/search/?api=1&query=Robocraze+Warehouse+Bengaluru,2026-08-30,part_search_seed,FRC-005,Force-Sensitive Resistor (FSR),Force-Sensitive Resistor (FSR),unverified_search_seed,https://www.google.com/maps/search/?api=1&query=Robocraze+Warehouse+Force-Sensitive+Resistor+%28FSR%29+Bengaluru,Suggested local store to ask/search first based on store type; this does not claim current stock.,80,80,80,Low,Category-based India market estimate,2026-08-30,80,School-project baseline: minimum practical/entry-level price used; premium/industrial variants excluded.
BLR-002,Bengaluru,Karnataka,Robocraze Warehouse,Electronic parts supplier,"Ground Floor, 912/10, 4th G Main Rd, Chellikere, Chelekare, Kalyan Nagar, Bengaluru, Karnataka 560043",+91 81230 57137,4.6,3285,https://www.google.com/maps/search/?api=1&query=Robocraze+Warehouse+Bengaluru,2026-08-30,part_search_seed,FRC-006,Joint Torque Sensor,Joint Torque Sensor,unverified_search_seed,https://www.google.com/maps/search/?api=1&query=Robocraze+Warehouse+Joint+Torque+Sensor+Bengaluru,Suggested local store to ask/search first based on store type; this does not claim current stock.,6000,6000,6000,Low,Industrial/import estimate,2026-08-30,6000,School-project baseline: minimum practical/entry-level price used; premium/industrial variants excluded.
BLR-002,Bengaluru,Karnataka,Robocraze Warehouse,Electronic parts supplier,"Ground Floor, 912/10, 4th G Main Rd, Chellikere, Chelekare, Kalyan Nagar, Bengaluru, Karnataka 560043",+91 81230 57137,4.6,3285,https://www.google.com/maps/search/?api=1&query=Robocraze+Warehouse+Bengaluru,2026-08-30,part_search_seed,FRC-007,Load Cell + HX711,Load Cell + HX711,unverified_search_seed,https://www.google.com/maps/search/?api=1&query=Robocraze+Warehouse+Load+Cell+%2B+HX711+Bengaluru,Suggested local store to ask/search first based on store type; this does not claim current stock.,80,80,80,Low,Category-based India market estimate,2026-08-30,80,School-project baseline: minimum practical/entry-level price used; premium/industrial variants excluded.
BLR-002,Bengaluru,Karnataka,Robocraze Warehouse,Electronic parts supplier,"Ground Floor, 912/10, 4th G Main Rd, Chellikere, Chelekare, Kalyan Nagar, Bengaluru, Karnataka 560043",+91 81230 57137,4.6,3285,https://www.google.com/maps/search/?api=1&query=Robocraze+Warehouse+Bengaluru,2026-08-30,part_search_seed,FRC-008,Robotic Skin / Pressure Matrix,Robotic Skin / Pressure Matrix,unverified_search_seed,https://www.google.com/maps/search/?api=1&query=Robocraze+Warehouse+Robotic+Skin+%2F+Pressure+Matrix+Bengaluru,Suggested local store to ask/search first based on store type; this does not claim current stock.,3000,3000,3000,Low,Research/import estimate,2026-08-30,3000,School-project baseline: minimum practical/entry-level price used; premium/industrial variants excluded.
BLR-002,Bengaluru,Karnataka,Robocraze Warehouse,Electronic parts supplier,"Ground Floor, 912/10, 4th G Main Rd, Chellikere, Chelekare, Kalyan Nagar, Bengaluru, Karnataka 560043",+91 81230 57137,4.6,3285,https://www.google.com/maps/search/?api=1&query=Robocraze+Warehouse+Bengaluru,2026-08-30,part_search_seed,FRC-009,Single-Axis Force Sensor,Single-Axis Force Sensor,unverified_search_seed,https://www.google.com/maps/search/?api=1&query=Robocraze+Warehouse+Single-Axis+Force+Sensor+Bengaluru,Suggested local store to ask/search first based on store type; this does not claim current stock.,80,80,80,Low,Category-based India market estimate,2026-08-30,80,School-project baseline: minimum practical/entry-level price used; premium/industrial variants excluded.
BLR-002,Bengaluru,Karnataka,Robocraze Warehouse,Electronic parts supplier,"Ground Floor, 912/10, 4th G Main Rd, Chellikere, Chelekare, Kalyan Nagar, Bengaluru, Karnataka 560043",+91 81230 57137,4.6,3285,https://www.google.com/maps/search/?api=1&query=Robocraze+Warehouse+Bengaluru,2026-08-30,part_search_seed,FRC-010,Tactile Sensor Array,Tactile Sensor Array,unverified_search_seed,https://www.google.com/maps/search/?api=1&query=Robocraze+Warehouse+Tactile+Sensor+Array+Bengaluru,Suggested local store to ask/search first based on store type; this does not claim current stock.,3000,3000,3000,Low,Research/import estimate,2026-08-30,3000,School-project baseline: minimum practical/entry-level price used; premium/industrial variants excluded.
BLR-005,Bengaluru,Karnataka,Robojung Robotics Components,Electronic parts supplier,"77/1/7, 11th Main Road, 5th Cross, Begur Rd, Hongasandra, Bengaluru, Karnataka 560068",+91 91401 85377,5.0,15,https://www.google.com/maps/search/?api=1&query=Robojung+Robotics+Components+Bengaluru,2026-08-30,part_search_seed,END-001,2-Finger Parallel Gripper,2-Finger Parallel Gripper,unverified_search_seed,https://www.google.com/maps/search/?api=1&query=Robojung+Robotics+Components+2-Finger+Parallel+Gripper+Bengaluru,Suggested local store to ask/search first based on store type; this does not claim current stock.,4000,4000,4000,Low,Robotics gripper estimate,2026-08-30,4000,School-project baseline: minimum practical/entry-level price used; premium/industrial variants excluded.
BLR-005,Bengaluru,Karnataka,Robojung Robotics Components,Electronic parts supplier,"77/1/7, 11th Main Road, 5th Cross, Begur Rd, Hongasandra, Bengaluru, Karnataka 560068",+91 91401 85377,5.0,15,https://www.google.com/maps/search/?api=1&query=Robojung+Robotics+Components+Bengaluru,2026-08-30,part_search_seed,END-002,3-Finger Robotic Gripper,3-Finger Robotic Gripper,unverified_search_seed,https://www.google.com/maps/search/?api=1&query=Robojung+Robotics+Components+3-Finger+Robotic+Gripper+Bengaluru,Suggested local store to ask/search first based on store type; this does not claim current stock.,12000,12000,12000,Low,Industrial gripper estimate,2026-08-30,12000,School-project baseline: minimum practical/entry-level price used; premium/industrial variants excluded.
BLR-005,Bengaluru,Karnataka,Robojung Robotics Components,Electronic parts supplier,"77/1/7, 11th Main Road, 5th Cross, Begur Rd, Hongasandra, Bengaluru, Karnataka 560068",+91 91401 85377,5.0,15,https://www.google.com/maps/search/?api=1&query=Robojung+Robotics+Components+Bengaluru,2026-08-30,part_search_seed,END-003,5-Finger Dexterous Robotic Hand,5-Finger Dexterous Robotic Hand,unverified_search_seed,https://www.google.com/maps/search/?api=1&query=Robojung+Robotics+Components+5-Finger+Dexterous+Robotic+Hand+Bengaluru,Suggested local store to ask/search first based on store type; this does not claim current stock.,50000,50000,50000,Low,Research/industrial hand estimate,2026-08-30,50000,School-project baseline: minimum practical/entry-level price used; premium/industrial variants excluded.
BLR-005,Bengaluru,Karnataka,Robojung Robotics Components,Electronic parts supplier,"77/1/7, 11th Main Road, 5th Cross, Begur Rd, Hongasandra, Bengaluru, Karnataka 560068",+91 91401 85377,5.0,15,https://www.google.com/maps/search/?api=1&query=Robojung+Robotics+Components+Bengaluru,2026-08-30,part_search_seed,END-004,Adaptive Gripper,Adaptive Gripper,unverified_search_seed,https://www.google.com/maps/search/?api=1&query=Robojung+Robotics+Components+Adaptive+Gripper+Bengaluru,Suggested local store to ask/search first based on store type; this does not claim current stock.,4000,4000,4000,Low,Robotics gripper estimate,2026-08-30,4000,School-project baseline: minimum practical/entry-level price used; premium/industrial variants excluded.
BLR-005,Bengaluru,Karnataka,Robojung Robotics Components,Electronic parts supplier,"77/1/7, 11th Main Road, 5th Cross, Begur Rd, Hongasandra, Bengaluru, Karnataka 560068",+91 91401 85377,5.0,15,https://www.google.com/maps/search/?api=1&query=Robojung+Robotics+Components+Bengaluru,2026-08-30,part_search_seed,END-005,Magnetic Gripper,Magnetic Gripper,unverified_search_seed,https://www.google.com/maps/search/?api=1&query=Robojung+Robotics+Components+Magnetic+Gripper+Bengaluru,Suggested local store to ask/search first based on store type; this does not claim current stock.,500,500,500,Low,Category-based India market estimate,2026-08-30,500,School-project baseline: minimum practical/entry-level price used; premium/industrial variants excluded.
BLR-005,Bengaluru,Karnataka,Robojung Robotics Components,Electronic parts supplier,"77/1/7, 11th Main Road, 5th Cross, Begur Rd, Hongasandra, Bengaluru, Karnataka 560068",+91 91401 85377,5.0,15,https://www.google.com/maps/search/?api=1&query=Robojung+Robotics+Components+Bengaluru,2026-08-30,part_search_seed,END-006,Servo Robotic Hand Kit,Servo Robotic Hand Kit,unverified_search_seed,https://www.google.com/maps/search/?api=1&query=Robojung+Robotics+Components+Servo+Robotic+Hand+Kit+Bengaluru,Suggested local store to ask/search first based on store type; this does not claim current stock.,500,500,500,Low,Category-based India market estimate,2026-08-30,500,School-project baseline: minimum practical/entry-level price used; premium/industrial variants excluded.
BLR-005,Bengaluru,Karnataka,Robojung Robotics Components,Electronic parts supplier,"77/1/7, 11th Main Road, 5th Cross, Begur Rd, Hongasandra, Bengaluru, Karnataka 560068",+91 91401 85377,5.0,15,https://www.google.com/maps/search/?api=1&query=Robojung+Robotics+Components+Bengaluru,2026-08-30,part_search_seed,END-007,Suction Cup End Effector,Suction Cup End Effector,unverified_search_seed,https://www.google.com/maps/search/?api=1&query=Robojung+Robotics+Components+Suction+Cup+End+Effector+Bengaluru,Suggested local store to ask/search first based on store type; this does not claim current stock.,500,500,500,Low,Category-based India market estimate,2026-08-30,500,School-project baseline: minimum practical/entry-level price used; premium/industrial variants excluded.
BLR-005,Bengaluru,Karnataka,Robojung Robotics Components,Electronic parts supplier,"77/1/7, 11th Main Road, 5th Cross, Begur Rd, Hongasandra, Bengaluru, Karnataka 560068",+91 91401 85377,5.0,15,https://www.google.com/maps/search/?api=1&query=Robojung+Robotics+Components+Bengaluru,2026-08-30,part_search_seed,END-008,Tendon / Cable Drive Kit,Tendon / Cable Drive Kit,unverified_search_seed,https://www.google.com/maps/search/?api=1&query=Robojung+Robotics+Components+Tendon+%2F+Cable+Drive+Kit+Bengaluru,Suggested local store to ask/search first based on store type; this does not claim current stock.,500,500,500,Low,Category-based India market estimate,2026-08-30,500,School-project baseline: minimum practical/entry-level price used; premium/industrial variants excluded.
BLR-005,Bengaluru,Karnataka,Robojung Robotics Components,Electronic parts supplier,"77/1/7, 11th Main Road, 5th Cross, Begur Rd, Hongasandra, Bengaluru, Karnataka 560068",+91 91401 85377,5.0,15,https://www.google.com/maps/search/?api=1&query=Robojung+Robotics+Components+Bengaluru,2026-08-30,part_search_seed,END-009,Tool Changer,Tool Changer,unverified_search_seed,https://www.google.com/maps/search/?api=1&query=Robojung+Robotics+Components+Tool+Changer+Bengaluru,Suggested local store to ask/search first based on store type; this does not claim current stock.,5000,5000,5000,Low,Industrial tooling estimate,2026-08-30,5000,School-project baseline: minimum practical/entry-level price used; premium/industrial variants excluded.
BLR-005,Bengaluru,Karnataka,Robojung Robotics Components,Electronic parts supplier,"77/1/7, 11th Main Road, 5th Cross, Begur Rd, Hongasandra, Bengaluru, Karnataka 560068",+91 91401 85377,5.0,15,https://www.google.com/maps/search/?api=1&query=Robojung+Robotics+Components+Bengaluru,2026-08-30,part_search_seed,END-010,Underactuated Finger Mechanism,Underactuated Finger Mechanism,unverified_search_seed,https://www.google.com/maps/search/?api=1&query=Robojung+Robotics+Components+Underactuated+Finger+Mechanism+Bengaluru,Suggested local store to ask/search first based on store type; this does not claim current stock.,500,500,500,Low,Category-based India market estimate,2026-08-30,500,School-project baseline: minimum practical/entry-level price used; premium/industrial variants excluded.
BLR-005,Bengaluru,Karnataka,Robojung Robotics Components,Electronic parts supplier,"77/1/7, 11th Main Road, 5th Cross, Begur Rd, Hongasandra, Bengaluru, Karnataka 560068",+91 91401 85377,5.0,15,https://www.google.com/maps/search/?api=1&query=Robojung+Robotics+Components+Bengaluru,2026-08-30,part_search_seed,END-011,Vacuum Pump + Solenoid Valve,Vacuum Pump + Solenoid Valve,unverified_search_seed,https://www.google.com/maps/search/?api=1&query=Robojung+Robotics+Components+Vacuum+Pump+%2B+Solenoid+Valve+Bengaluru,Suggested local store to ask/search first based on store type; this does not claim current stock.,500,500,500,Low,Category-based India market estimate,2026-08-30,500,School-project baseline: minimum practical/entry-level price used; premium/industrial variants excluded.
BLR-005,Bengaluru,Karnataka,Robojung Robotics Components,Electronic parts supplier,"77/1/7, 11th Main Road, 5th Cross, Begur Rd, Hongasandra, Bengaluru, Karnataka 560068",+91 91401 85377,5.0,15,https://www.google.com/maps/search/?api=1&query=Robojung+Robotics+Components+Bengaluru,2026-08-30,part_search_seed,END-012,Wrist Force/Torque Adapter,Wrist Force/Torque Adapter,unverified_search_seed,https://www.google.com/maps/search/?api=1&query=Robojung+Robotics+Components+Wrist+Force%2FTorque+Adapter+Bengaluru,Suggested local store to ask/search first based on store type; this does not claim current stock.,500,500,500,Low,Category-based India market estimate,2026-08-30,500,School-project baseline: minimum practical/entry-level price used; premium/industrial variants excluded.
BLR-005,Bengaluru,Karnataka,Robojung Robotics Components,Electronic parts supplier,"77/1/7, 11th Main Road, 5th Cross, Begur Rd, Hongasandra, Bengaluru, Karnataka 560068",+91 91401 85377,5.0,15,https://www.google.com/maps/search/?api=1&query=Robojung+Robotics+Components+Bengaluru,2026-08-30,part_search_seed,LEG-001,Carbon-Fiber Leg Tube,Carbon-Fiber Leg Tube,unverified_search_seed,https://www.google.com/maps/search/?api=1&query=Robojung+Robotics+Components+Carbon-Fiber+Leg+Tube+Bengaluru,Suggested local store to ask/search first based on store type; this does not claim current stock.,150,150,150,Low,Category-based India market estimate,2026-08-30,150,School-project baseline: minimum practical/entry-level price used; premium/industrial variants excluded.
BLR-005,Bengaluru,Karnataka,Robojung Robotics Components,Electronic parts supplier,"77/1/7, 11th Main Road, 5th Cross, Begur Rd, Hongasandra, Bengaluru, Karnataka 560068",+91 91401 85377,5.0,15,https://www.google.com/maps/search/?api=1&query=Robojung+Robotics+Components+Bengaluru,2026-08-30,part_search_seed,LEG-002,Compliant Foot Pad,Compliant Foot Pad,unverified_search_seed,https://www.google.com/maps/search/?api=1&query=Robojung+Robotics+Components+Compliant+Foot+Pad+Bengaluru,Suggested local store to ask/search first based on store type; this does not claim current stock.,150,150,150,Low,Category-based India market estimate,2026-08-30,150,School-project baseline: minimum practical/entry-level price used; premium/industrial variants excluded.
BLR-005,Bengaluru,Karnataka,Robojung Robotics Components,Electronic parts supplier,"77/1/7, 11th Main Road, 5th Cross, Begur Rd, Hongasandra, Bengaluru, Karnataka 560068",+91 91401 85377,5.0,15,https://www.google.com/maps/search/?api=1&query=Robojung+Robotics+Components+Bengaluru,2026-08-30,part_search_seed,LEG-003,Foot Contact Switch,Foot Contact Switch,unverified_search_seed,https://www.google.com/maps/search/?api=1&query=Robojung+Robotics+Components+Foot+Contact+Switch+Bengaluru,Suggested local store to ask/search first based on store type; this does not claim current stock.,150,150,150,Low,Category-based India market estimate,2026-08-30,150,School-project baseline: minimum practical/entry-level price used; premium/industrial variants excluded.
BLR-005,Bengaluru,Karnataka,Robojung Robotics Components,Electronic parts supplier,"77/1/7, 11th Main Road, 5th Cross, Begur Rd, Hongasandra, Bengaluru, Karnataka 560068",+91 91401 85377,5.0,15,https://www.google.com/maps/search/?api=1&query=Robojung+Robotics+Components+Bengaluru,2026-08-30,part_search_seed,LEG-004,Gas Spring / Mechanical Damper,Gas Spring / Mechanical Damper,unverified_search_seed,https://www.google.com/maps/search/?api=1&query=Robojung+Robotics+Components+Gas+Spring+%2F+Mechanical+Damper+Bengaluru,Suggested local store to ask/search first based on store type; this does not claim current stock.,150,150,150,Low,Category-based India market estimate,2026-08-30,150,School-project baseline: minimum practical/entry-level price used; premium/industrial variants excluded.
BLR-005,Bengaluru,Karnataka,Robojung Robotics Components,Electronic parts supplier,"77/1/7, 11th Main Road, 5th Cross, Begur Rd, Hongasandra, Bengaluru, Karnataka 560068",+91 91401 85377,5.0,15,https://www.google.com/maps/search/?api=1&query=Robojung+Robotics+Components+Bengaluru,2026-08-30,part_search_seed,LEG-005,Hip Abduction Joint,Hip Abduction Joint,unverified_search_seed,https://www.google.com/maps/search/?api=1&query=Robojung+Robotics+Components+Hip+Abduction+Joint+Bengaluru,Suggested local store to ask/search first based on store type; this does not claim current stock.,150,150,150,Low,Category-based India market estimate,2026-08-30,150,School-project baseline: minimum practical/entry-level price used; premium/industrial variants excluded.
BLR-005,Bengaluru,Karnataka,Robojung Robotics Components,Electronic parts supplier,"77/1/7, 11th Main Road, 5th Cross, Begur Rd, Hongasandra, Bengaluru, Karnataka 560068",+91 91401 85377,5.0,15,https://www.google.com/maps/search/?api=1&query=Robojung+Robotics+Components+Bengaluru,2026-08-30,part_search_seed,LEG-006,Leg Linkage Set,Leg Linkage Set,unverified_search_seed,https://www.google.com/maps/search/?api=1&query=Robojung+Robotics+Components+Leg+Linkage+Set+Bengaluru,Suggested local store to ask/search first based on store type; this does not claim current stock.,150,150,150,Low,Category-based India market estimate,2026-08-30,150,School-project baseline: minimum practical/entry-level price used; premium/industrial variants excluded.
BLR-005,Bengaluru,Karnataka,Robojung Robotics Components,Electronic parts supplier,"77/1/7, 11th Main Road, 5th Cross, Begur Rd, Hongasandra, Bengaluru, Karnataka 560068",+91 91401 85377,5.0,15,https://www.google.com/maps/search/?api=1&query=Robojung+Robotics+Components+Bengaluru,2026-08-30,part_search_seed,LEG-007,Quadruped Hip Joint Bracket,Quadruped Hip Joint Bracket,unverified_search_seed,https://www.google.com/maps/search/?api=1&query=Robojung+Robotics+Components+Quadruped+Hip+Joint+Bracket+Bengaluru,Suggested local store to ask/search first based on store type; this does not claim current stock.,150,150,150,Low,Category-based India market estimate,2026-08-30,150,School-project baseline: minimum practical/entry-level price used; premium/industrial variants excluded.
BLR-005,Bengaluru,Karnataka,Robojung Robotics Components,Electronic parts supplier,"77/1/7, 11th Main Road, 5th Cross, Begur Rd, Hongasandra, Bengaluru, Karnataka 560068",+91 91401 85377,5.0,15,https://www.google.com/maps/search/?api=1&query=Robojung+Robotics+Components+Bengaluru,2026-08-30,part_search_seed,LEG-008,Quadruped Knee Joint Bracket,Quadruped Knee Joint Bracket,unverified_search_seed,https://www.google.com/maps/search/?api=1&query=Robojung+Robotics+Components+Quadruped+Knee+Joint+Bracket+Bengaluru,Suggested local store to ask/search first based on store type; this does not claim current stock.,150,150,150,Low,Category-based India market estimate,2026-08-30,150,School-project baseline: minimum practical/entry-level price used; premium/industrial variants excluded.
BLR-005,Bengaluru,Karnataka,Robojung Robotics Components,Electronic parts supplier,"77/1/7, 11th Main Road, 5th Cross, Begur Rd, Hongasandra, Bengaluru, Karnataka 560068",+91 91401 85377,5.0,15,https://www.google.com/maps/search/?api=1&query=Robojung+Robotics+Components+Bengaluru,2026-08-30,part_search_seed,LEG-009,Robot Foot / Paw,Robot Foot / Paw,unverified_search_seed,https://www.google.com/maps/search/?api=1&query=Robojung+Robotics+Components+Robot+Foot+%2F+Paw+Bengaluru,Suggested local store to ask/search first based on store type; this does not claim current stock.,150,150,150,Low,Category-based India market estimate,2026-08-30,150,School-project baseline: minimum practical/entry-level price used; premium/industrial variants excluded.
BLR-005,Bengaluru,Karnataka,Robojung Robotics Components,Electronic parts supplier,"77/1/7, 11th Main Road, 5th Cross, Begur Rd, Hongasandra, Bengaluru, Karnataka 560068",+91 91401 85377,5.0,15,https://www.google.com/maps/search/?api=1&query=Robojung+Robotics+Components+Bengaluru,2026-08-30,part_search_seed,LEG-010,Series Elastic Element,Series Elastic Element,unverified_search_seed,https://www.google.com/maps/search/?api=1&query=Robojung+Robotics+Components+Series+Elastic+Element+Bengaluru,Suggested local store to ask/search first based on store type; this does not claim current stock.,150,150,150,Low,Category-based India market estimate,2026-08-30,150,School-project baseline: minimum practical/entry-level price used; premium/industrial variants excluded.
BLR-005,Bengaluru,Karnataka,Robojung Robotics Components,Electronic parts supplier,"77/1/7, 11th Main Road, 5th Cross, Begur Rd, Hongasandra, Bengaluru, Karnataka 560068",+91 91401 85377,5.0,15,https://www.google.com/maps/search/?api=1&query=Robojung+Robotics+Components+Bengaluru,2026-08-30,part_search_seed,LEG-011,Shock Absorber,Shock Absorber,unverified_search_seed,https://www.google.com/maps/search/?api=1&query=Robojung+Robotics+Components+Shock+Absorber+Bengaluru,Suggested local store to ask/search first based on store type; this does not claim current stock.,150,150,150,Low,Category-based India market estimate,2026-08-30,150,School-project baseline: minimum practical/entry-level price used; premium/industrial variants excluded.
BLR-005,Bengaluru,Karnataka,Robojung Robotics Components,Electronic parts supplier,"77/1/7, 11th Main Road, 5th Cross, Begur Rd, Hongasandra, Bengaluru, Karnataka 560068",+91 91401 85377,5.0,15,https://www.google.com/maps/search/?api=1&query=Robojung+Robotics+Components+Bengaluru,2026-08-30,part_search_seed,LEG-012,Tail Mechanism / Balance Tail,Tail Mechanism / Balance Tail,unverified_search_seed,https://www.google.com/maps/search/?api=1&query=Robojung+Robotics+Components+Tail+Mechanism+%2F+Balance+Tail+Bengaluru,Suggested local store to ask/search first based on store type; this does not claim current stock.,150,150,150,Low,Category-based India market estimate,2026-08-30,150,School-project baseline: minimum practical/entry-level price used; premium/industrial variants excluded.
BLR-005,Bengaluru,Karnataka,Robojung Robotics Components,Electronic parts supplier,"77/1/7, 11th Main Road, 5th Cross, Begur Rd, Hongasandra, Bengaluru, Karnataka 560068",+91 91401 85377,5.0,15,https://www.google.com/maps/search/?api=1&query=Robojung+Robotics+Components+Bengaluru,2026-08-30,part_search_seed,LEG-013,Torsion Spring,Torsion Spring,unverified_search_seed,https://www.google.com/maps/search/?api=1&query=Robojung+Robotics+Components+Torsion+Spring+Bengaluru,Suggested local store to ask/search first based on store type; this does not claim current stock.,150,150,150,Low,Category-based India market estimate,2026-08-30,150,School-project baseline: minimum practical/entry-level price used; premium/industrial variants excluded.
BLR-002,Bengaluru,Karnataka,Robocraze Warehouse,Electronic parts supplier,"Ground Floor, 912/10, 4th G Main Rd, Chellikere, Chelekare, Kalyan Nagar, Bengaluru, Karnataka 560043",+91 81230 57137,4.6,3285,https://www.google.com/maps/search/?api=1&query=Robocraze+Warehouse+Bengaluru,2026-08-30,part_search_seed,DRV-004,BTS7960 High-Current Motor Driver,BTS7960 High-Current Motor Driver,unverified_search_seed,https://www.google.com/maps/search/?api=1&query=Robocraze+Warehouse+BTS7960+High-Current+Motor+Driver+Bengaluru,Suggested local store to ask/search first based on store type; this does not claim current stock.,250,450,900,High,India maker-market range,2026-08-30,450,School-project baseline: typical low-cost hobby/education price.
BLR-002,Bengaluru,Karnataka,Robocraze Warehouse,Electronic parts supplier,"Ground Floor, 912/10, 4th G Main Rd, Chellikere, Chelekare, Kalyan Nagar, Bengaluru, Karnataka 560043",+91 81230 57137,4.6,3285,https://www.google.com/maps/search/?api=1&query=Robocraze+Warehouse+Bengaluru,2026-08-30,part_search_seed,DRV-005,CAN Servo Motor Controller,CAN Servo Motor Controller,unverified_search_seed,https://www.google.com/maps/search/?api=1&query=Robocraze+Warehouse+CAN+Servo+Motor+Controller+Bengaluru,Suggested local store to ask/search first based on store type; this does not claim current stock.,120,120,120,Low,Category-based India market estimate,2026-08-30,120,School-project baseline: minimum practical/entry-level price used; premium/industrial variants excluded.
BLR-002,Bengaluru,Karnataka,Robocraze Warehouse,Electronic parts supplier,"Ground Floor, 912/10, 4th G Main Rd, Chellikere, Chelekare, Kalyan Nagar, Bengaluru, Karnataka 560043",+91 81230 57137,4.6,3285,https://www.google.com/maps/search/?api=1&query=Robocraze+Warehouse+Bengaluru,2026-08-30,part_search_seed,DRV-006,Cytron MD10C / MD30C Driver,Cytron MD10C / MD30C Driver,unverified_search_seed,https://www.google.com/maps/search/?api=1&query=Robocraze+Warehouse+Cytron+MD10C+%2F+MD30C+Driver+Bengaluru,Suggested local store to ask/search first based on store type; this does not claim current stock.,120,120,120,Low,Category-based India market estimate,2026-08-30,120,School-project baseline: minimum practical/entry-level price used; premium/industrial variants excluded.
BLR-002,Bengaluru,Karnataka,Robocraze Warehouse,Electronic parts supplier,"Ground Floor, 912/10, 4th G Main Rd, Chellikere, Chelekare, Kalyan Nagar, Bengaluru, Karnataka 560043",+91 81230 57137,4.6,3285,https://www.google.com/maps/search/?api=1&query=Robocraze+Warehouse+Bengaluru,2026-08-30,part_search_seed,DRV-007,DYNAMIXEL U2D2 / Smart Servo Interface,DYNAMIXEL U2D2 / Smart Servo Interface,unverified_search_seed,https://www.google.com/maps/search/?api=1&query=Robocraze+Warehouse+DYNAMIXEL+U2D2+%2F+Smart+Servo+Interface+Bengaluru,Suggested local store to ask/search first based on store type; this does not claim current stock.,300,1200,5000,Low,Specialty material estimate,2026-08-30,1200,School-project baseline: typical low-cost hobby/education price.
BLR-002,Bengaluru,Karnataka,Robocraze Warehouse,Electronic parts supplier,"Ground Floor, 912/10, 4th G Main Rd, Chellikere, Chelekare, Kalyan Nagar, Bengaluru, Karnataka 560043",+91 81230 57137,4.6,3285,https://www.google.com/maps/search/?api=1&query=Robocraze+Warehouse+Bengaluru,2026-08-30,part_search_seed,DRV-008,FOC Motor Driver,FOC Motor Driver,unverified_search_seed,https://www.google.com/maps/search/?api=1&query=Robocraze+Warehouse+FOC+Motor+Driver+Bengaluru,Suggested local store to ask/search first based on store type; this does not claim current stock.,120,120,120,Low,Category-based India market estimate,2026-08-30,120,School-project baseline: minimum practical/entry-level price used; premium/industrial variants excluded.
BLR-002,Bengaluru,Karnataka,Robocraze Warehouse,Electronic parts supplier,"Ground Floor, 912/10, 4th G Main Rd, Chellikere, Chelekare, Kalyan Nagar, Bengaluru, Karnataka 560043",+91 81230 57137,4.6,3285,https://www.google.com/maps/search/?api=1&query=Robocraze+Warehouse+Bengaluru,2026-08-30,part_search_seed,DRV-009,ODrive BLDC Controller,ODrive BLDC Controller,unverified_search_seed,https://www.google.com/maps/search/?api=1&query=Robocraze+Warehouse+ODrive+BLDC+Controller+Bengaluru,Suggested local store to ask/search first based on store type; this does not claim current stock.,8000,8000,8000,Medium,Import/maker market estimate,2026-08-30,8000,School-project baseline: minimum practical/entry-level price used; premium/industrial variants excluded.
BLR-002,Bengaluru,Karnataka,Robocraze Warehouse,Electronic parts supplier,"Ground Floor, 912/10, 4th G Main Rd, Chellikere, Chelekare, Kalyan Nagar, Bengaluru, Karnataka 560043",+91 81230 57137,4.6,3285,https://www.google.com/maps/search/?api=1&query=Robocraze+Warehouse+Bengaluru,2026-08-30,part_search_seed,DRV-010,PCA9685 16-Channel Servo Driver,PCA9685 16-Channel Servo Driver,unverified_search_seed,https://www.google.com/maps/search/?api=1&query=Robocraze+Warehouse+PCA9685+16-Channel+Servo+Driver+Bengaluru,Suggested local store to ask/search first based on store type; this does not claim current stock.,180,350,700,High,India maker-market range,2026-08-30,350,School-project baseline: typical low-cost hobby/education price.
BLR-002,Bengaluru,Karnataka,Robocraze Warehouse,Electronic parts supplier,"Ground Floor, 912/10, 4th G Main Rd, Chellikere, Chelekare, Kalyan Nagar, Bengaluru, Karnataka 560043",+91 81230 57137,4.6,3285,https://www.google.com/maps/search/?api=1&query=Robocraze+Warehouse+Bengaluru,2026-08-30,part_search_seed,DRV-011,Stepper Driver A4988,Stepper Driver A4988,unverified_search_seed,https://www.google.com/maps/search/?api=1&query=Robocraze+Warehouse+Stepper+Driver+A4988+Bengaluru,Suggested local store to ask/search first based on store type; this does not claim current stock.,120,120,120,Low,Category-based India market estimate,2026-08-30,120,School-project baseline: minimum practical/entry-level price used; premium/industrial variants excluded.
BLR-002,Bengaluru,Karnataka,Robocraze Warehouse,Electronic parts supplier,"Ground Floor, 912/10, 4th G Main Rd, Chellikere, Chelekare, Kalyan Nagar, Bengaluru, Karnataka 560043",+91 81230 57137,4.6,3285,https://www.google.com/maps/search/?api=1&query=Robocraze+Warehouse+Bengaluru,2026-08-30,part_search_seed,DRV-012,Stepper Driver DRV8825,Stepper Driver DRV8825,unverified_search_seed,https://www.google.com/maps/search/?api=1&query=Robocraze+Warehouse+Stepper+Driver+DRV8825+Bengaluru,Suggested local store to ask/search first based on store type; this does not claim current stock.,120,120,120,Low,Category-based India market estimate,2026-08-30,120,School-project baseline: minimum practical/entry-level price used; premium/industrial variants excluded.
BLR-002,Bengaluru,Karnataka,Robocraze Warehouse,Electronic parts supplier,"Ground Floor, 912/10, 4th G Main Rd, Chellikere, Chelekare, Kalyan Nagar, Bengaluru, Karnataka 560043",+91 81230 57137,4.6,3285,https://www.google.com/maps/search/?api=1&query=Robocraze+Warehouse+Bengaluru,2026-08-30,part_search_seed,DRV-013,TMC2209 Silent Stepper Driver,TMC2209 Silent Stepper Driver,unverified_search_seed,https://www.google.com/maps/search/?api=1&query=Robocraze+Warehouse+TMC2209+Silent+Stepper+Driver+Bengaluru,Suggested local store to ask/search first based on store type; this does not claim current stock.,250,450,900,High,India maker-market range,2026-08-30,450,School-project baseline: typical low-cost hobby/education price.
BLR-002,Bengaluru,Karnataka,Robocraze Warehouse,Electronic parts supplier,"Ground Floor, 912/10, 4th G Main Rd, Chellikere, Chelekare, Kalyan Nagar, Bengaluru, Karnataka 560043",+91 81230 57137,4.6,3285,https://www.google.com/maps/search/?api=1&query=Robocraze+Warehouse+Bengaluru,2026-08-30,part_search_seed,DRV-014,VESC Motor Controller,VESC Motor Controller,unverified_search_seed,https://www.google.com/maps/search/?api=1&query=Robocraze+Warehouse+VESC+Motor+Controller+Bengaluru,Suggested local store to ask/search first based on store type; this does not claim current stock.,3000,3000,3000,Medium,India/import market estimate,2026-08-30,3000,School-project baseline: minimum practical/entry-level price used; premium/industrial variants excluded.
BLR-002,Bengaluru,Karnataka,Robocraze Warehouse,Electronic parts supplier,"Ground Floor, 912/10, 4th G Main Rd, Chellikere, Chelekare, Kalyan Nagar, Bengaluru, Karnataka 560043",+91 81230 57137,4.6,3285,https://www.google.com/maps/search/?api=1&query=Robocraze+Warehouse+Bengaluru,2026-08-30,part_search_seed,DRV-015,VNH5019 Motor Driver,VNH5019 Motor Driver,unverified_search_seed,https://www.google.com/maps/search/?api=1&query=Robocraze+Warehouse+VNH5019+Motor+Driver+Bengaluru,Suggested local store to ask/search first based on store type; this does not claim current stock.,120,120,120,Low,Category-based India market estimate,2026-08-30,120,School-project baseline: minimum practical/entry-level price used; premium/industrial variants excluded.
BLR-003,Bengaluru,Karnataka,Sri Lakshmi Electronics - A Robotics Shop,Electronics store,"Ground floor, Sabari Complex, 66, Sadar Patrappa Rd, Kumbarpet, Nagarathpete, Bengaluru, Karnataka 560002",,4.7,26,https://www.google.com/maps/search/?api=1&query=Sri+Lakshmi+Electronics+A+Robotics+Shop+Bengaluru,2026-08-30,part_search_seed,ENC-001,AS5048A / AS5047 Magnetic Encoder,AS5048A / AS5047 Magnetic Encoder,unverified_search_seed,https://www.google.com/maps/search/?api=1&query=Sri+Lakshmi+Electronics+-+A+Robotics+Shop+AS5048A+%2F+AS5047+Magnetic+Encoder+Bengaluru,Suggested local store to ask/search first based on store type; this does not claim current stock.,100,100,100,Low,Category-based India market estimate,2026-08-30,100,School-project baseline: minimum practical/entry-level price used; premium/industrial variants excluded.
BLR-003,Bengaluru,Karnataka,Sri Lakshmi Electronics - A Robotics Shop,Electronics store,"Ground floor, Sabari Complex, 66, Sadar Patrappa Rd, Kumbarpet, Nagarathpete, Bengaluru, Karnataka 560002",,4.7,26,https://www.google.com/maps/search/?api=1&query=Sri+Lakshmi+Electronics+A+Robotics+Shop+Bengaluru,2026-08-30,part_search_seed,ENC-002,AS5600 Magnetic Encoder,AS5600 Magnetic Encoder,unverified_search_seed,https://www.google.com/maps/search/?api=1&query=Sri+Lakshmi+Electronics+-+A+Robotics+Shop+AS5600+Magnetic+Encoder+Bengaluru,Suggested local store to ask/search first based on store type; this does not claim current stock.,100,100,100,Low,Category-based India market estimate,2026-08-30,100,School-project baseline: minimum practical/entry-level price used; premium/industrial variants excluded.
BLR-003,Bengaluru,Karnataka,Sri Lakshmi Electronics - A Robotics Shop,Electronics store,"Ground floor, Sabari Complex, 66, Sadar Patrappa Rd, Kumbarpet, Nagarathpete, Bengaluru, Karnataka 560002",,4.7,26,https://www.google.com/maps/search/?api=1&query=Sri+Lakshmi+Electronics+A+Robotics+Shop+Bengaluru,2026-08-30,part_search_seed,ENC-003,Absolute Rotary Encoder,Absolute Rotary Encoder,unverified_search_seed,https://www.google.com/maps/search/?api=1&query=Sri+Lakshmi+Electronics+-+A+Robotics+Shop+Absolute+Rotary+Encoder+Bengaluru,Suggested local store to ask/search first based on store type; this does not claim current stock.,100,100,100,Low,Category-based India market estimate,2026-08-30,100,School-project baseline: minimum practical/entry-level price used; premium/industrial variants excluded.
BLR-003,Bengaluru,Karnataka,Sri Lakshmi Electronics - A Robotics Shop,Electronics store,"Ground floor, Sabari Complex, 66, Sadar Patrappa Rd, Kumbarpet, Nagarathpete, Bengaluru, Karnataka 560002",,4.7,26,https://www.google.com/maps/search/?api=1&query=Sri+Lakshmi+Electronics+A+Robotics+Shop+Bengaluru,2026-08-30,part_search_seed,ENC-004,Endstop / Microswitch,Endstop / Microswitch,unverified_search_seed,https://www.google.com/maps/search/?api=1&query=Sri+Lakshmi+Electronics+-+A+Robotics+Shop+Endstop+%2F+Microswitch+Bengaluru,Suggested local store to ask/search first based on store type; this does not claim current stock.,100,100,100,Low,Category-based India market estimate,2026-08-30,100,School-project baseline: minimum practical/entry-level price used; premium/industrial variants excluded.
BLR-003,Bengaluru,Karnataka,Sri Lakshmi Electronics - A Robotics Shop,Electronics store,"Ground floor, Sabari Complex, 66, Sadar Patrappa Rd, Kumbarpet, Nagarathpete, Bengaluru, Karnataka 560002",,4.7,26,https://www.google.com/maps/search/?api=1&query=Sri+Lakshmi+Electronics+A+Robotics+Shop+Bengaluru,2026-08-30,part_search_seed,ENC-005,Hall Effect Position Sensor,Hall Effect Position Sensor,unverified_search_seed,https://www.google.com/maps/search/?api=1&query=Sri+Lakshmi+Electronics+-+A+Robotics+Shop+Hall+Effect+Position+Sensor+Bengaluru,Suggested local store to ask/search first based on store type; this does not claim current stock.,100,100,100,Low,Category-based India market estimate,2026-08-30,100,School-project baseline: minimum practical/entry-level price used; premium/industrial variants excluded.
BLR-003,Bengaluru,Karnataka,Sri Lakshmi Electronics - A Robotics Shop,Electronics store,"Ground floor, Sabari Complex, 66, Sadar Patrappa Rd, Kumbarpet, Nagarathpete, Bengaluru, Karnataka 560002",,4.7,26,https://www.google.com/maps/search/?api=1&query=Sri+Lakshmi+Electronics+A+Robotics+Shop+Bengaluru,2026-08-30,part_search_seed,ENC-006,Incremental Quadrature Encoder,Incremental Quadrature Encoder,unverified_search_seed,https://www.google.com/maps/search/?api=1&query=Sri+Lakshmi+Electronics+-+A+Robotics+Shop+Incremental+Quadrature+Encoder+Bengaluru,Suggested local store to ask/search first based on store type; this does not claim current stock.,100,100,100,Low,Category-based India market estimate,2026-08-30,100,School-project baseline: minimum practical/entry-level price used; premium/industrial variants excluded.
BLR-003,Bengaluru,Karnataka,Sri Lakshmi Electronics - A Robotics Shop,Electronics store,"Ground floor, Sabari Complex, 66, Sadar Patrappa Rd, Kumbarpet, Nagarathpete, Bengaluru, Karnataka 560002",,4.7,26,https://www.google.com/maps/search/?api=1&query=Sri+Lakshmi+Electronics+A+Robotics+Shop+Bengaluru,2026-08-30,part_search_seed,ENC-007,Joint Limit Switch,Joint Limit Switch,unverified_search_seed,https://www.google.com/maps/search/?api=1&query=Sri+Lakshmi+Electronics+-+A+Robotics+Shop+Joint+Limit+Switch+Bengaluru,Suggested local store to ask/search first based on store type; this does not claim current stock.,100,100,100,Low,Category-based India market estimate,2026-08-30,100,School-project baseline: minimum practical/entry-level price used; premium/industrial variants excluded.
BLR-003,Bengaluru,Karnataka,Sri Lakshmi Electronics - A Robotics Shop,Electronics store,"Ground floor, Sabari Complex, 66, Sadar Patrappa Rd, Kumbarpet, Nagarathpete, Bengaluru, Karnataka 560002",,4.7,26,https://www.google.com/maps/search/?api=1&query=Sri+Lakshmi+Electronics+A+Robotics+Shop+Bengaluru,2026-08-30,part_search_seed,ENC-008,Linear Encoder,Linear Encoder,unverified_search_seed,https://www.google.com/maps/search/?api=1&query=Sri+Lakshmi+Electronics+-+A+Robotics+Shop+Linear+Encoder+Bengaluru,Suggested local store to ask/search first based on store type; this does not claim current stock.,100,100,100,Low,Category-based India market estimate,2026-08-30,100,School-project baseline: minimum practical/entry-level price used; premium/industrial variants excluded.
BLR-003,Bengaluru,Karnataka,Sri Lakshmi Electronics - A Robotics Shop,Electronics store,"Ground floor, Sabari Complex, 66, Sadar Patrappa Rd, Kumbarpet, Nagarathpete, Bengaluru, Karnataka 560002",,4.7,26,https://www.google.com/maps/search/?api=1&query=Sri+Lakshmi+Electronics+A+Robotics+Shop+Bengaluru,2026-08-30,part_search_seed,ENC-009,Optical Encoder,Optical Encoder,unverified_search_seed,https://www.google.com/maps/search/?api=1&query=Sri+Lakshmi+Electronics+-+A+Robotics+Shop+Optical+Encoder+Bengaluru,Suggested local store to ask/search first based on store type; this does not claim current stock.,100,100,100,Low,Category-based India market estimate,2026-08-30,100,School-project baseline: minimum practical/entry-level price used; premium/industrial variants excluded.
BLR-003,Bengaluru,Karnataka,Sri Lakshmi Electronics - A Robotics Shop,Electronics store,"Ground floor, Sabari Complex, 66, Sadar Patrappa Rd, Kumbarpet, Nagarathpete, Bengaluru, Karnataka 560002",,4.7,26,https://www.google.com/maps/search/?api=1&query=Sri+Lakshmi+Electronics+A+Robotics+Shop+Bengaluru,2026-08-30,part_search_seed,ENC-010,String Potentiometer / Draw-Wire Sensor,String Potentiometer / Draw-Wire Sensor,unverified_search_seed,https://www.google.com/maps/search/?api=1&query=Sri+Lakshmi+Electronics+-+A+Robotics+Shop+String+Potentiometer+%2F+Draw-Wire+Sensor+Bengaluru,Suggested local store to ask/search first based on store type; this does not claim current stock.,100,100,100,Low,Category-based India market estimate,2026-08-30,100,School-project baseline: minimum practical/entry-level price used; premium/industrial variants excluded.
BLR-002,Bengaluru,Karnataka,Robocraze Warehouse,Electronic parts supplier,"Ground Floor, 912/10, 4th G Main Rd, Chellikere, Chelekare, Kalyan Nagar, Bengaluru, Karnataka 560043",+91 81230 57137,4.6,3285,https://www.google.com/maps/search/?api=1&query=Robocraze+Warehouse+Bengaluru,2026-08-30,part_search_seed,PWR-004,2S LiPo Battery,2S LiPo Battery,unverified_search_seed,https://www.google.com/maps/search/?api=1&query=Robocraze+Warehouse+2S+LiPo+Battery+Bengaluru,Suggested local store to ask/search first based on store type; this does not claim current stock.,500,1500,4000,Medium,India RC/robotics market range,2026-08-30,1500,School-project baseline: typical low-cost hobby/education price.
BLR-002,Bengaluru,Karnataka,Robocraze Warehouse,Electronic parts supplier,"Ground Floor, 912/10, 4th G Main Rd, Chellikere, Chelekare, Kalyan Nagar, Bengaluru, Karnataka 560043",+91 81230 57137,4.6,3285,https://www.google.com/maps/search/?api=1&query=Robocraze+Warehouse+Bengaluru,2026-08-30,part_search_seed,PWR-005,3S LiPo Battery,3S LiPo Battery,unverified_search_seed,https://www.google.com/maps/search/?api=1&query=Robocraze+Warehouse+3S+LiPo+Battery+Bengaluru,Suggested local store to ask/search first based on store type; this does not claim current stock.,700,700,700,Medium,India RC/robotics market range,2026-08-30,700,School-project baseline: minimum practical/entry-level price used; premium/industrial variants excluded.
BLR-002,Bengaluru,Karnataka,Robocraze Warehouse,Electronic parts supplier,"Ground Floor, 912/10, 4th G Main Rd, Chellikere, Chelekare, Kalyan Nagar, Bengaluru, Karnataka 560043",+91 81230 57137,4.6,3285,https://www.google.com/maps/search/?api=1&query=Robocraze+Warehouse+Bengaluru,2026-08-30,part_search_seed,PWR-006,4S LiPo Battery,4S LiPo Battery,unverified_search_seed,https://www.google.com/maps/search/?api=1&query=Robocraze+Warehouse+4S+LiPo+Battery+Bengaluru,Suggested local store to ask/search first based on store type; this does not claim current stock.,1200,1200,1200,Medium,India RC/robotics market range,2026-08-30,1200,School-project baseline: minimum practical/entry-level price used; premium/industrial variants excluded.
BLR-002,Bengaluru,Karnataka,Robocraze Warehouse,Electronic parts supplier,"Ground Floor, 912/10, 4th G Main Rd, Chellikere, Chelekare, Kalyan Nagar, Bengaluru, Karnataka 560043",+91 81230 57137,4.6,3285,https://www.google.com/maps/search/?api=1&query=Robocraze+Warehouse+Bengaluru,2026-08-30,part_search_seed,PWR-007,5V/12V/24V Power Supply,5V/12V/24V Power Supply,unverified_search_seed,https://www.google.com/maps/search/?api=1&query=Robocraze+Warehouse+5V%2F12V%2F24V+Power+Supply+Bengaluru,Suggested local store to ask/search first based on store type; this does not claim current stock.,80,80,80,Low,Category-based India market estimate,2026-08-30,80,School-project baseline: minimum practical/entry-level price used; premium/industrial variants excluded.
BLR-002,Bengaluru,Karnataka,Robocraze Warehouse,Electronic parts supplier,"Ground Floor, 912/10, 4th G Main Rd, Chellikere, Chelekare, Kalyan Nagar, Bengaluru, Karnataka 560043",+91 81230 57137,4.6,3285,https://www.google.com/maps/search/?api=1&query=Robocraze+Warehouse+Bengaluru,2026-08-30,part_search_seed,PWR-008,6S LiPo Battery,6S LiPo Battery,unverified_search_seed,https://www.google.com/maps/search/?api=1&query=Robocraze+Warehouse+6S+LiPo+Battery+Bengaluru,Suggested local store to ask/search first based on store type; this does not claim current stock.,2700,2700,2700,High,Current India retail anchor,2026-08-30,2700,School-project baseline: minimum practical/entry-level price used; premium/industrial variants excluded.
BLR-002,Bengaluru,Karnataka,Robocraze Warehouse,Electronic parts supplier,"Ground Floor, 912/10, 4th G Main Rd, Chellikere, Chelekare, Kalyan Nagar, Bengaluru, Karnataka 560043",+91 81230 57137,4.6,3285,https://www.google.com/maps/search/?api=1&query=Robocraze+Warehouse+Bengaluru,2026-08-30,part_search_seed,PWR-009,Anti-Spark Switch,Anti-Spark Switch,unverified_search_seed,https://www.google.com/maps/search/?api=1&query=Robocraze+Warehouse+Anti-Spark+Switch+Bengaluru,Suggested local store to ask/search first based on store type; this does not claim current stock.,80,80,80,Low,Category-based India market estimate,2026-08-30,80,School-project baseline: minimum practical/entry-level price used; premium/industrial variants excluded.
BLR-002,Bengaluru,Karnataka,Robocraze Warehouse,Electronic parts supplier,"Ground Floor, 912/10, 4th G Main Rd, Chellikere, Chelekare, Kalyan Nagar, Bengaluru, Karnataka 560043",+91 81230 57137,4.6,3285,https://www.google.com/maps/search/?api=1&query=Robocraze+Warehouse+Bengaluru,2026-08-30,part_search_seed,PWR-010,Battery Management System (BMS),Battery Management System (BMS),unverified_search_seed,https://www.google.com/maps/search/?api=1&query=Robocraze+Warehouse+Battery+Management+System+%28BMS%29+Bengaluru,Suggested local store to ask/search first based on store type; this does not claim current stock.,100,600,3500,High,Current India retail anchor,2026-08-30,600,School-project baseline: typical low-cost hobby/education price.
BLR-002,Bengaluru,Karnataka,Robocraze Warehouse,Electronic parts supplier,"Ground Floor, 912/10, 4th G Main Rd, Chellikere, Chelekare, Kalyan Nagar, Bengaluru, Karnataka 560043",+91 81230 57137,4.6,3285,https://www.google.com/maps/search/?api=1&query=Robocraze+Warehouse+Bengaluru,2026-08-30,part_search_seed,PWR-011,Battery Voltage/Current Monitor,Battery Voltage/Current Monitor,unverified_search_seed,https://www.google.com/maps/search/?api=1&query=Robocraze+Warehouse+Battery+Voltage%2FCurrent+Monitor+Bengaluru,Suggested local store to ask/search first based on store type; this does not claim current stock.,80,80,80,Low,Category-based India market estimate,2026-08-30,80,School-project baseline: minimum practical/entry-level price used; premium/industrial variants excluded.
BLR-002,Bengaluru,Karnataka,Robocraze Warehouse,Electronic parts supplier,"Ground Floor, 912/10, 4th G Main Rd, Chellikere, Chelekare, Kalyan Nagar, Bengaluru, Karnataka 560043",+91 81230 57137,4.6,3285,https://www.google.com/maps/search/?api=1&query=Robocraze+Warehouse+Bengaluru,2026-08-30,part_search_seed,PWR-012,DC-DC Buck-Boost Converter,DC-DC Buck-Boost Converter,unverified_search_seed,https://www.google.com/maps/search/?api=1&query=Robocraze+Warehouse+DC-DC+Buck-Boost+Converter+Bengaluru,Suggested local store to ask/search first based on store type; this does not claim current stock.,80,80,80,Low,Category-based India market estimate,2026-08-30,80,School-project baseline: minimum practical/entry-level price used; premium/industrial variants excluded.
BLR-002,Bengaluru,Karnataka,Robocraze Warehouse,Electronic parts supplier,"Ground Floor, 912/10, 4th G Main Rd, Chellikere, Chelekare, Kalyan Nagar, Bengaluru, Karnataka 560043",+91 81230 57137,4.6,3285,https://www.google.com/maps/search/?api=1&query=Robocraze+Warehouse+Bengaluru,2026-08-30,part_search_seed,PWR-013,Emergency Stop Switch,Emergency Stop Switch,unverified_search_seed,https://www.google.com/maps/search/?api=1&query=Robocraze+Warehouse+Emergency+Stop+Switch+Bengaluru,Suggested local store to ask/search first based on store type; this does not claim current stock.,80,80,80,Low,Category-based India market estimate,2026-08-30,80,School-project baseline: minimum practical/entry-level price used; premium/industrial variants excluded.
BLR-002,Bengaluru,Karnataka,Robocraze Warehouse,Electronic parts supplier,"Ground Floor, 912/10, 4th G Main Rd, Chellikere, Chelekare, Kalyan Nagar, Bengaluru, Karnataka 560043",+91 81230 57137,4.6,3285,https://www.google.com/maps/search/?api=1&query=Robocraze+Warehouse+Bengaluru,2026-08-30,part_search_seed,PWR-014,High-Current Buck Converter,High-Current Buck Converter,unverified_search_seed,https://www.google.com/maps/search/?api=1&query=Robocraze+Warehouse+High-Current+Buck+Converter+Bengaluru,Suggested local store to ask/search first based on store type; this does not claim current stock.,80,80,80,Low,Category-based India market estimate,2026-08-30,80,School-project baseline: minimum practical/entry-level price used; premium/industrial variants excluded.
BLR-002,Bengaluru,Karnataka,Robocraze Warehouse,Electronic parts supplier,"Ground Floor, 912/10, 4th G Main Rd, Chellikere, Chelekare, Kalyan Nagar, Bengaluru, Karnataka 560043",+91 81230 57137,4.6,3285,https://www.google.com/maps/search/?api=1&query=Robocraze+Warehouse+Bengaluru,2026-08-30,part_search_seed,PWR-015,High-Current Fuse,High-Current Fuse,unverified_search_seed,https://www.google.com/maps/search/?api=1&query=Robocraze+Warehouse+High-Current+Fuse+Bengaluru,Suggested local store to ask/search first based on store type; this does not claim current stock.,80,80,80,Low,Category-based India market estimate,2026-08-30,80,School-project baseline: minimum practical/entry-level price used; premium/industrial variants excluded.
BLR-002,Bengaluru,Karnataka,Robocraze Warehouse,Electronic parts supplier,"Ground Floor, 912/10, 4th G Main Rd, Chellikere, Chelekare, Kalyan Nagar, Bengaluru, Karnataka 560043",+91 81230 57137,4.6,3285,https://www.google.com/maps/search/?api=1&query=Robocraze+Warehouse+Bengaluru,2026-08-30,part_search_seed,PWR-016,INA219 Current Sensor,INA219 Current Sensor,unverified_search_seed,https://www.google.com/maps/search/?api=1&query=Robocraze+Warehouse+INA219+Current+Sensor+Bengaluru,Suggested local store to ask/search first based on store type; this does not claim current stock.,80,80,80,Low,Category-based India market estimate,2026-08-30,80,School-project baseline: minimum practical/entry-level price used; premium/industrial variants excluded.
BLR-002,Bengaluru,Karnataka,Robocraze Warehouse,Electronic parts supplier,"Ground Floor, 912/10, 4th G Main Rd, Chellikere, Chelekare, Kalyan Nagar, Bengaluru, Karnataka 560043",+91 81230 57137,4.6,3285,https://www.google.com/maps/search/?api=1&query=Robocraze+Warehouse+Bengaluru,2026-08-30,part_search_seed,PWR-017,INA226 Power Monitor,INA226 Power Monitor,unverified_search_seed,https://www.google.com/maps/search/?api=1&query=Robocraze+Warehouse+INA226+Power+Monitor+Bengaluru,Suggested local store to ask/search first based on store type; this does not claim current stock.,80,80,80,Low,Category-based India market estimate,2026-08-30,80,School-project baseline: minimum practical/entry-level price used; premium/industrial variants excluded.
BLR-002,Bengaluru,Karnataka,Robocraze Warehouse,Electronic parts supplier,"Ground Floor, 912/10, 4th G Main Rd, Chellikere, Chelekare, Kalyan Nagar, Bengaluru, Karnataka 560043",+91 81230 57137,4.6,3285,https://www.google.com/maps/search/?api=1&query=Robocraze+Warehouse+Bengaluru,2026-08-30,part_search_seed,PWR-018,Li-ion 18650 Cell,Li-ion 18650 Cell,unverified_search_seed,https://www.google.com/maps/search/?api=1&query=Robocraze+Warehouse+Li-ion+18650+Cell+Bengaluru,Suggested local store to ask/search first based on store type; this does not claim current stock.,150,350,800,Medium,India cell market range,2026-08-30,350,School-project baseline: typical low-cost hobby/education price.
BLR-002,Bengaluru,Karnataka,Robocraze Warehouse,Electronic parts supplier,"Ground Floor, 912/10, 4th G Main Rd, Chellikere, Chelekare, Kalyan Nagar, Bengaluru, Karnataka 560043",+91 81230 57137,4.6,3285,https://www.google.com/maps/search/?api=1&query=Robocraze+Warehouse+Bengaluru,2026-08-30,part_search_seed,PWR-019,Li-ion 21700 Cell,Li-ion 21700 Cell,unverified_search_seed,https://www.google.com/maps/search/?api=1&query=Robocraze+Warehouse+Li-ion+21700+Cell+Bengaluru,Suggested local store to ask/search first based on store type; this does not claim current stock.,300,500,1000,Medium,India cell market range,2026-08-30,500,School-project baseline: typical low-cost hobby/education price.
BLR-002,Bengaluru,Karnataka,Robocraze Warehouse,Electronic parts supplier,"Ground Floor, 912/10, 4th G Main Rd, Chellikere, Chelekare, Kalyan Nagar, Bengaluru, Karnataka 560043",+91 81230 57137,4.6,3285,https://www.google.com/maps/search/?api=1&query=Robocraze+Warehouse+Bengaluru,2026-08-30,part_search_seed,PWR-020,LiPo Balance Charger,LiPo Balance Charger,unverified_search_seed,https://www.google.com/maps/search/?api=1&query=Robocraze+Warehouse+LiPo+Balance+Charger+Bengaluru,Suggested local store to ask/search first based on store type; this does not claim current stock.,80,80,80,Low,Category-based India market estimate,2026-08-30,80,School-project baseline: minimum practical/entry-level price used; premium/industrial variants excluded.
BLR-002,Bengaluru,Karnataka,Robocraze Warehouse,Electronic parts supplier,"Ground Floor, 912/10, 4th G Main Rd, Chellikere, Chelekare, Kalyan Nagar, Bengaluru, Karnataka 560043",+91 81230 57137,4.6,3285,https://www.google.com/maps/search/?api=1&query=Robocraze+Warehouse+Bengaluru,2026-08-30,part_search_seed,PWR-021,Main Power Contactor,Main Power Contactor,unverified_search_seed,https://www.google.com/maps/search/?api=1&query=Robocraze+Warehouse+Main+Power+Contactor+Bengaluru,Suggested local store to ask/search first based on store type; this does not claim current stock.,80,80,80,Low,Category-based India market estimate,2026-08-30,80,School-project baseline: minimum practical/entry-level price used; premium/industrial variants excluded.
BLR-002,Bengaluru,Karnataka,Robocraze Warehouse,Electronic parts supplier,"Ground Floor, 912/10, 4th G Main Rd, Chellikere, Chelekare, Kalyan Nagar, Bengaluru, Karnataka 560043",+91 81230 57137,4.6,3285,https://www.google.com/maps/search/?api=1&query=Robocraze+Warehouse+Bengaluru,2026-08-30,part_search_seed,PWR-022,Power Distribution Board,Power Distribution Board,unverified_search_seed,https://www.google.com/maps/search/?api=1&query=Robocraze+Warehouse+Power+Distribution+Board+Bengaluru,Suggested local store to ask/search first based on store type; this does not claim current stock.,80,80,80,Low,Category-based India market estimate,2026-08-30,80,School-project baseline: minimum practical/entry-level price used; premium/industrial variants excluded.
BLR-002,Bengaluru,Karnataka,Robocraze Warehouse,Electronic parts supplier,"Ground Floor, 912/10, 4th G Main Rd, Chellikere, Chelekare, Kalyan Nagar, Bengaluru, Karnataka 560043",+91 81230 57137,4.6,3285,https://www.google.com/maps/search/?api=1&query=Robocraze+Warehouse+Bengaluru,2026-08-30,part_search_seed,PWR-023,Resettable PTC Fuse,Resettable PTC Fuse,unverified_search_seed,https://www.google.com/maps/search/?api=1&query=Robocraze+Warehouse+Resettable+PTC+Fuse+Bengaluru,Suggested local store to ask/search first based on store type; this does not claim current stock.,80,80,80,Low,Category-based India market estimate,2026-08-30,80,School-project baseline: minimum practical/entry-level price used; premium/industrial variants excluded.
BLR-002,Bengaluru,Karnataka,Robocraze Warehouse,Electronic parts supplier,"Ground Floor, 912/10, 4th G Main Rd, Chellikere, Chelekare, Kalyan Nagar, Bengaluru, Karnataka 560043",+91 81230 57137,4.6,3285,https://www.google.com/maps/search/?api=1&query=Robocraze+Warehouse+Bengaluru,2026-08-30,part_search_seed,PWR-024,Smart Battery Charger,Smart Battery Charger,unverified_search_seed,https://www.google.com/maps/search/?api=1&query=Robocraze+Warehouse+Smart+Battery+Charger+Bengaluru,Suggested local store to ask/search first based on store type; this does not claim current stock.,300,1200,5000,Low,Specialty material estimate,2026-08-30,1200,School-project baseline: typical low-cost hobby/education price.
BLR-002,Bengaluru,Karnataka,Robocraze Warehouse,Electronic parts supplier,"Ground Floor, 912/10, 4th G Main Rd, Chellikere, Chelekare, Kalyan Nagar, Bengaluru, Karnataka 560043",+91 81230 57137,4.6,3285,https://www.google.com/maps/search/?api=1&query=Robocraze+Warehouse+Bengaluru,2026-08-30,part_search_seed,PWR-025,Smart Battery Pack,Smart Battery Pack,unverified_search_seed,https://www.google.com/maps/search/?api=1&query=Robocraze+Warehouse+Smart+Battery+Pack+Bengaluru,Suggested local store to ask/search first based on store type; this does not claim current stock.,4000,4000,4000,Low,Robot battery estimate,2026-08-30,4000,School-project baseline: minimum practical/entry-level price used; premium/industrial variants excluded.
BLR-002,Bengaluru,Karnataka,Robocraze Warehouse,Electronic parts supplier,"Ground Floor, 912/10, 4th G Main Rd, Chellikere, Chelekare, Kalyan Nagar, Bengaluru, Karnataka 560043",+91 81230 57137,4.6,3285,https://www.google.com/maps/search/?api=1&query=Robocraze+Warehouse+Bengaluru,2026-08-30,part_search_seed,NAV-001,2D LiDAR,2D LiDAR,unverified_search_seed,https://www.google.com/maps/search/?api=1&query=Robocraze+Warehouse+2D+LiDAR+Bengaluru,Suggested local store to ask/search first based on store type; this does not claim current stock.,10000,10000,10000,Medium,India retail/import range,2026-08-30,10000,School-project baseline: minimum practical/entry-level price used; premium/industrial variants excluded.
BLR-002,Bengaluru,Karnataka,Robocraze Warehouse,Electronic parts supplier,"Ground Floor, 912/10, 4th G Main Rd, Chellikere, Chelekare, Kalyan Nagar, Bengaluru, Karnataka 560043",+91 81230 57137,4.6,3285,https://www.google.com/maps/search/?api=1&query=Robocraze+Warehouse+Bengaluru,2026-08-30,part_search_seed,NAV-002,3D LiDAR,3D LiDAR,unverified_search_seed,https://www.google.com/maps/search/?api=1&query=Robocraze+Warehouse+3D+LiDAR+Bengaluru,Suggested local store to ask/search first based on store type; this does not claim current stock.,45000,45000,45000,Medium,India/import market range,2026-08-30,45000,School-project baseline: minimum practical/entry-level price used; premium/industrial variants excluded.
BLR-002,Bengaluru,Karnataka,Robocraze Warehouse,Electronic parts supplier,"Ground Floor, 912/10, 4th G Main Rd, Chellikere, Chelekare, Kalyan Nagar, Bengaluru, Karnataka 560043",+91 81230 57137,4.6,3285,https://www.google.com/maps/search/?api=1&query=Robocraze+Warehouse+Bengaluru,2026-08-30,part_search_seed,NAV-003,GPS/GNSS Module,GPS/GNSS Module,unverified_search_seed,https://www.google.com/maps/search/?api=1&query=Robocraze+Warehouse+GPS%2FGNSS+Module+Bengaluru,Suggested local store to ask/search first based on store type; this does not claim current stock.,120,120,120,Low,Category-based India market estimate,2026-08-30,120,School-project baseline: minimum practical/entry-level price used; premium/industrial variants excluded.
BLR-002,Bengaluru,Karnataka,Robocraze Warehouse,Electronic parts supplier,"Ground Floor, 912/10, 4th G Main Rd, Chellikere, Chelekare, Kalyan Nagar, Bengaluru, Karnataka 560043",+91 81230 57137,4.6,3285,https://www.google.com/maps/search/?api=1&query=Robocraze+Warehouse+Bengaluru,2026-08-30,part_search_seed,NAV-004,Industrial Ultrasonic Sensor,Industrial Ultrasonic Sensor,unverified_search_seed,https://www.google.com/maps/search/?api=1&query=Robocraze+Warehouse+Industrial+Ultrasonic+Sensor+Bengaluru,Suggested local store to ask/search first based on store type; this does not claim current stock.,120,120,120,Low,Category-based India market estimate,2026-08-30,120,School-project baseline: minimum practical/entry-level price used; premium/industrial variants excluded.
BLR-002,Bengaluru,Karnataka,Robocraze Warehouse,Electronic parts supplier,"Ground Floor, 912/10, 4th G Main Rd, Chellikere, Chelekare, Kalyan Nagar, Bengaluru, Karnataka 560043",+91 81230 57137,4.6,3285,https://www.google.com/maps/search/?api=1&query=Robocraze+Warehouse+Bengaluru,2026-08-30,part_search_seed,NAV-005,Optical Flow Sensor,Optical Flow Sensor,unverified_search_seed,https://www.google.com/maps/search/?api=1&query=Robocraze+Warehouse+Optical+Flow+Sensor+Bengaluru,Suggested local store to ask/search first based on store type; this does not claim current stock.,120,120,120,Low,Category-based India market estimate,2026-08-30,120,School-project baseline: minimum practical/entry-level price used; premium/industrial variants excluded.
BLR-002,Bengaluru,Karnataka,Robocraze Warehouse,Electronic parts supplier,"Ground Floor, 912/10, 4th G Main Rd, Chellikere, Chelekare, Kalyan Nagar, Bengaluru, Karnataka 560043",+91 81230 57137,4.6,3285,https://www.google.com/maps/search/?api=1&query=Robocraze+Warehouse+Bengaluru,2026-08-30,part_search_seed,NAV-006,RTK GNSS Module,RTK GNSS Module,unverified_search_seed,https://www.google.com/maps/search/?api=1&query=Robocraze+Warehouse+RTK+GNSS+Module+Bengaluru,Suggested local store to ask/search first based on store type; this does not claim current stock.,12000,12000,12000,Medium,India GNSS market range,2026-08-30,12000,School-project baseline: minimum practical/entry-level price used; premium/industrial variants excluded.
BLR-002,Bengaluru,Karnataka,Robocraze Warehouse,Electronic parts supplier,"Ground Floor, 912/10, 4th G Main Rd, Chellikere, Chelekare, Kalyan Nagar, Bengaluru, Karnataka 560043",+91 81230 57137,4.6,3285,https://www.google.com/maps/search/?api=1&query=Robocraze+Warehouse+Bengaluru,2026-08-30,part_search_seed,NAV-007,Solid-State LiDAR,Solid-State LiDAR,unverified_search_seed,https://www.google.com/maps/search/?api=1&query=Robocraze+Warehouse+Solid-State+LiDAR+Bengaluru,Suggested local store to ask/search first based on store type; this does not claim current stock.,45000,45000,45000,Medium,India/import market range,2026-08-30,45000,School-project baseline: minimum practical/entry-level price used; premium/industrial variants excluded.
BLR-002,Bengaluru,Karnataka,Robocraze Warehouse,Electronic parts supplier,"Ground Floor, 912/10, 4th G Main Rd, Chellikere, Chelekare, Kalyan Nagar, Bengaluru, Karnataka 560043",+91 81230 57137,4.6,3285,https://www.google.com/maps/search/?api=1&query=Robocraze+Warehouse+Bengaluru,2026-08-30,part_search_seed,NAV-008,ToF Distance Sensor VL53L0X/VL53L1X,ToF Distance Sensor VL53L0X/VL53L1X,unverified_search_seed,https://www.google.com/maps/search/?api=1&query=Robocraze+Warehouse+ToF+Distance+Sensor+VL53L0X%2FVL53L1X+Bengaluru,Suggested local store to ask/search first based on store type; this does not claim current stock.,120,120,120,Low,Category-based India market estimate,2026-08-30,120,School-project baseline: minimum practical/entry-level price used; premium/industrial variants excluded.
BLR-002,Bengaluru,Karnataka,Robocraze Warehouse,Electronic parts supplier,"Ground Floor, 912/10, 4th G Main Rd, Chellikere, Chelekare, Kalyan Nagar, Bengaluru, Karnataka 560043",+91 81230 57137,4.6,3285,https://www.google.com/maps/search/?api=1&query=Robocraze+Warehouse+Bengaluru,2026-08-30,part_search_seed,NAV-009,UWB Positioning Module,UWB Positioning Module,unverified_search_seed,https://www.google.com/maps/search/?api=1&query=Robocraze+Warehouse+UWB+Positioning+Module+Bengaluru,Suggested local store to ask/search first based on store type; this does not claim current stock.,1500,1500,1500,Medium,India/import maker range,2026-08-30,1500,School-project baseline: minimum practical/entry-level price used; premium/industrial variants excluded.
BLR-002,Bengaluru,Karnataka,Robocraze Warehouse,Electronic parts supplier,"Ground Floor, 912/10, 4th G Main Rd, Chellikere, Chelekare, Kalyan Nagar, Bengaluru, Karnataka 560043",+91 81230 57137,4.6,3285,https://www.google.com/maps/search/?api=1&query=Robocraze+Warehouse+Bengaluru,2026-08-30,part_search_seed,NAV-010,Wheel Odometry Encoder,Wheel Odometry Encoder,unverified_search_seed,https://www.google.com/maps/search/?api=1&query=Robocraze+Warehouse+Wheel+Odometry+Encoder+Bengaluru,Suggested local store to ask/search first based on store type; this does not claim current stock.,120,120,120,Low,Category-based India market estimate,2026-08-30,120,School-project baseline: minimum practical/entry-level price used; premium/industrial variants excluded.
BLR-001,Bengaluru,Karnataka,Probots Electronics India Pvt Ltd,Electronic parts supplier,"Sankalpa 530, GF & 1F, 5th Cross Road, Vinayaka Layout, 9th Block, 2nd Stage, Nagarbhavi, Bengaluru, Karnataka 560072",+91 86180 50706,4.6,648,https://www.google.com/maps/search/?api=1&query=Probots+Electronics+India+Pvt+Ltd+Bengaluru,2026-08-30,part_search_seed,SAF-001,Aluminium Heat Sink,Aluminium Heat Sink,unverified_search_seed,https://www.google.com/maps/search/?api=1&query=Probots+Electronics+India+Pvt+Ltd+Aluminium+Heat+Sink+Bengaluru,Suggested local store to ask/search first based on store type; this does not claim current stock.,50,50,50,Low,Category-based India market estimate,2026-08-30,50,School-project baseline: minimum practical/entry-level price used; premium/industrial variants excluded.
BLR-001,Bengaluru,Karnataka,Probots Electronics India Pvt Ltd,Electronic parts supplier,"Sankalpa 530, GF & 1F, 5th Cross Road, Vinayaka Layout, 9th Block, 2nd Stage, Nagarbhavi, Bengaluru, Karnataka 560072",+91 86180 50706,4.6,648,https://www.google.com/maps/search/?api=1&query=Probots+Electronics+India+Pvt+Ltd+Bengaluru,2026-08-30,part_search_seed,SAF-002,Bumper Edge Sensor,Bumper Edge Sensor,unverified_search_seed,https://www.google.com/maps/search/?api=1&query=Probots+Electronics+India+Pvt+Ltd+Bumper+Edge+Sensor+Bengaluru,Suggested local store to ask/search first based on store type; this does not claim current stock.,50,50,50,Low,Category-based India market estimate,2026-08-30,50,School-project baseline: minimum practical/entry-level price used; premium/industrial variants excluded.
BLR-001,Bengaluru,Karnataka,Probots Electronics India Pvt Ltd,Electronic parts supplier,"Sankalpa 530, GF & 1F, 5th Cross Road, Vinayaka Layout, 9th Block, 2nd Stage, Nagarbhavi, Bengaluru, Karnataka 560072",+91 86180 50706,4.6,648,https://www.google.com/maps/search/?api=1&query=Probots+Electronics+India+Pvt+Ltd+Bengaluru,2026-08-30,part_search_seed,SAF-003,Cooling Fan,Cooling Fan,unverified_search_seed,https://www.google.com/maps/search/?api=1&query=Probots+Electronics+India+Pvt+Ltd+Cooling+Fan+Bengaluru,Suggested local store to ask/search first based on store type; this does not claim current stock.,50,50,50,Low,Category-based India market estimate,2026-08-30,50,School-project baseline: minimum practical/entry-level price used; premium/industrial variants excluded.
BLR-001,Bengaluru,Karnataka,Probots Electronics India Pvt Ltd,Electronic parts supplier,"Sankalpa 530, GF & 1F, 5th Cross Road, Vinayaka Layout, 9th Block, 2nd Stage, Nagarbhavi, Bengaluru, Karnataka 560072",+91 86180 50706,4.6,648,https://www.google.com/maps/search/?api=1&query=Probots+Electronics+India+Pvt+Ltd+Bengaluru,2026-08-30,part_search_seed,SAF-004,Current-Limit Module,Current-Limit Module,unverified_search_seed,https://www.google.com/maps/search/?api=1&query=Probots+Electronics+India+Pvt+Ltd+Current-Limit+Module+Bengaluru,Suggested local store to ask/search first based on store type; this does not claim current stock.,50,50,50,Low,Category-based India market estimate,2026-08-30,50,School-project baseline: minimum practical/entry-level price used; premium/industrial variants excluded.
BLR-001,Bengaluru,Karnataka,Probots Electronics India Pvt Ltd,Electronic parts supplier,"Sankalpa 530, GF & 1F, 5th Cross Road, Vinayaka Layout, 9th Block, 2nd Stage, Nagarbhavi, Bengaluru, Karnataka 560072",+91 86180 50706,4.6,648,https://www.google.com/maps/search/?api=1&query=Probots+Electronics+India+Pvt+Ltd+Bengaluru,2026-08-30,part_search_seed,SAF-005,Dust Filter,Dust Filter,unverified_search_seed,https://www.google.com/maps/search/?api=1&query=Probots+Electronics+India+Pvt+Ltd+Dust+Filter+Bengaluru,Suggested local store to ask/search first based on store type; this does not claim current stock.,50,50,50,Low,Category-based India market estimate,2026-08-30,50,School-project baseline: minimum practical/entry-level price used; premium/industrial variants excluded.
BLR-001,Bengaluru,Karnataka,Probots Electronics India Pvt Ltd,Electronic parts supplier,"Sankalpa 530, GF & 1F, 5th Cross Road, Vinayaka Layout, 9th Block, 2nd Stage, Nagarbhavi, Bengaluru, Karnataka 560072",+91 86180 50706,4.6,648,https://www.google.com/maps/search/?api=1&query=Probots+Electronics+India+Pvt+Ltd+Bengaluru,2026-08-30,part_search_seed,SAF-006,Hardware Emergency Stop,Hardware Emergency Stop,unverified_search_seed,https://www.google.com/maps/search/?api=1&query=Probots+Electronics+India+Pvt+Ltd+Hardware+Emergency+Stop+Bengaluru,Suggested local store to ask/search first based on store type; this does not claim current stock.,50,50,50,Low,Category-based India market estimate,2026-08-30,50,School-project baseline: minimum practical/entry-level price used; premium/industrial variants excluded.
BLR-001,Bengaluru,Karnataka,Probots Electronics India Pvt Ltd,Electronic parts supplier,"Sankalpa 530, GF & 1F, 5th Cross Road, Vinayaka Layout, 9th Block, 2nd Stage, Nagarbhavi, Bengaluru, Karnataka 560072",+91 86180 50706,4.6,648,https://www.google.com/maps/search/?api=1&query=Probots+Electronics+India+Pvt+Ltd+Bengaluru,2026-08-30,part_search_seed,SAF-007,Mechanical Hard Stop,Mechanical Hard Stop,unverified_search_seed,https://www.google.com/maps/search/?api=1&query=Probots+Electronics+India+Pvt+Ltd+Mechanical+Hard+Stop+Bengaluru,Suggested local store to ask/search first based on store type; this does not claim current stock.,50,50,50,Low,Category-based India market estimate,2026-08-30,50,School-project baseline: minimum practical/entry-level price used; premium/industrial variants excluded.
BLR-001,Bengaluru,Karnataka,Probots Electronics India Pvt Ltd,Electronic parts supplier,"Sankalpa 530, GF & 1F, 5th Cross Road, Vinayaka Layout, 9th Block, 2nd Stage, Nagarbhavi, Bengaluru, Karnataka 560072",+91 86180 50706,4.6,648,https://www.google.com/maps/search/?api=1&query=Probots+Electronics+India+Pvt+Ltd+Bengaluru,2026-08-30,part_search_seed,SAF-008,Motor Temperature Sensor,Motor Temperature Sensor,unverified_search_seed,https://www.google.com/maps/search/?api=1&query=Probots+Electronics+India+Pvt+Ltd+Motor+Temperature+Sensor+Bengaluru,Suggested local store to ask/search first based on store type; this does not claim current stock.,50,50,50,Low,Category-based India market estimate,2026-08-30,50,School-project baseline: minimum practical/entry-level price used; premium/industrial variants excluded.
BLR-001,Bengaluru,Karnataka,Probots Electronics India Pvt Ltd,Electronic parts supplier,"Sankalpa 530, GF & 1F, 5th Cross Road, Vinayaka Layout, 9th Block, 2nd Stage, Nagarbhavi, Bengaluru, Karnataka 560072",+91 86180 50706,4.6,648,https://www.google.com/maps/search/?api=1&query=Probots+Electronics+India+Pvt+Ltd+Bengaluru,2026-08-30,part_search_seed,SAF-009,Protective Joint Cover,Protective Joint Cover,unverified_search_seed,https://www.google.com/maps/search/?api=1&query=Probots+Electronics+India+Pvt+Ltd+Protective+Joint+Cover+Bengaluru,Suggested local store to ask/search first based on store type; this does not claim current stock.,50,50,50,Low,Category-based India market estimate,2026-08-30,50,School-project baseline: minimum practical/entry-level price used; premium/industrial variants excluded.
BLR-001,Bengaluru,Karnataka,Probots Electronics India Pvt Ltd,Electronic parts supplier,"Sankalpa 530, GF & 1F, 5th Cross Road, Vinayaka Layout, 9th Block, 2nd Stage, Nagarbhavi, Bengaluru, Karnataka 560072",+91 86180 50706,4.6,648,https://www.google.com/maps/search/?api=1&query=Probots+Electronics+India+Pvt+Ltd+Bengaluru,2026-08-30,part_search_seed,SAF-010,Safety Relay,Safety Relay,unverified_search_seed,https://www.google.com/maps/search/?api=1&query=Probots+Electronics+India+Pvt+Ltd+Safety+Relay+Bengaluru,Suggested local store to ask/search first based on store type; this does not claim current stock.,50,50,50,Low,Category-based India market estimate,2026-08-30,50,School-project baseline: minimum practical/entry-level price used; premium/industrial variants excluded.
BLR-001,Bengaluru,Karnataka,Probots Electronics India Pvt Ltd,Electronic parts supplier,"Sankalpa 530, GF & 1F, 5th Cross Road, Vinayaka Layout, 9th Block, 2nd Stage, Nagarbhavi, Bengaluru, Karnataka 560072",+91 86180 50706,4.6,648,https://www.google.com/maps/search/?api=1&query=Probots+Electronics+India+Pvt+Ltd+Bengaluru,2026-08-30,part_search_seed,SAF-011,Thermal Sensor / Thermistor,Thermal Sensor / Thermistor,unverified_search_seed,https://www.google.com/maps/search/?api=1&query=Probots+Electronics+India+Pvt+Ltd+Thermal+Sensor+%2F+Thermistor+Bengaluru,Suggested local store to ask/search first based on store type; this does not claim current stock.,50,50,50,Low,Category-based India market estimate,2026-08-30,50,School-project baseline: minimum practical/entry-level price used; premium/industrial variants excluded.
BLR-005,Bengaluru,Karnataka,Robojung Robotics Components,Electronic parts supplier,"77/1/7, 11th Main Road, 5th Cross, Begur Rd, Hongasandra, Bengaluru, Karnataka 560068",+91 91401 85377,5.0,15,https://www.google.com/maps/search/?api=1&query=Robojung+Robotics+Components+Bengaluru,2026-08-30,part_search_seed,ACT-001,BLDC Integrated Robot Joint Actuator,BLDC Integrated Robot Joint Actuator,unverified_search_seed,https://www.google.com/maps/search/?api=1&query=Robojung+Robotics+Components+BLDC+Integrated+Robot+Joint+Actuator+Bengaluru,Suggested local store to ask/search first based on store type; this does not claim current stock.,12000,12000,12000,Low,Robotics actuator market estimate,2026-08-30,12000,School-project baseline: minimum practical/entry-level price used; premium/industrial variants excluded.
BLR-005,Bengaluru,Karnataka,Robojung Robotics Components,Electronic parts supplier,"77/1/7, 11th Main Road, 5th Cross, Begur Rd, Hongasandra, Bengaluru, Karnataka 560068",+91 91401 85377,5.0,15,https://www.google.com/maps/search/?api=1&query=Robojung+Robotics+Components+Bengaluru,2026-08-30,part_search_seed,ACT-002,Cycloidal Reducer,Cycloidal Reducer,unverified_search_seed,https://www.google.com/maps/search/?api=1&query=Robojung+Robotics+Components+Cycloidal+Reducer+Bengaluru,Suggested local store to ask/search first based on store type; this does not claim current stock.,4000,4000,4000,Low,Precision reducer estimate,2026-08-30,4000,School-project baseline: minimum practical/entry-level price used; premium/industrial variants excluded.
BLR-005,Bengaluru,Karnataka,Robojung Robotics Components,Electronic parts supplier,"77/1/7, 11th Main Road, 5th Cross, Begur Rd, Hongasandra, Bengaluru, Karnataka 560068",+91 91401 85377,5.0,15,https://www.google.com/maps/search/?api=1&query=Robojung+Robotics+Components+Bengaluru,2026-08-30,part_search_seed,ACT-003,DYNAMIXEL Pro / Y-Series Actuator,DYNAMIXEL Pro / Y-Series Actuator,unverified_search_seed,https://www.google.com/maps/search/?api=1&query=Robojung+Robotics+Components+DYNAMIXEL+Pro+%2F+Y-Series+Actuator+Bengaluru,Suggested local store to ask/search first based on store type; this does not claim current stock.,25000,25000,25000,Low,Robotis industrial/import estimate,2026-08-30,25000,School-project baseline: minimum practical/entry-level price used; premium/industrial variants excluded.
BLR-005,Bengaluru,Karnataka,Robojung Robotics Components,Electronic parts supplier,"77/1/7, 11th Main Road, 5th Cross, Begur Rd, Hongasandra, Bengaluru, Karnataka 560068",+91 91401 85377,5.0,15,https://www.google.com/maps/search/?api=1&query=Robojung+Robotics+Components+Bengaluru,2026-08-30,part_search_seed,ACT-004,DYNAMIXEL XH / XW High-Torque Servo,DYNAMIXEL XH / XW High-Torque Servo,unverified_search_seed,https://www.google.com/maps/search/?api=1&query=Robojung+Robotics+Components+DYNAMIXEL+XH+%2F+XW+High-Torque+Servo+Bengaluru,Suggested local store to ask/search first based on store type; this does not claim current stock.,25000,25000,25000,Low,Robotis industrial/import estimate,2026-08-30,25000,School-project baseline: minimum practical/entry-level price used; premium/industrial variants excluded.
BLR-005,Bengaluru,Karnataka,Robojung Robotics Components,Electronic parts supplier,"77/1/7, 11th Main Road, 5th Cross, Begur Rd, Hongasandra, Bengaluru, Karnataka 560068",+91 91401 85377,5.0,15,https://www.google.com/maps/search/?api=1&query=Robojung+Robotics+Components+Bengaluru,2026-08-30,part_search_seed,ACT-005,DYNAMIXEL XL330 Smart Servo,DYNAMIXEL XL330 Smart Servo,unverified_search_seed,https://www.google.com/maps/search/?api=1&query=Robojung+Robotics+Components+DYNAMIXEL+XL330+Smart+Servo+Bengaluru,Suggested local store to ask/search first based on store type; this does not claim current stock.,1800,2600,3800,Medium,Robotis/import estimate,2026-08-30,2600,School-project baseline: typical low-cost hobby/education price.
BLR-005,Bengaluru,Karnataka,Robojung Robotics Components,Electronic parts supplier,"77/1/7, 11th Main Road, 5th Cross, Begur Rd, Hongasandra, Bengaluru, Karnataka 560068",+91 91401 85377,5.0,15,https://www.google.com/maps/search/?api=1&query=Robojung+Robotics+Components+Bengaluru,2026-08-30,part_search_seed,ACT-006,DYNAMIXEL XM430 Smart Servo,DYNAMIXEL XM430 Smart Servo,unverified_search_seed,https://www.google.com/maps/search/?api=1&query=Robojung+Robotics+Components+DYNAMIXEL+XM430+Smart+Servo+Bengaluru,Suggested local store to ask/search first based on store type; this does not claim current stock.,18000,18000,18000,Medium,Robotis/import estimate,2026-08-30,18000,School-project baseline: minimum practical/entry-level price used; premium/industrial variants excluded.
BLR-005,Bengaluru,Karnataka,Robojung Robotics Components,Electronic parts supplier,"77/1/7, 11th Main Road, 5th Cross, Begur Rd, Hongasandra, Bengaluru, Karnataka 560068",+91 91401 85377,5.0,15,https://www.google.com/maps/search/?api=1&query=Robojung+Robotics+Components+Bengaluru,2026-08-30,part_search_seed,ACT-007,Frameless BLDC Motor,Frameless BLDC Motor,unverified_search_seed,https://www.google.com/maps/search/?api=1&query=Robojung+Robotics+Components+Frameless+BLDC+Motor+Bengaluru,Suggested local store to ask/search first based on store type; this does not claim current stock.,6000,6000,6000,Low,Industrial/import estimate,2026-08-30,6000,School-project baseline: minimum practical/entry-level price used; premium/industrial variants excluded.
BLR-005,Bengaluru,Karnataka,Robojung Robotics Components,Electronic parts supplier,"77/1/7, 11th Main Road, 5th Cross, Begur Rd, Hongasandra, Bengaluru, Karnataka 560068",+91 91401 85377,5.0,15,https://www.google.com/maps/search/?api=1&query=Robojung+Robotics+Components+Bengaluru,2026-08-30,part_search_seed,ACT-008,Harmonic Drive Gearbox,Harmonic Drive Gearbox,unverified_search_seed,https://www.google.com/maps/search/?api=1&query=Robojung+Robotics+Components+Harmonic+Drive+Gearbox+Bengaluru,Suggested local store to ask/search first based on store type; this does not claim current stock.,12000,12000,12000,Low,Precision reducer import estimate,2026-08-30,12000,School-project baseline: minimum practical/entry-level price used; premium/industrial variants excluded.
BLR-005,Bengaluru,Karnataka,Robojung Robotics Components,Electronic parts supplier,"77/1/7, 11th Main Road, 5th Cross, Begur Rd, Hongasandra, Bengaluru, Karnataka 560068",+91 91401 85377,5.0,15,https://www.google.com/maps/search/?api=1&query=Robojung+Robotics+Components+Bengaluru,2026-08-30,part_search_seed,ACT-009,PMSM Robot Joint Motor,PMSM Robot Joint Motor,unverified_search_seed,https://www.google.com/maps/search/?api=1&query=Robojung+Robotics+Components+PMSM+Robot+Joint+Motor+Bengaluru,Suggested local store to ask/search first based on store type; this does not claim current stock.,6000,6000,6000,Low,Industrial/import estimate,2026-08-30,6000,School-project baseline: minimum practical/entry-level price used; premium/industrial variants excluded.
BLR-005,Bengaluru,Karnataka,Robojung Robotics Components,Electronic parts supplier,"77/1/7, 11th Main Road, 5th Cross, Begur Rd, Hongasandra, Bengaluru, Karnataka 560068",+91 91401 85377,5.0,15,https://www.google.com/maps/search/?api=1&query=Robojung+Robotics+Components+Bengaluru,2026-08-30,part_search_seed,ACT-010,Planetary Gearbox,Planetary Gearbox,unverified_search_seed,https://www.google.com/maps/search/?api=1&query=Robojung+Robotics+Components+Planetary+Gearbox+Bengaluru,Suggested local store to ask/search first based on store type; this does not claim current stock.,800,800,800,Medium,India industrial market range,2026-08-30,800,School-project baseline: minimum practical/entry-level price used; premium/industrial variants excluded.
BLR-005,Bengaluru,Karnataka,Robojung Robotics Components,Electronic parts supplier,"77/1/7, 11th Main Road, 5th Cross, Begur Rd, Hongasandra, Bengaluru, Karnataka 560068",+91 91401 85377,5.0,15,https://www.google.com/maps/search/?api=1&query=Robojung+Robotics+Components+Bengaluru,2026-08-30,part_search_seed,ACT-011,QDD / Quasi-Direct-Drive Actuator,QDD / Quasi-Direct-Drive Actuator,unverified_search_seed,https://www.google.com/maps/search/?api=1&query=Robojung+Robotics+Components+QDD+%2F+Quasi-Direct-Drive+Actuator+Bengaluru,Suggested local store to ask/search first based on store type; this does not claim current stock.,12000,12000,12000,Low,Robotics actuator market estimate,2026-08-30,12000,School-project baseline: minimum practical/entry-level price used; premium/industrial variants excluded.
BLR-005,Bengaluru,Karnataka,Robojung Robotics Components,Electronic parts supplier,"77/1/7, 11th Main Road, 5th Cross, Begur Rd, Hongasandra, Bengaluru, Karnataka 560068",+91 91401 85377,5.0,15,https://www.google.com/maps/search/?api=1&query=Robojung+Robotics+Components+Bengaluru,2026-08-30,part_search_seed,ACT-012,Servo Brake Module,Servo Brake Module,unverified_search_seed,https://www.google.com/maps/search/?api=1&query=Robojung+Robotics+Components+Servo+Brake+Module+Bengaluru,Suggested local store to ask/search first based on store type; this does not claim current stock.,1200,1200,1200,Low,Category-based India market estimate,2026-08-30,1200,School-project baseline: minimum practical/entry-level price used; premium/industrial variants excluded.
BLR-002,Bengaluru,Karnataka,Robocraze Warehouse,Electronic parts supplier,"Ground Floor, 912/10, 4th G Main Rd, Chellikere, Chelekare, Kalyan Nagar, Bengaluru, Karnataka 560043",+91 81230 57137,4.6,3285,https://www.google.com/maps/search/?api=1&query=Robocraze+Warehouse+Bengaluru,2026-08-30,part_search_seed,VIS-001,Event Camera,Event Camera,unverified_search_seed,https://www.google.com/maps/search/?api=1&query=Robocraze+Warehouse+Event+Camera+Bengaluru,Suggested local store to ask/search first based on store type; this does not claim current stock.,50000,50000,50000,Low,Research camera import estimate,2026-08-30,50000,School-project baseline: minimum practical/entry-level price used; premium/industrial variants excluded.
BLR-002,Bengaluru,Karnataka,Robocraze Warehouse,Electronic parts supplier,"Ground Floor, 912/10, 4th G Main Rd, Chellikere, Chelekare, Kalyan Nagar, Bengaluru, Karnataka 560043",+91 81230 57137,4.6,3285,https://www.google.com/maps/search/?api=1&query=Robocraze+Warehouse+Bengaluru,2026-08-30,part_search_seed,VIS-002,Fisheye / Wide-Angle Camera,Fisheye / Wide-Angle Camera,unverified_search_seed,https://www.google.com/maps/search/?api=1&query=Robocraze+Warehouse+Fisheye+%2F+Wide-Angle+Camera+Bengaluru,Suggested local store to ask/search first based on store type; this does not claim current stock.,500,500,500,Low,Category-based India market estimate,2026-08-30,500,School-project baseline: minimum practical/entry-level price used; premium/industrial variants excluded.
BLR-002,Bengaluru,Karnataka,Robocraze Warehouse,Electronic parts supplier,"Ground Floor, 912/10, 4th G Main Rd, Chellikere, Chelekare, Kalyan Nagar, Bengaluru, Karnataka 560043",+91 81230 57137,4.6,3285,https://www.google.com/maps/search/?api=1&query=Robocraze+Warehouse+Bengaluru,2026-08-30,part_search_seed,VIS-003,Global-Shutter Camera,Global-Shutter Camera,unverified_search_seed,https://www.google.com/maps/search/?api=1&query=Robocraze+Warehouse+Global-Shutter+Camera+Bengaluru,Suggested local store to ask/search first based on store type; this does not claim current stock.,500,500,500,Low,Category-based India market estimate,2026-08-30,500,School-project baseline: minimum practical/entry-level price used; premium/industrial variants excluded.
BLR-002,Bengaluru,Karnataka,Robocraze Warehouse,Electronic parts supplier,"Ground Floor, 912/10, 4th G Main Rd, Chellikere, Chelekare, Kalyan Nagar, Bengaluru, Karnataka 560043",+91 81230 57137,4.6,3285,https://www.google.com/maps/search/?api=1&query=Robocraze+Warehouse+Bengaluru,2026-08-30,part_search_seed,VIS-004,Intel RealSense D435i / Depth Camera,Intel RealSense D435i / Depth Camera,unverified_search_seed,https://www.google.com/maps/search/?api=1&query=Robocraze+Warehouse+Intel+RealSense+D435i+%2F+Depth+Camera+Bengaluru,Suggested local store to ask/search first based on store type; this does not claim current stock.,25000,25000,25000,Medium,India import/retail estimate,2026-08-30,25000,School-project baseline: minimum practical/entry-level price used; premium/industrial variants excluded.
BLR-002,Bengaluru,Karnataka,Robocraze Warehouse,Electronic parts supplier,"Ground Floor, 912/10, 4th G Main Rd, Chellikere, Chelekare, Kalyan Nagar, Bengaluru, Karnataka 560043",+91 81230 57137,4.6,3285,https://www.google.com/maps/search/?api=1&query=Robocraze+Warehouse+Bengaluru,2026-08-30,part_search_seed,VIS-005,Luxonis OAK-D / AI Depth Camera,Luxonis OAK-D / AI Depth Camera,unverified_search_seed,https://www.google.com/maps/search/?api=1&query=Robocraze+Warehouse+Luxonis+OAK-D+%2F+AI+Depth+Camera+Bengaluru,Suggested local store to ask/search first based on store type; this does not claim current stock.,18000,18000,18000,Medium,India import/retail estimate,2026-08-30,18000,School-project baseline: minimum practical/entry-level price used; premium/industrial variants excluded.
BLR-002,Bengaluru,Karnataka,Robocraze Warehouse,Electronic parts supplier,"Ground Floor, 912/10, 4th G Main Rd, Chellikere, Chelekare, Kalyan Nagar, Bengaluru, Karnataka 560043",+91 81230 57137,4.6,3285,https://www.google.com/maps/search/?api=1&query=Robocraze+Warehouse+Bengaluru,2026-08-30,part_search_seed,VIS-006,Stereo Camera,Stereo Camera,unverified_search_seed,https://www.google.com/maps/search/?api=1&query=Robocraze+Warehouse+Stereo+Camera+Bengaluru,Suggested local store to ask/search first based on store type; this does not claim current stock.,500,500,500,Low,Category-based India market estimate,2026-08-30,500,School-project baseline: minimum practical/entry-level price used; premium/industrial variants excluded.
BLR-002,Bengaluru,Karnataka,Robocraze Warehouse,Electronic parts supplier,"Ground Floor, 912/10, 4th G Main Rd, Chellikere, Chelekare, Kalyan Nagar, Bengaluru, Karnataka 560043",+91 81230 57137,4.6,3285,https://www.google.com/maps/search/?api=1&query=Robocraze+Warehouse+Bengaluru,2026-08-30,part_search_seed,VIS-007,Thermal Camera,Thermal Camera,unverified_search_seed,https://www.google.com/maps/search/?api=1&query=Robocraze+Warehouse+Thermal+Camera+Bengaluru,Suggested local store to ask/search first based on store type; this does not claim current stock.,6000,6000,6000,Low,Wide sensor-class range,2026-08-30,6000,School-project baseline: minimum practical/entry-level price used; premium/industrial variants excluded.
BLR-002,Bengaluru,Karnataka,Robocraze Warehouse,Electronic parts supplier,"Ground Floor, 912/10, 4th G Main Rd, Chellikere, Chelekare, Kalyan Nagar, Bengaluru, Karnataka 560043",+91 81230 57137,4.6,3285,https://www.google.com/maps/search/?api=1&query=Robocraze+Warehouse+Bengaluru,2026-08-30,part_search_seed,VIS-008,Time-of-Flight Depth Camera,Time-of-Flight Depth Camera,unverified_search_seed,https://www.google.com/maps/search/?api=1&query=Robocraze+Warehouse+Time-of-Flight+Depth+Camera+Bengaluru,Suggested local store to ask/search first based on store type; this does not claim current stock.,500,500,500,Low,Category-based India market estimate,2026-08-30,500,School-project baseline: minimum practical/entry-level price used; premium/industrial variants excluded.
BLR-002,Bengaluru,Karnataka,Robocraze Warehouse,Electronic parts supplier,"Ground Floor, 912/10, 4th G Main Rd, Chellikere, Chelekare, Kalyan Nagar, Bengaluru, Karnataka 560043",+91 81230 57137,4.6,3285,https://www.google.com/maps/search/?api=1&query=Robocraze+Warehouse+Bengaluru,2026-08-30,part_search_seed,VIS-009,USB HD Camera,USB HD Camera,unverified_search_seed,https://www.google.com/maps/search/?api=1&query=Robocraze+Warehouse+USB+HD+Camera+Bengaluru,Suggested local store to ask/search first based on store type; this does not claim current stock.,500,500,500,Low,Category-based India market estimate,2026-08-30,500,School-project baseline: minimum practical/entry-level price used; premium/industrial variants excluded.
BLR-002,Bengaluru,Karnataka,Robocraze Warehouse,Electronic parts supplier,"Ground Floor, 912/10, 4th G Main Rd, Chellikere, Chelekare, Kalyan Nagar, Bengaluru, Karnataka 560043",+91 81230 57137,4.6,3285,https://www.google.com/maps/search/?api=1&query=Robocraze+Warehouse+Bengaluru,2026-08-30,part_search_seed,VIS-010,Wrist Camera,Wrist Camera,unverified_search_seed,https://www.google.com/maps/search/?api=1&query=Robocraze+Warehouse+Wrist+Camera+Bengaluru,Suggested local store to ask/search first based on store type; this does not claim current stock.,500,500,500,Low,Category-based India market estimate,2026-08-30,500,School-project baseline: minimum practical/entry-level price used; premium/industrial variants excluded.
BLR-002,Bengaluru,Karnataka,Robocraze Warehouse,Electronic parts supplier,"Ground Floor, 912/10, 4th G Main Rd, Chellikere, Chelekare, Kalyan Nagar, Bengaluru, Karnataka 560043",+91 81230 57137,4.6,3285,https://www.google.com/maps/search/?api=1&query=Robocraze+Warehouse+Bengaluru,2026-08-30,part_search_seed,CTRL-005,Google Coral USB / Edge TPU,Google Coral USB / Edge TPU,unverified_search_seed,https://www.google.com/maps/search/?api=1&query=Robocraze+Warehouse+Google+Coral+USB+%2F+Edge+TPU+Bengaluru,Suggested local store to ask/search first based on store type; this does not claim current stock.,7000,7000,7000,Medium,India import/marketplace range,2026-08-30,7000,School-project baseline: minimum practical/entry-level price used; premium/industrial variants excluded.
BLR-002,Bengaluru,Karnataka,Robocraze Warehouse,Electronic parts supplier,"Ground Floor, 912/10, 4th G Main Rd, Chellikere, Chelekare, Kalyan Nagar, Bengaluru, Karnataka 560043",+91 81230 57137,4.6,3285,https://www.google.com/maps/search/?api=1&query=Robocraze+Warehouse+Bengaluru,2026-08-30,part_search_seed,CTRL-006,NVIDIA Jetson AGX Orin / Thor-class compute,NVIDIA Jetson AGX Orin / Thor-class compute,unverified_search_seed,https://www.google.com/maps/search/?api=1&query=Robocraze+Warehouse+NVIDIA+Jetson+AGX+Orin+%2F+Thor-class+compute+Bengaluru,Suggested local store to ask/search first based on store type; this does not claim current stock.,240000,240000,240000,High,Current India retail/import anchor,2026-08-30,240000,School-project baseline: minimum practical/entry-level price used; premium/industrial variants excluded.
BLR-002,Bengaluru,Karnataka,Robocraze Warehouse,Electronic parts supplier,"Ground Floor, 912/10, 4th G Main Rd, Chellikere, Chelekare, Kalyan Nagar, Bengaluru, Karnataka 560043",+91 81230 57137,4.6,3285,https://www.google.com/maps/search/?api=1&query=Robocraze+Warehouse+Bengaluru,2026-08-30,part_search_seed,CTRL-007,NVIDIA Jetson Orin NX,NVIDIA Jetson Orin NX,unverified_search_seed,https://www.google.com/maps/search/?api=1&query=Robocraze+Warehouse+NVIDIA+Jetson+Orin+NX+Bengaluru,Suggested local store to ask/search first based on store type; this does not claim current stock.,80000,80000,80000,Medium,Current India industrial/import anchor,2026-08-30,80000,School-project baseline: minimum practical/entry-level price used; premium/industrial variants excluded.
BLR-002,Bengaluru,Karnataka,Robocraze Warehouse,Electronic parts supplier,"Ground Floor, 912/10, 4th G Main Rd, Chellikere, Chelekare, Kalyan Nagar, Bengaluru, Karnataka 560043",+91 81230 57137,4.6,3285,https://www.google.com/maps/search/?api=1&query=Robocraze+Warehouse+Bengaluru,2026-08-30,part_search_seed,CTRL-008,NVIDIA Jetson Orin Nano,NVIDIA Jetson Orin Nano,unverified_search_seed,https://www.google.com/maps/search/?api=1&query=Robocraze+Warehouse+NVIDIA+Jetson+Orin+Nano+Bengaluru,Suggested local store to ask/search first based on store type; this does not claim current stock.,48000,48000,48000,High,Current India retail/import anchor,2026-08-30,48000,School-project baseline: minimum practical/entry-level price used; premium/industrial variants excluded.
BLR-002,Bengaluru,Karnataka,Robocraze Warehouse,Electronic parts supplier,"Ground Floor, 912/10, 4th G Main Rd, Chellikere, Chelekare, Kalyan Nagar, Bengaluru, Karnataka 560043",+91 81230 57137,4.6,3285,https://www.google.com/maps/search/?api=1&query=Robocraze+Warehouse+Bengaluru,2026-08-30,part_search_seed,CTRL-009,RP2040 / Raspberry Pi Pico,RP2040 / Raspberry Pi Pico,unverified_search_seed,https://www.google.com/maps/search/?api=1&query=Robocraze+Warehouse+RP2040+%2F+Raspberry+Pi+Pico+Bengaluru,Suggested local store to ask/search first based on store type; this does not claim current stock.,300,550,1200,High,India retail range,2026-08-30,550,School-project baseline: typical low-cost hobby/education price.
BLR-002,Bengaluru,Karnataka,Robocraze Warehouse,Electronic parts supplier,"Ground Floor, 912/10, 4th G Main Rd, Chellikere, Chelekare, Kalyan Nagar, Bengaluru, Karnataka 560043",+91 81230 57137,4.6,3285,https://www.google.com/maps/search/?api=1&query=Robocraze+Warehouse+Bengaluru,2026-08-30,part_search_seed,CTRL-010,Raspberry Pi 5,Raspberry Pi 5,unverified_search_seed,https://www.google.com/maps/search/?api=1&query=Robocraze+Warehouse+Raspberry+Pi+5+Bengaluru,Suggested local store to ask/search first based on store type; this does not claim current stock.,5000,5000,5000,High,Current India retail anchor,2026-08-30,5000,School-project baseline: minimum practical/entry-level price used; premium/industrial variants excluded.
BLR-002,Bengaluru,Karnataka,Robocraze Warehouse,Electronic parts supplier,"Ground Floor, 912/10, 4th G Main Rd, Chellikere, Chelekare, Kalyan Nagar, Bengaluru, Karnataka 560043",+91 81230 57137,4.6,3285,https://www.google.com/maps/search/?api=1&query=Robocraze+Warehouse+Bengaluru,2026-08-30,part_search_seed,CTRL-011,Raspberry Pi Zero 2 W,Raspberry Pi Zero 2 W,unverified_search_seed,https://www.google.com/maps/search/?api=1&query=Robocraze+Warehouse+Raspberry+Pi+Zero+2+W+Bengaluru,Suggested local store to ask/search first based on store type; this does not claim current stock.,1800,2500,3500,High,Current India retail anchor,2026-08-30,2500,School-project baseline: typical low-cost hobby/education price.
BLR-002,Bengaluru,Karnataka,Robocraze Warehouse,Electronic parts supplier,"Ground Floor, 912/10, 4th G Main Rd, Chellikere, Chelekare, Kalyan Nagar, Bengaluru, Karnataka 560043",+91 81230 57137,4.6,3285,https://www.google.com/maps/search/?api=1&query=Robocraze+Warehouse+Bengaluru,2026-08-30,part_search_seed,CTRL-012,Real-time Controller / EtherCAT Master,Real-time Controller / EtherCAT Master,unverified_search_seed,https://www.google.com/maps/search/?api=1&query=Robocraze+Warehouse+Real-time+Controller+%2F+EtherCAT+Master+Bengaluru,Suggested local store to ask/search first based on store type; this does not claim current stock.,5000,5000,5000,Low,Industrial/import estimate,2026-08-30,5000,School-project baseline: minimum practical/entry-level price used; premium/industrial variants excluded.
BLR-002,Bengaluru,Karnataka,Robocraze Warehouse,Electronic parts supplier,"Ground Floor, 912/10, 4th G Main Rd, Chellikere, Chelekare, Kalyan Nagar, Bengaluru, Karnataka 560043",+91 81230 57137,4.6,3285,https://www.google.com/maps/search/?api=1&query=Robocraze+Warehouse+Bengaluru,2026-08-30,part_search_seed,CTRL-013,STM32 Development Board,STM32 Development Board,unverified_search_seed,https://www.google.com/maps/search/?api=1&query=Robocraze+Warehouse+STM32+Development+Board+Bengaluru,Suggested local store to ask/search first based on store type; this does not claim current stock.,250,900,3500,Medium,India maker-market range,2026-08-30,900,School-project baseline: typical low-cost hobby/education price.
BLR-002,Bengaluru,Karnataka,Robocraze Warehouse,Electronic parts supplier,"Ground Floor, 912/10, 4th G Main Rd, Chellikere, Chelekare, Kalyan Nagar, Bengaluru, Karnataka 560043",+91 81230 57137,4.6,3285,https://www.google.com/maps/search/?api=1&query=Robocraze+Warehouse+Bengaluru,2026-08-30,part_search_seed,CTRL-014,Teensy 4.1,Teensy 4.1,unverified_search_seed,https://www.google.com/maps/search/?api=1&query=Robocraze+Warehouse+Teensy+4.1+Bengaluru,Suggested local store to ask/search first based on store type; this does not claim current stock.,3500,5000,7500,Medium,India import range,2026-08-30,5000,School-project baseline: typical low-cost hobby/education price.
BLR-003,Bengaluru,Karnataka,Sri Lakshmi Electronics - A Robotics Shop,Electronics store,"Ground floor, Sabari Complex, 66, Sadar Patrappa Rd, Kumbarpet, Nagarathpete, Bengaluru, Karnataka 560002",,4.7,26,https://www.google.com/maps/search/?api=1&query=Sri+Lakshmi+Electronics+A+Robotics+Shop+Bengaluru,2026-08-30,part_search_seed,ACT-013,BLDC Motor,BLDC Motor,unverified_search_seed,https://www.google.com/maps/search/?api=1&query=Sri+Lakshmi+Electronics+-+A+Robotics+Shop+BLDC+Motor+Bengaluru,Suggested local store to ask/search first based on store type; this does not claim current stock.,150,150,150,Low,Category-based India market estimate,2026-08-30,150,School-project baseline: minimum practical/entry-level price used; premium/industrial variants excluded.
BLR-003,Bengaluru,Karnataka,Sri Lakshmi Electronics - A Robotics Shop,Electronics store,"Ground floor, Sabari Complex, 66, Sadar Patrappa Rd, Kumbarpet, Nagarathpete, Bengaluru, Karnataka 560002",,4.7,26,https://www.google.com/maps/search/?api=1&query=Sri+Lakshmi+Electronics+A+Robotics+Shop+Bengaluru,2026-08-30,part_search_seed,ACT-014,DC Worm Gear Motor,DC Worm Gear Motor,unverified_search_seed,https://www.google.com/maps/search/?api=1&query=Sri+Lakshmi+Electronics+-+A+Robotics+Shop+DC+Worm+Gear+Motor+Bengaluru,Suggested local store to ask/search first based on store type; this does not claim current stock.,150,150,150,Low,Category-based India market estimate,2026-08-30,150,School-project baseline: minimum practical/entry-level price used; premium/industrial variants excluded.
BLR-003,Bengaluru,Karnataka,Sri Lakshmi Electronics - A Robotics Shop,Electronics store,"Ground floor, Sabari Complex, 66, Sadar Patrappa Rd, Kumbarpet, Nagarathpete, Bengaluru, Karnataka 560002",,4.7,26,https://www.google.com/maps/search/?api=1&query=Sri+Lakshmi+Electronics+A+Robotics+Shop+Bengaluru,2026-08-30,part_search_seed,ACT-015,High-Torque 20–35 kg·cm Servo,High-Torque 20–35 kg·cm Servo,unverified_search_seed,https://www.google.com/maps/search/?api=1&query=Sri+Lakshmi+Electronics+-+A+Robotics+Shop+High-Torque+20%E2%80%9335+kg%C2%B7cm+Servo+Bengaluru,Suggested local store to ask/search first based on store type; this does not claim current stock.,150,150,150,Low,Category-based India market estimate,2026-08-30,150,School-project baseline: minimum practical/entry-level price used; premium/industrial variants excluded.
BLR-003,Bengaluru,Karnataka,Sri Lakshmi Electronics - A Robotics Shop,Electronics store,"Ground floor, Sabari Complex, 66, Sadar Patrappa Rd, Kumbarpet, Nagarathpete, Bengaluru, Karnataka 560002",,4.7,26,https://www.google.com/maps/search/?api=1&query=Sri+Lakshmi+Electronics+A+Robotics+Shop+Bengaluru,2026-08-30,part_search_seed,ACT-016,High-Voltage Brushless Servo,High-Voltage Brushless Servo,unverified_search_seed,https://www.google.com/maps/search/?api=1&query=Sri+Lakshmi+Electronics+-+A+Robotics+Shop+High-Voltage+Brushless+Servo+Bengaluru,Suggested local store to ask/search first based on store type; this does not claim current stock.,150,150,150,Low,Category-based India market estimate,2026-08-30,150,School-project baseline: minimum practical/entry-level price used; premium/industrial variants excluded.
BLR-003,Bengaluru,Karnataka,Sri Lakshmi Electronics - A Robotics Shop,Electronics store,"Ground floor, Sabari Complex, 66, Sadar Patrappa Rd, Kumbarpet, Nagarathpete, Bengaluru, Karnataka 560002",,4.7,26,https://www.google.com/maps/search/?api=1&query=Sri+Lakshmi+Electronics+A+Robotics+Shop+Bengaluru,2026-08-30,part_search_seed,ACT-017,Linear Actuator,Linear Actuator,unverified_search_seed,https://www.google.com/maps/search/?api=1&query=Sri+Lakshmi+Electronics+-+A+Robotics+Shop+Linear+Actuator+Bengaluru,Suggested local store to ask/search first based on store type; this does not claim current stock.,150,150,150,Low,Category-based India market estimate,2026-08-30,150,School-project baseline: minimum practical/entry-level price used; premium/industrial variants excluded.
BLR-003,Bengaluru,Karnataka,Sri Lakshmi Electronics - A Robotics Shop,Electronics store,"Ground floor, Sabari Complex, 66, Sadar Patrappa Rd, Kumbarpet, Nagarathpete, Bengaluru, Karnataka 560002",,4.7,26,https://www.google.com/maps/search/?api=1&query=Sri+Lakshmi+Electronics+A+Robotics+Shop+Bengaluru,2026-08-30,part_search_seed,ACT-018,Mini Linear Servo,Mini Linear Servo,unverified_search_seed,https://www.google.com/maps/search/?api=1&query=Sri+Lakshmi+Electronics+-+A+Robotics+Shop+Mini+Linear+Servo+Bengaluru,Suggested local store to ask/search first based on store type; this does not claim current stock.,150,150,150,Low,Category-based India market estimate,2026-08-30,150,School-project baseline: minimum practical/entry-level price used; premium/industrial variants excluded.
BLR-003,Bengaluru,Karnataka,Sri Lakshmi Electronics - A Robotics Shop,Electronics store,"Ground floor, Sabari Complex, 66, Sadar Patrappa Rd, Kumbarpet, Nagarathpete, Bengaluru, Karnataka 560002",,4.7,26,https://www.google.com/maps/search/?api=1&query=Sri+Lakshmi+Electronics+A+Robotics+Shop+Bengaluru,2026-08-30,part_search_seed,ACT-019,NEMA 17 Stepper Motor,NEMA 17 Stepper Motor,unverified_search_seed,https://www.google.com/maps/search/?api=1&query=Sri+Lakshmi+Electronics+-+A+Robotics+Shop+NEMA+17+Stepper+Motor+Bengaluru,Suggested local store to ask/search first based on store type; this does not claim current stock.,150,150,150,Low,Category-based India market estimate,2026-08-30,150,School-project baseline: minimum practical/entry-level price used; premium/industrial variants excluded.
BLR-003,Bengaluru,Karnataka,Sri Lakshmi Electronics - A Robotics Shop,Electronics store,"Ground floor, Sabari Complex, 66, Sadar Patrappa Rd, Kumbarpet, Nagarathpete, Bengaluru, Karnataka 560002",,4.7,26,https://www.google.com/maps/search/?api=1&query=Sri+Lakshmi+Electronics+A+Robotics+Shop+Bengaluru,2026-08-30,part_search_seed,ACT-020,NEMA 23 Stepper Motor,NEMA 23 Stepper Motor,unverified_search_seed,https://www.google.com/maps/search/?api=1&query=Sri+Lakshmi+Electronics+-+A+Robotics+Shop+NEMA+23+Stepper+Motor+Bengaluru,Suggested local store to ask/search first based on store type; this does not claim current stock.,150,150,150,Low,Category-based India market estimate,2026-08-30,150,School-project baseline: minimum practical/entry-level price used; premium/industrial variants excluded.
BLR-003,Bengaluru,Karnataka,Sri Lakshmi Electronics - A Robotics Shop,Electronics store,"Ground floor, Sabari Complex, 66, Sadar Patrappa Rd, Kumbarpet, Nagarathpete, Bengaluru, Karnataka 560002",,4.7,26,https://www.google.com/maps/search/?api=1&query=Sri+Lakshmi+Electronics+A+Robotics+Shop+Bengaluru,2026-08-30,part_search_seed,ACT-021,Solenoid Actuator,Solenoid Actuator,unverified_search_seed,https://www.google.com/maps/search/?api=1&query=Sri+Lakshmi+Electronics+-+A+Robotics+Shop+Solenoid+Actuator+Bengaluru,Suggested local store to ask/search first based on store type; this does not claim current stock.,150,150,150,Low,Category-based India market estimate,2026-08-30,150,School-project baseline: minimum practical/entry-level price used; premium/industrial variants excluded.
BLR-003,Bengaluru,Karnataka,Sri Lakshmi Electronics - A Robotics Shop,Electronics store,"Ground floor, Sabari Complex, 66, Sadar Patrappa Rd, Kumbarpet, Nagarathpete, Bengaluru, Karnataka 560002",,4.7,26,https://www.google.com/maps/search/?api=1&query=Sri+Lakshmi+Electronics+A+Robotics+Shop+Bengaluru,2026-08-30,part_search_seed,ACT-022,Voice-Coil Actuator,Voice-Coil Actuator,unverified_search_seed,https://www.google.com/maps/search/?api=1&query=Sri+Lakshmi+Electronics+-+A+Robotics+Shop+Voice-Coil+Actuator+Bengaluru,Suggested local store to ask/search first based on store type; this does not claim current stock.,150,150,150,Low,Category-based India market estimate,2026-08-30,150,School-project baseline: minimum practical/entry-level price used; premium/industrial variants excluded.
BLR-003,Bengaluru,Karnataka,Sri Lakshmi Electronics - A Robotics Shop,Electronics store,"Ground floor, Sabari Complex, 66, Sadar Patrappa Rd, Kumbarpet, Nagarathpete, Bengaluru, Karnataka 560002",,4.7,26,https://www.google.com/maps/search/?api=1&query=Sri+Lakshmi+Electronics+A+Robotics+Shop+Bengaluru,2026-08-30,part_search_seed,HMI-001,4-Microphone Array,4-Microphone Array,unverified_search_seed,https://www.google.com/maps/search/?api=1&query=Sri+Lakshmi+Electronics+-+A+Robotics+Shop+4-Microphone+Array+Bengaluru,Suggested local store to ask/search first based on store type; this does not claim current stock.,50,50,50,Low,Category-based India market estimate,2026-08-30,50,School-project baseline: minimum practical/entry-level price used; premium/industrial variants excluded.
BLR-003,Bengaluru,Karnataka,Sri Lakshmi Electronics - A Robotics Shop,Electronics store,"Ground floor, Sabari Complex, 66, Sadar Patrappa Rd, Kumbarpet, Nagarathpete, Bengaluru, Karnataka 560002",,4.7,26,https://www.google.com/maps/search/?api=1&query=Sri+Lakshmi+Electronics+A+Robotics+Shop+Bengaluru,2026-08-30,part_search_seed,HMI-002,Audio Amplifier Module,Audio Amplifier Module,unverified_search_seed,https://www.google.com/maps/search/?api=1&query=Sri+Lakshmi+Electronics+-+A+Robotics+Shop+Audio+Amplifier+Module+Bengaluru,Suggested local store to ask/search first based on store type; this does not claim current stock.,50,50,50,Low,Category-based India market estimate,2026-08-30,50,School-project baseline: minimum practical/entry-level price used; premium/industrial variants excluded.
BLR-003,Bengaluru,Karnataka,Sri Lakshmi Electronics - A Robotics Shop,Electronics store,"Ground floor, Sabari Complex, 66, Sadar Patrappa Rd, Kumbarpet, Nagarathpete, Bengaluru, Karnataka 560002",,4.7,26,https://www.google.com/maps/search/?api=1&query=Sri+Lakshmi+Electronics+A+Robotics+Shop+Bengaluru,2026-08-30,part_search_seed,HMI-003,Capacitive Touch Strip,Capacitive Touch Strip,unverified_search_seed,https://www.google.com/maps/search/?api=1&query=Sri+Lakshmi+Electronics+-+A+Robotics+Shop+Capacitive+Touch+Strip+Bengaluru,Suggested local store to ask/search first based on store type; this does not claim current stock.,50,50,50,Low,Category-based India market estimate,2026-08-30,50,School-project baseline: minimum practical/entry-level price used; premium/industrial variants excluded.
BLR-003,Bengaluru,Karnataka,Sri Lakshmi Electronics - A Robotics Shop,Electronics store,"Ground floor, Sabari Complex, 66, Sadar Patrappa Rd, Kumbarpet, Nagarathpete, Bengaluru, Karnataka 560002",,4.7,26,https://www.google.com/maps/search/?api=1&query=Sri+Lakshmi+Electronics+A+Robotics+Shop+Bengaluru,2026-08-30,part_search_seed,HMI-004,E-Paper Display,E-Paper Display,unverified_search_seed,https://www.google.com/maps/search/?api=1&query=Sri+Lakshmi+Electronics+-+A+Robotics+Shop+E-Paper+Display+Bengaluru,Suggested local store to ask/search first based on store type; this does not claim current stock.,50,50,50,Low,Category-based India market estimate,2026-08-30,50,School-project baseline: minimum practical/entry-level price used; premium/industrial variants excluded.
BLR-003,Bengaluru,Karnataka,Sri Lakshmi Electronics - A Robotics Shop,Electronics store,"Ground floor, Sabari Complex, 66, Sadar Patrappa Rd, Kumbarpet, Nagarathpete, Bengaluru, Karnataka 560002",,4.7,26,https://www.google.com/maps/search/?api=1&query=Sri+Lakshmi+Electronics+A+Robotics+Shop+Bengaluru,2026-08-30,part_search_seed,HMI-005,Gesture Sensor,Gesture Sensor,unverified_search_seed,https://www.google.com/maps/search/?api=1&query=Sri+Lakshmi+Electronics+-+A+Robotics+Shop+Gesture+Sensor+Bengaluru,Suggested local store to ask/search first based on store type; this does not claim current stock.,50,50,50,Low,Category-based India market estimate,2026-08-30,50,School-project baseline: minimum practical/entry-level price used; premium/industrial variants excluded.
BLR-003,Bengaluru,Karnataka,Sri Lakshmi Electronics - A Robotics Shop,Electronics store,"Ground floor, Sabari Complex, 66, Sadar Patrappa Rd, Kumbarpet, Nagarathpete, Bengaluru, Karnataka 560002",,4.7,26,https://www.google.com/maps/search/?api=1&query=Sri+Lakshmi+Electronics+A+Robotics+Shop+Bengaluru,2026-08-30,part_search_seed,HMI-006,MEMS Microphone,MEMS Microphone,unverified_search_seed,https://www.google.com/maps/search/?api=1&query=Sri+Lakshmi+Electronics+-+A+Robotics+Shop+MEMS+Microphone+Bengaluru,Suggested local store to ask/search first based on store type; this does not claim current stock.,50,50,50,Low,Category-based India market estimate,2026-08-30,50,School-project baseline: minimum practical/entry-level price used; premium/industrial variants excluded.
BLR-003,Bengaluru,Karnataka,Sri Lakshmi Electronics - A Robotics Shop,Electronics store,"Ground floor, Sabari Complex, 66, Sadar Patrappa Rd, Kumbarpet, Nagarathpete, Bengaluru, Karnataka 560002",,4.7,26,https://www.google.com/maps/search/?api=1&query=Sri+Lakshmi+Electronics+A+Robotics+Shop+Bengaluru,2026-08-30,part_search_seed,HMI-007,RGB Status Ring / Addressable LED Strip,RGB Status Ring / Addressable LED Strip,unverified_search_seed,https://www.google.com/maps/search/?api=1&query=Sri+Lakshmi+Electronics+-+A+Robotics+Shop+RGB+Status+Ring+%2F+Addressable+LED+Strip+Bengaluru,Suggested local store to ask/search first based on store type; this does not claim current stock.,50,50,50,Low,Category-based India market estimate,2026-08-30,50,School-project baseline: minimum practical/entry-level price used; premium/industrial variants excluded.
BLR-003,Bengaluru,Karnataka,Sri Lakshmi Electronics - A Robotics Shop,Electronics store,"Ground floor, Sabari Complex, 66, Sadar Patrappa Rd, Kumbarpet, Nagarathpete, Bengaluru, Karnataka 560002",,4.7,26,https://www.google.com/maps/search/?api=1&query=Sri+Lakshmi+Electronics+A+Robotics+Shop+Bengaluru,2026-08-30,part_search_seed,HMI-008,Small TFT Touch Display,Small TFT Touch Display,unverified_search_seed,https://www.google.com/maps/search/?api=1&query=Sri+Lakshmi+Electronics+-+A+Robotics+Shop+Small+TFT+Touch+Display+Bengaluru,Suggested local store to ask/search first based on store type; this does not claim current stock.,300,1200,5000,Low,Specialty material estimate,2026-08-30,1200,School-project baseline: typical low-cost hobby/education price.
BLR-003,Bengaluru,Karnataka,Sri Lakshmi Electronics - A Robotics Shop,Electronics store,"Ground floor, Sabari Complex, 66, Sadar Patrappa Rd, Kumbarpet, Nagarathpete, Bengaluru, Karnataka 560002",,4.7,26,https://www.google.com/maps/search/?api=1&query=Sri+Lakshmi+Electronics+A+Robotics+Shop+Bengaluru,2026-08-30,part_search_seed,HMI-009,Speaker Module,Speaker Module,unverified_search_seed,https://www.google.com/maps/search/?api=1&query=Sri+Lakshmi+Electronics+-+A+Robotics+Shop+Speaker+Module+Bengaluru,Suggested local store to ask/search first based on store type; this does not claim current stock.,50,50,50,Low,Category-based India market estimate,2026-08-30,50,School-project baseline: minimum practical/entry-level price used; premium/industrial variants excluded.
BLR-003,Bengaluru,Karnataka,Sri Lakshmi Electronics - A Robotics Shop,Electronics store,"Ground floor, Sabari Complex, 66, Sadar Patrappa Rd, Kumbarpet, Nagarathpete, Bengaluru, Karnataka 560002",,4.7,26,https://www.google.com/maps/search/?api=1&query=Sri+Lakshmi+Electronics+A+Robotics+Shop+Bengaluru,2026-08-30,part_search_seed,HMI-010,Touch Sensor,Touch Sensor,unverified_search_seed,https://www.google.com/maps/search/?api=1&query=Sri+Lakshmi+Electronics+-+A+Robotics+Shop+Touch+Sensor+Bengaluru,Suggested local store to ask/search first based on store type; this does not claim current stock.,50,50,50,Low,Category-based India market estimate,2026-08-30,50,School-project baseline: minimum practical/entry-level price used; premium/industrial variants excluded.
BLR-002,Bengaluru,Karnataka,Robocraze Warehouse,Electronic parts supplier,"Ground Floor, 912/10, 4th G Main Rd, Chellikere, Chelekare, Kalyan Nagar, Bengaluru, Karnataka 560043",+91 81230 57137,4.6,3285,https://www.google.com/maps/search/?api=1&query=Robocraze+Warehouse+Bengaluru,2026-08-30,part_search_seed,IMU-001,BNO055 9-DOF IMU,BNO055 9-DOF IMU,unverified_search_seed,https://www.google.com/maps/search/?api=1&query=Robocraze+Warehouse+BNO055+9-DOF+IMU+Bengaluru,Suggested local store to ask/search first based on store type; this does not claim current stock.,120,120,120,Low,Category-based India market estimate,2026-08-30,120,School-project baseline: minimum practical/entry-level price used; premium/industrial variants excluded.
BLR-002,Bengaluru,Karnataka,Robocraze Warehouse,Electronic parts supplier,"Ground Floor, 912/10, 4th G Main Rd, Chellikere, Chelekare, Kalyan Nagar, Bengaluru, Karnataka 560043",+91 81230 57137,4.6,3285,https://www.google.com/maps/search/?api=1&query=Robocraze+Warehouse+Bengaluru,2026-08-30,part_search_seed,IMU-002,BNO085/BNO086 IMU,BNO085/BNO086 IMU,unverified_search_seed,https://www.google.com/maps/search/?api=1&query=Robocraze+Warehouse+BNO085%2FBNO086+IMU+Bengaluru,Suggested local store to ask/search first based on store type; this does not claim current stock.,120,120,120,Low,Category-based India market estimate,2026-08-30,120,School-project baseline: minimum practical/entry-level price used; premium/industrial variants excluded.
BLR-002,Bengaluru,Karnataka,Robocraze Warehouse,Electronic parts supplier,"Ground Floor, 912/10, 4th G Main Rd, Chellikere, Chelekare, Kalyan Nagar, Bengaluru, Karnataka 560043",+91 81230 57137,4.6,3285,https://www.google.com/maps/search/?api=1&query=Robocraze+Warehouse+Bengaluru,2026-08-30,part_search_seed,IMU-003,Barometric Altimeter,Barometric Altimeter,unverified_search_seed,https://www.google.com/maps/search/?api=1&query=Robocraze+Warehouse+Barometric+Altimeter+Bengaluru,Suggested local store to ask/search first based on store type; this does not claim current stock.,120,120,120,Low,Category-based India market estimate,2026-08-30,120,School-project baseline: minimum practical/entry-level price used; premium/industrial variants excluded.
BLR-002,Bengaluru,Karnataka,Robocraze Warehouse,Electronic parts supplier,"Ground Floor, 912/10, 4th G Main Rd, Chellikere, Chelekare, Kalyan Nagar, Bengaluru, Karnataka 560043",+91 81230 57137,4.6,3285,https://www.google.com/maps/search/?api=1&query=Robocraze+Warehouse+Bengaluru,2026-08-30,part_search_seed,IMU-004,High-Rate Industrial IMU,High-Rate Industrial IMU,unverified_search_seed,https://www.google.com/maps/search/?api=1&query=Robocraze+Warehouse+High-Rate+Industrial+IMU+Bengaluru,Suggested local store to ask/search first based on store type; this does not claim current stock.,120,120,120,Low,Category-based India market estimate,2026-08-30,120,School-project baseline: minimum practical/entry-level price used; premium/industrial variants excluded.
BLR-002,Bengaluru,Karnataka,Robocraze Warehouse,Electronic parts supplier,"Ground Floor, 912/10, 4th G Main Rd, Chellikere, Chelekare, Kalyan Nagar, Bengaluru, Karnataka 560043",+91 81230 57137,4.6,3285,https://www.google.com/maps/search/?api=1&query=Robocraze+Warehouse+Bengaluru,2026-08-30,part_search_seed,IMU-005,ICM-20948 9-DOF IMU,ICM-20948 9-DOF IMU,unverified_search_seed,https://www.google.com/maps/search/?api=1&query=Robocraze+Warehouse+ICM-20948+9-DOF+IMU+Bengaluru,Suggested local store to ask/search first based on store type; this does not claim current stock.,120,120,120,Low,Category-based India market estimate,2026-08-30,120,School-project baseline: minimum practical/entry-level price used; premium/industrial variants excluded.
BLR-002,Bengaluru,Karnataka,Robocraze Warehouse,Electronic parts supplier,"Ground Floor, 912/10, 4th G Main Rd, Chellikere, Chelekare, Kalyan Nagar, Bengaluru, Karnataka 560043",+91 81230 57137,4.6,3285,https://www.google.com/maps/search/?api=1&query=Robocraze+Warehouse+Bengaluru,2026-08-30,part_search_seed,IMU-006,Magnetometer Module,Magnetometer Module,unverified_search_seed,https://www.google.com/maps/search/?api=1&query=Robocraze+Warehouse+Magnetometer+Module+Bengaluru,Suggested local store to ask/search first based on store type; this does not claim current stock.,120,120,120,Low,Category-based India market estimate,2026-08-30,120,School-project baseline: minimum practical/entry-level price used; premium/industrial variants excluded.
BLR-005,Bengaluru,Karnataka,Robojung Robotics Components,Electronic parts supplier,"77/1/7, 11th Main Road, 5th Cross, Begur Rd, Hongasandra, Bengaluru, Karnataka 560068",+91 91401 85377,5.0,15,https://www.google.com/maps/search/?api=1&query=Robojung+Robotics+Components+Bengaluru,2026-08-30,part_search_seed,TRN-001,Ball Screw,Ball Screw,unverified_search_seed,https://www.google.com/maps/search/?api=1&query=Robojung+Robotics+Components+Ball+Screw+Bengaluru,Suggested local store to ask/search first based on store type; this does not claim current stock.,80,80,80,Low,Category-based India market estimate,2026-08-30,80,School-project baseline: minimum practical/entry-level price used; premium/industrial variants excluded.
BLR-005,Bengaluru,Karnataka,Robojung Robotics Components,Electronic parts supplier,"77/1/7, 11th Main Road, 5th Cross, Begur Rd, Hongasandra, Bengaluru, Karnataka 560068",+91 91401 85377,5.0,15,https://www.google.com/maps/search/?api=1&query=Robojung+Robotics+Components+Bengaluru,2026-08-30,part_search_seed,TRN-002,CV Joint,CV Joint,unverified_search_seed,https://www.google.com/maps/search/?api=1&query=Robojung+Robotics+Components+CV+Joint+Bengaluru,Suggested local store to ask/search first based on store type; this does not claim current stock.,80,80,80,Low,Category-based India market estimate,2026-08-30,80,School-project baseline: minimum practical/entry-level price used; premium/industrial variants excluded.
BLR-005,Bengaluru,Karnataka,Robojung Robotics Components,Electronic parts supplier,"77/1/7, 11th Main Road, 5th Cross, Begur Rd, Hongasandra, Bengaluru, Karnataka 560068",+91 91401 85377,5.0,15,https://www.google.com/maps/search/?api=1&query=Robojung+Robotics+Components+Bengaluru,2026-08-30,part_search_seed,TRN-003,Cable / Bowden Transmission,Cable / Bowden Transmission,unverified_search_seed,https://www.google.com/maps/search/?api=1&query=Robojung+Robotics+Components+Cable+%2F+Bowden+Transmission+Bengaluru,Suggested local store to ask/search first based on store type; this does not claim current stock.,80,80,80,Low,Category-based India market estimate,2026-08-30,80,School-project baseline: minimum practical/entry-level price used; premium/industrial variants excluded.
BLR-005,Bengaluru,Karnataka,Robojung Robotics Components,Electronic parts supplier,"77/1/7, 11th Main Road, 5th Cross, Begur Rd, Hongasandra, Bengaluru, Karnataka 560068",+91 91401 85377,5.0,15,https://www.google.com/maps/search/?api=1&query=Robojung+Robotics+Components+Bengaluru,2026-08-30,part_search_seed,TRN-004,Capstan Drive,Capstan Drive,unverified_search_seed,https://www.google.com/maps/search/?api=1&query=Robojung+Robotics+Components+Capstan+Drive+Bengaluru,Suggested local store to ask/search first based on store type; this does not claim current stock.,80,80,80,Low,Category-based India market estimate,2026-08-30,80,School-project baseline: minimum practical/entry-level price used; premium/industrial variants excluded.
BLR-005,Bengaluru,Karnataka,Robojung Robotics Components,Electronic parts supplier,"77/1/7, 11th Main Road, 5th Cross, Begur Rd, Hongasandra, Bengaluru, Karnataka 560068",+91 91401 85377,5.0,15,https://www.google.com/maps/search/?api=1&query=Robojung+Robotics+Components+Bengaluru,2026-08-30,part_search_seed,TRN-005,Chain and Sprocket,Chain and Sprocket,unverified_search_seed,https://www.google.com/maps/search/?api=1&query=Robojung+Robotics+Components+Chain+and+Sprocket+Bengaluru,Suggested local store to ask/search first based on store type; this does not claim current stock.,80,80,80,Low,Category-based India market estimate,2026-08-30,80,School-project baseline: minimum practical/entry-level price used; premium/industrial variants excluded.
BLR-005,Bengaluru,Karnataka,Robojung Robotics Components,Electronic parts supplier,"77/1/7, 11th Main Road, 5th Cross, Begur Rd, Hongasandra, Bengaluru, Karnataka 560068",+91 91401 85377,5.0,15,https://www.google.com/maps/search/?api=1&query=Robojung+Robotics+Components+Bengaluru,2026-08-30,part_search_seed,TRN-006,Flexible Coupler,Flexible Coupler,unverified_search_seed,https://www.google.com/maps/search/?api=1&query=Robojung+Robotics+Components+Flexible+Coupler+Bengaluru,Suggested local store to ask/search first based on store type; this does not claim current stock.,80,80,80,Low,Category-based India market estimate,2026-08-30,80,School-project baseline: minimum practical/entry-level price used; premium/industrial variants excluded.
BLR-005,Bengaluru,Karnataka,Robojung Robotics Components,Electronic parts supplier,"77/1/7, 11th Main Road, 5th Cross, Begur Rd, Hongasandra, Bengaluru, Karnataka 560068",+91 91401 85377,5.0,15,https://www.google.com/maps/search/?api=1&query=Robojung+Robotics+Components+Bengaluru,2026-08-30,part_search_seed,TRN-007,GT2 Belt and Pulley,GT2 Belt and Pulley,unverified_search_seed,https://www.google.com/maps/search/?api=1&query=Robojung+Robotics+Components+GT2+Belt+and+Pulley+Bengaluru,Suggested local store to ask/search first based on store type; this does not claim current stock.,80,80,80,Low,Category-based India market estimate,2026-08-30,80,School-project baseline: minimum practical/entry-level price used; premium/industrial variants excluded.
BLR-005,Bengaluru,Karnataka,Robojung Robotics Components,Electronic parts supplier,"77/1/7, 11th Main Road, 5th Cross, Begur Rd, Hongasandra, Bengaluru, Karnataka 560068",+91 91401 85377,5.0,15,https://www.google.com/maps/search/?api=1&query=Robojung+Robotics+Components+Bengaluru,2026-08-30,part_search_seed,TRN-008,Lead Screw + Nut,Lead Screw + Nut,unverified_search_seed,https://www.google.com/maps/search/?api=1&query=Robojung+Robotics+Components+Lead+Screw+%2B+Nut+Bengaluru,Suggested local store to ask/search first based on store type; this does not claim current stock.,80,80,80,Low,Category-based India market estimate,2026-08-30,80,School-project baseline: minimum practical/entry-level price used; premium/industrial variants excluded.
BLR-005,Bengaluru,Karnataka,Robojung Robotics Components,Electronic parts supplier,"77/1/7, 11th Main Road, 5th Cross, Begur Rd, Hongasandra, Bengaluru, Karnataka 560068",+91 91401 85377,5.0,15,https://www.google.com/maps/search/?api=1&query=Robojung+Robotics+Components+Bengaluru,2026-08-30,part_search_seed,TRN-009,Rack and Pinion,Rack and Pinion,unverified_search_seed,https://www.google.com/maps/search/?api=1&query=Robojung+Robotics+Components+Rack+and+Pinion+Bengaluru,Suggested local store to ask/search first based on store type; this does not claim current stock.,80,80,80,Low,Category-based India market estimate,2026-08-30,80,School-project baseline: minimum practical/entry-level price used; premium/industrial variants excluded.
BLR-005,Bengaluru,Karnataka,Robojung Robotics Components,Electronic parts supplier,"77/1/7, 11th Main Road, 5th Cross, Begur Rd, Hongasandra, Bengaluru, Karnataka 560068",+91 91401 85377,5.0,15,https://www.google.com/maps/search/?api=1&query=Robojung+Robotics+Components+Bengaluru,2026-08-30,part_search_seed,TRN-010,Shaft Coupler,Shaft Coupler,unverified_search_seed,https://www.google.com/maps/search/?api=1&query=Robojung+Robotics+Components+Shaft+Coupler+Bengaluru,Suggested local store to ask/search first based on store type; this does not claim current stock.,80,80,80,Low,Category-based India market estimate,2026-08-30,80,School-project baseline: minimum practical/entry-level price used; premium/industrial variants excluded.
BLR-005,Bengaluru,Karnataka,Robojung Robotics Components,Electronic parts supplier,"77/1/7, 11th Main Road, 5th Cross, Begur Rd, Hongasandra, Bengaluru, Karnataka 560068",+91 91401 85377,5.0,15,https://www.google.com/maps/search/?api=1&query=Robojung+Robotics+Components+Bengaluru,2026-08-30,part_search_seed,TRN-011,Timing Belt + Pulley Set,Timing Belt + Pulley Set,unverified_search_seed,https://www.google.com/maps/search/?api=1&query=Robojung+Robotics+Components+Timing+Belt+%2B+Pulley+Set+Bengaluru,Suggested local store to ask/search first based on store type; this does not claim current stock.,80,80,80,Low,Category-based India market estimate,2026-08-30,80,School-project baseline: minimum practical/entry-level price used; premium/industrial variants excluded.
BLR-005,Bengaluru,Karnataka,Robojung Robotics Components,Electronic parts supplier,"77/1/7, 11th Main Road, 5th Cross, Begur Rd, Hongasandra, Bengaluru, Karnataka 560068",+91 91401 85377,5.0,15,https://www.google.com/maps/search/?api=1&query=Robojung+Robotics+Components+Bengaluru,2026-08-30,part_search_seed,TRN-012,Universal Joint,Universal Joint,unverified_search_seed,https://www.google.com/maps/search/?api=1&query=Robojung+Robotics+Components+Universal+Joint+Bengaluru,Suggested local store to ask/search first based on store type; this does not claim current stock.,80,80,80,Low,Category-based India market estimate,2026-08-30,80,School-project baseline: minimum practical/entry-level price used; premium/industrial variants excluded.
BLR-005,Bengaluru,Karnataka,Robojung Robotics Components,Electronic parts supplier,"77/1/7, 11th Main Road, 5th Cross, Begur Rd, Hongasandra, Bengaluru, Karnataka 560068",+91 91401 85377,5.0,15,https://www.google.com/maps/search/?api=1&query=Robojung+Robotics+Components+Bengaluru,2026-08-30,part_search_seed,MOB-001,BLDC Wheel Motor,BLDC Wheel Motor,unverified_search_seed,https://www.google.com/maps/search/?api=1&query=Robojung+Robotics+Components+BLDC+Wheel+Motor+Bengaluru,Suggested local store to ask/search first based on store type; this does not claim current stock.,1500,1500,1500,Medium,India EV/robotics market,2026-08-30,1500,School-project baseline: minimum practical/entry-level price used; premium/industrial variants excluded.
BLR-005,Bengaluru,Karnataka,Robojung Robotics Components,Electronic parts supplier,"77/1/7, 11th Main Road, 5th Cross, Begur Rd, Hongasandra, Bengaluru, Karnataka 560068",+91 91401 85377,5.0,15,https://www.google.com/maps/search/?api=1&query=Robojung+Robotics+Components+Bengaluru,2026-08-30,part_search_seed,MOB-002,Differential Drive Gearmotor,Differential Drive Gearmotor,unverified_search_seed,https://www.google.com/maps/search/?api=1&query=Robojung+Robotics+Components+Differential+Drive+Gearmotor+Bengaluru,Suggested local store to ask/search first based on store type; this does not claim current stock.,250,250,250,Low,Category-based India market estimate,2026-08-30,250,School-project baseline: minimum practical/entry-level price used; premium/industrial variants excluded.
BLR-005,Bengaluru,Karnataka,Robojung Robotics Components,Electronic parts supplier,"77/1/7, 11th Main Road, 5th Cross, Begur Rd, Hongasandra, Bengaluru, Karnataka 560068",+91 91401 85377,5.0,15,https://www.google.com/maps/search/?api=1&query=Robojung+Robotics+Components+Bengaluru,2026-08-30,part_search_seed,MOB-003,Hub Motor,Hub Motor,unverified_search_seed,https://www.google.com/maps/search/?api=1&query=Robojung+Robotics+Components+Hub+Motor+Bengaluru,Suggested local store to ask/search first based on store type; this does not claim current stock.,1500,1500,1500,Medium,India EV/robotics market,2026-08-30,1500,School-project baseline: minimum practical/entry-level price used; premium/industrial variants excluded.
BLR-005,Bengaluru,Karnataka,Robojung Robotics Components,Electronic parts supplier,"77/1/7, 11th Main Road, 5th Cross, Begur Rd, Hongasandra, Bengaluru, Karnataka 560068",+91 91401 85377,5.0,15,https://www.google.com/maps/search/?api=1&query=Robojung+Robotics+Components+Bengaluru,2026-08-30,part_search_seed,MOB-004,Mecanum Wheel,Mecanum Wheel,unverified_search_seed,https://www.google.com/maps/search/?api=1&query=Robojung+Robotics+Components+Mecanum+Wheel+Bengaluru,Suggested local store to ask/search first based on store type; this does not claim current stock.,300,900,2500,Medium,India robot chassis market,2026-08-30,900,School-project baseline: typical low-cost hobby/education price.
BLR-005,Bengaluru,Karnataka,Robojung Robotics Components,Electronic parts supplier,"77/1/7, 11th Main Road, 5th Cross, Begur Rd, Hongasandra, Bengaluru, Karnataka 560068",+91 91401 85377,5.0,15,https://www.google.com/maps/search/?api=1&query=Robojung+Robotics+Components+Bengaluru,2026-08-30,part_search_seed,MOB-005,Omnidirectional Wheel,Omnidirectional Wheel,unverified_search_seed,https://www.google.com/maps/search/?api=1&query=Robojung+Robotics+Components+Omnidirectional+Wheel+Bengaluru,Suggested local store to ask/search first based on store type; this does not claim current stock.,250,250,250,Low,Category-based India market estimate,2026-08-30,250,School-project baseline: minimum practical/entry-level price used; premium/industrial variants excluded.
BLR-005,Bengaluru,Karnataka,Robojung Robotics Components,Electronic parts supplier,"77/1/7, 11th Main Road, 5th Cross, Begur Rd, Hongasandra, Bengaluru, Karnataka 560068",+91 91401 85377,5.0,15,https://www.google.com/maps/search/?api=1&query=Robojung+Robotics+Components+Bengaluru,2026-08-30,part_search_seed,MOB-006,Rubber Track Set,Rubber Track Set,unverified_search_seed,https://www.google.com/maps/search/?api=1&query=Robojung+Robotics+Components+Rubber+Track+Set+Bengaluru,Suggested local store to ask/search first based on store type; this does not claim current stock.,250,250,250,Low,Category-based India market estimate,2026-08-30,250,School-project baseline: minimum practical/entry-level price used; premium/industrial variants excluded.
BLR-005,Bengaluru,Karnataka,Robojung Robotics Components,Electronic parts supplier,"77/1/7, 11th Main Road, 5th Cross, Begur Rd, Hongasandra, Bengaluru, Karnataka 560068",+91 91401 85377,5.0,15,https://www.google.com/maps/search/?api=1&query=Robojung+Robotics+Components+Bengaluru,2026-08-30,part_search_seed,MOB-007,Steering Servo / Ackermann Steering Set,Steering Servo / Ackermann Steering Set,unverified_search_seed,https://www.google.com/maps/search/?api=1&query=Robojung+Robotics+Components+Steering+Servo+%2F+Ackermann+Steering+Set+Bengaluru,Suggested local store to ask/search first based on store type; this does not claim current stock.,250,250,250,Low,Category-based India market estimate,2026-08-30,250,School-project baseline: minimum practical/entry-level price used; premium/industrial variants excluded.
BLR-005,Bengaluru,Karnataka,Robojung Robotics Components,Electronic parts supplier,"77/1/7, 11th Main Road, 5th Cross, Begur Rd, Hongasandra, Bengaluru, Karnataka 560068",+91 91401 85377,5.0,15,https://www.google.com/maps/search/?api=1&query=Robojung+Robotics+Components+Bengaluru,2026-08-30,part_search_seed,MOB-008,Suspension Module,Suspension Module,unverified_search_seed,https://www.google.com/maps/search/?api=1&query=Robojung+Robotics+Components+Suspension+Module+Bengaluru,Suggested local store to ask/search first based on store type; this does not claim current stock.,250,250,250,Low,Category-based India market estimate,2026-08-30,250,School-project baseline: minimum practical/entry-level price used; premium/industrial variants excluded.
BLR-005,Bengaluru,Karnataka,Robojung Robotics Components,Electronic parts supplier,"77/1/7, 11th Main Road, 5th Cross, Begur Rd, Hongasandra, Bengaluru, Karnataka 560068",+91 91401 85377,5.0,15,https://www.google.com/maps/search/?api=1&query=Robojung+Robotics+Components+Bengaluru,2026-08-30,part_search_seed,MOB-009,Tracked Robot Chassis,Tracked Robot Chassis,unverified_search_seed,https://www.google.com/maps/search/?api=1&query=Robojung+Robotics+Components+Tracked+Robot+Chassis+Bengaluru,Suggested local store to ask/search first based on store type; this does not claim current stock.,250,250,250,Low,Category-based India market estimate,2026-08-30,250,School-project baseline: minimum practical/entry-level price used; premium/industrial variants excluded.
BLR-005,Bengaluru,Karnataka,Robojung Robotics Components,Electronic parts supplier,"77/1/7, 11th Main Road, 5th Cross, Begur Rd, Hongasandra, Bengaluru, Karnataka 560068",+91 91401 85377,5.0,15,https://www.google.com/maps/search/?api=1&query=Robojung+Robotics+Components+Bengaluru,2026-08-30,part_search_seed,MOB-010,Wheel Encoder Motor,Wheel Encoder Motor,unverified_search_seed,https://www.google.com/maps/search/?api=1&query=Robojung+Robotics+Components+Wheel+Encoder+Motor+Bengaluru,Suggested local store to ask/search first based on store type; this does not claim current stock.,250,250,250,Low,Category-based India market estimate,2026-08-30,250,School-project baseline: minimum practical/entry-level price used; premium/industrial variants excluded.
BLR-001,Bengaluru,Karnataka,Probots Electronics India Pvt Ltd,Electronic parts supplier,"Sankalpa 530, GF & 1F, 5th Cross Road, Vinayaka Layout, 9th Block, 2nd Stage, Nagarbhavi, Bengaluru, Karnataka 560072",+91 86180 50706,4.6,648,https://www.google.com/maps/search/?api=1&query=Probots+Electronics+India+Pvt+Ltd+Bengaluru,2026-08-30,part_search_seed,TOOL-004,3D Printer Filament PLA/PETG/TPU,3D Printer Filament PLA/PETG/TPU,unverified_search_seed,https://www.google.com/maps/search/?api=1&query=Probots+Electronics+India+Pvt+Ltd+3D+Printer+Filament+PLA%2FPETG%2FTPU+Bengaluru,Suggested local store to ask/search first based on store type; this does not claim current stock.,50,50,50,Low,Category-based India market estimate,2026-08-30,50,School-project baseline: minimum practical/entry-level price used; premium/industrial variants excluded.
BLR-001,Bengaluru,Karnataka,Probots Electronics India Pvt Ltd,Electronic parts supplier,"Sankalpa 530, GF & 1F, 5th Cross Road, Vinayaka Layout, 9th Block, 2nd Stage, Nagarbhavi, Bengaluru, Karnataka 560072",+91 86180 50706,4.6,648,https://www.google.com/maps/search/?api=1&query=Probots+Electronics+India+Pvt+Ltd+Bengaluru,2026-08-30,part_search_seed,TOOL-005,Bench Power Supply,Bench Power Supply,unverified_search_seed,https://www.google.com/maps/search/?api=1&query=Probots+Electronics+India+Pvt+Ltd+Bench+Power+Supply+Bengaluru,Suggested local store to ask/search first based on store type; this does not claim current stock.,2500,2500,2500,Medium,India electronics tools market,2026-08-30,2500,School-project baseline: minimum practical/entry-level price used; premium/industrial variants excluded.
BLR-001,Bengaluru,Karnataka,Probots Electronics India Pvt Ltd,Electronic parts supplier,"Sankalpa 530, GF & 1F, 5th Cross Road, Vinayaka Layout, 9th Block, 2nd Stage, Nagarbhavi, Bengaluru, Karnataka 560072",+91 86180 50706,4.6,648,https://www.google.com/maps/search/?api=1&query=Probots+Electronics+India+Pvt+Ltd+Bengaluru,2026-08-30,part_search_seed,TOOL-006,Caliper,Caliper,unverified_search_seed,https://www.google.com/maps/search/?api=1&query=Probots+Electronics+India+Pvt+Ltd+Caliper+Bengaluru,Suggested local store to ask/search first based on store type; this does not claim current stock.,50,50,50,Low,Category-based India market estimate,2026-08-30,50,School-project baseline: minimum practical/entry-level price used; premium/industrial variants excluded.
BLR-001,Bengaluru,Karnataka,Probots Electronics India Pvt Ltd,Electronic parts supplier,"Sankalpa 530, GF & 1F, 5th Cross Road, Vinayaka Layout, 9th Block, 2nd Stage, Nagarbhavi, Bengaluru, Karnataka 560072",+91 86180 50706,4.6,648,https://www.google.com/maps/search/?api=1&query=Probots+Electronics+India+Pvt+Ltd+Bengaluru,2026-08-30,part_search_seed,TOOL-007,Crimping Tool,Crimping Tool,unverified_search_seed,https://www.google.com/maps/search/?api=1&query=Probots+Electronics+India+Pvt+Ltd+Crimping+Tool+Bengaluru,Suggested local store to ask/search first based on store type; this does not claim current stock.,50,50,50,Low,Category-based India market estimate,2026-08-30,50,School-project baseline: minimum practical/entry-level price used; premium/industrial variants excluded.
BLR-001,Bengaluru,Karnataka,Probots Electronics India Pvt Ltd,Electronic parts supplier,"Sankalpa 530, GF & 1F, 5th Cross Road, Vinayaka Layout, 9th Block, 2nd Stage, Nagarbhavi, Bengaluru, Karnataka 560072",+91 86180 50706,4.6,648,https://www.google.com/maps/search/?api=1&query=Probots+Electronics+India+Pvt+Ltd+Bengaluru,2026-08-30,part_search_seed,TOOL-008,Desoldering Pump,Desoldering Pump,unverified_search_seed,https://www.google.com/maps/search/?api=1&query=Probots+Electronics+India+Pvt+Ltd+Desoldering+Pump+Bengaluru,Suggested local store to ask/search first based on store type; this does not claim current stock.,50,50,50,Low,Category-based India market estimate,2026-08-30,50,School-project baseline: minimum practical/entry-level price used; premium/industrial variants excluded.
BLR-001,Bengaluru,Karnataka,Probots Electronics India Pvt Ltd,Electronic parts supplier,"Sankalpa 530, GF & 1F, 5th Cross Road, Vinayaka Layout, 9th Block, 2nd Stage, Nagarbhavi, Bengaluru, Karnataka 560072",+91 86180 50706,4.6,648,https://www.google.com/maps/search/?api=1&query=Probots+Electronics+India+Pvt+Ltd+Bengaluru,2026-08-30,part_search_seed,TOOL-009,Epoxy Adhesive,Epoxy Adhesive,unverified_search_seed,https://www.google.com/maps/search/?api=1&query=Probots+Electronics+India+Pvt+Ltd+Epoxy+Adhesive+Bengaluru,Suggested local store to ask/search first based on store type; this does not claim current stock.,50,50,50,Low,Category-based India market estimate,2026-08-30,50,School-project baseline: minimum practical/entry-level price used; premium/industrial variants excluded.
BLR-001,Bengaluru,Karnataka,Probots Electronics India Pvt Ltd,Electronic parts supplier,"Sankalpa 530, GF & 1F, 5th Cross Road, Vinayaka Layout, 9th Block, 2nd Stage, Nagarbhavi, Bengaluru, Karnataka 560072",+91 86180 50706,4.6,648,https://www.google.com/maps/search/?api=1&query=Probots+Electronics+India+Pvt+Ltd+Bengaluru,2026-08-30,part_search_seed,TOOL-010,Ferrule Crimper,Ferrule Crimper,unverified_search_seed,https://www.google.com/maps/search/?api=1&query=Probots+Electronics+India+Pvt+Ltd+Ferrule+Crimper+Bengaluru,Suggested local store to ask/search first based on store type; this does not claim current stock.,50,50,50,Low,Category-based India market estimate,2026-08-30,50,School-project baseline: minimum practical/entry-level price used; premium/industrial variants excluded.
BLR-001,Bengaluru,Karnataka,Probots Electronics India Pvt Ltd,Electronic parts supplier,"Sankalpa 530, GF & 1F, 5th Cross Road, Vinayaka Layout, 9th Block, 2nd Stage, Nagarbhavi, Bengaluru, Karnataka 560072",+91 86180 50706,4.6,648,https://www.google.com/maps/search/?api=1&query=Probots+Electronics+India+Pvt+Ltd+Bengaluru,2026-08-30,part_search_seed,TOOL-011,Flux,Flux,unverified_search_seed,https://www.google.com/maps/search/?api=1&query=Probots+Electronics+India+Pvt+Ltd+Flux+Bengaluru,Suggested local store to ask/search first based on store type; this does not claim current stock.,50,50,50,Low,Category-based India market estimate,2026-08-30,50,School-project baseline: minimum practical/entry-level price used; premium/industrial variants excluded.
BLR-001,Bengaluru,Karnataka,Probots Electronics India Pvt Ltd,Electronic parts supplier,"Sankalpa 530, GF & 1F, 5th Cross Road, Vinayaka Layout, 9th Block, 2nd Stage, Nagarbhavi, Bengaluru, Karnataka 560072",+91 86180 50706,4.6,648,https://www.google.com/maps/search/?api=1&query=Probots+Electronics+India+Pvt+Ltd+Bengaluru,2026-08-30,part_search_seed,TOOL-012,Heat Gun,Heat Gun,unverified_search_seed,https://www.google.com/maps/search/?api=1&query=Probots+Electronics+India+Pvt+Ltd+Heat+Gun+Bengaluru,Suggested local store to ask/search first based on store type; this does not claim current stock.,50,50,50,Low,Category-based India market estimate,2026-08-30,50,School-project baseline: minimum practical/entry-level price used; premium/industrial variants excluded.
BLR-001,Bengaluru,Karnataka,Probots Electronics India Pvt Ltd,Electronic parts supplier,"Sankalpa 530, GF & 1F, 5th Cross Road, Vinayaka Layout, 9th Block, 2nd Stage, Nagarbhavi, Bengaluru, Karnataka 560072",+91 86180 50706,4.6,648,https://www.google.com/maps/search/?api=1&query=Probots+Electronics+India+Pvt+Ltd+Bengaluru,2026-08-30,part_search_seed,TOOL-013,JST Crimp Tool,JST Crimp Tool,unverified_search_seed,https://www.google.com/maps/search/?api=1&query=Probots+Electronics+India+Pvt+Ltd+JST+Crimp+Tool+Bengaluru,Suggested local store to ask/search first based on store type; this does not claim current stock.,50,50,50,Low,Category-based India market estimate,2026-08-30,50,School-project baseline: minimum practical/entry-level price used; premium/industrial variants excluded.
BLR-001,Bengaluru,Karnataka,Probots Electronics India Pvt Ltd,Electronic parts supplier,"Sankalpa 530, GF & 1F, 5th Cross Road, Vinayaka Layout, 9th Block, 2nd Stage, Nagarbhavi, Bengaluru, Karnataka 560072",+91 86180 50706,4.6,648,https://www.google.com/maps/search/?api=1&query=Probots+Electronics+India+Pvt+Ltd+Bengaluru,2026-08-30,part_search_seed,TOOL-014,Logic Analyzer,Logic Analyzer,unverified_search_seed,https://www.google.com/maps/search/?api=1&query=Probots+Electronics+India+Pvt+Ltd+Logic+Analyzer+Bengaluru,Suggested local store to ask/search first based on store type; this does not claim current stock.,500,500,500,Medium,India electronics tools market,2026-08-30,500,School-project baseline: minimum practical/entry-level price used; premium/industrial variants excluded.
BLR-001,Bengaluru,Karnataka,Probots Electronics India Pvt Ltd,Electronic parts supplier,"Sankalpa 530, GF & 1F, 5th Cross Road, Vinayaka Layout, 9th Block, 2nd Stage, Nagarbhavi, Bengaluru, Karnataka 560072",+91 86180 50706,4.6,648,https://www.google.com/maps/search/?api=1&query=Probots+Electronics+India+Pvt+Ltd+Bengaluru,2026-08-30,part_search_seed,TOOL-015,Oscilloscope,Oscilloscope,unverified_search_seed,https://www.google.com/maps/search/?api=1&query=Probots+Electronics+India+Pvt+Ltd+Oscilloscope+Bengaluru,Suggested local store to ask/search first based on store type; this does not claim current stock.,3000,3000,3000,Medium,India electronics tools market,2026-08-30,3000,School-project baseline: minimum practical/entry-level price used; premium/industrial variants excluded.
BLR-001,Bengaluru,Karnataka,Probots Electronics India Pvt Ltd,Electronic parts supplier,"Sankalpa 530, GF & 1F, 5th Cross Road, Vinayaka Layout, 9th Block, 2nd Stage, Nagarbhavi, Bengaluru, Karnataka 560072",+91 86180 50706,4.6,648,https://www.google.com/maps/search/?api=1&query=Probots+Electronics+India+Pvt+Ltd+Bengaluru,2026-08-30,part_search_seed,TOOL-016,Solder Wire,Solder Wire,unverified_search_seed,https://www.google.com/maps/search/?api=1&query=Probots+Electronics+India+Pvt+Ltd+Solder+Wire+Bengaluru,Suggested local store to ask/search first based on store type; this does not claim current stock.,50,50,50,Low,Category-based India market estimate,2026-08-30,50,School-project baseline: minimum practical/entry-level price used; premium/industrial variants excluded.
BLR-001,Bengaluru,Karnataka,Probots Electronics India Pvt Ltd,Electronic parts supplier,"Sankalpa 530, GF & 1F, 5th Cross Road, Vinayaka Layout, 9th Block, 2nd Stage, Nagarbhavi, Bengaluru, Karnataka 560072",+91 86180 50706,4.6,648,https://www.google.com/maps/search/?api=1&query=Probots+Electronics+India+Pvt+Ltd+Bengaluru,2026-08-30,part_search_seed,TOOL-017,Soldering Iron Station,Soldering Iron Station,unverified_search_seed,https://www.google.com/maps/search/?api=1&query=Probots+Electronics+India+Pvt+Ltd+Soldering+Iron+Station+Bengaluru,Suggested local store to ask/search first based on store type; this does not claim current stock.,50,50,50,Low,Category-based India market estimate,2026-08-30,50,School-project baseline: minimum practical/entry-level price used; premium/industrial variants excluded.
BLR-001,Bengaluru,Karnataka,Probots Electronics India Pvt Ltd,Electronic parts supplier,"Sankalpa 530, GF & 1F, 5th Cross Road, Vinayaka Layout, 9th Block, 2nd Stage, Nagarbhavi, Bengaluru, Karnataka 560072",+91 86180 50706,4.6,648,https://www.google.com/maps/search/?api=1&query=Probots+Electronics+India+Pvt+Ltd+Bengaluru,2026-08-30,part_search_seed,TOOL-018,Threadlocker,Threadlocker,unverified_search_seed,https://www.google.com/maps/search/?api=1&query=Probots+Electronics+India+Pvt+Ltd+Threadlocker+Bengaluru,Suggested local store to ask/search first based on store type; this does not claim current stock.,50,50,50,Low,Category-based India market estimate,2026-08-30,50,School-project baseline: minimum practical/entry-level price used; premium/industrial variants excluded.
BLR-003,Bengaluru,Karnataka,Sri Lakshmi Electronics - A Robotics Shop,Electronics store,"Ground floor, Sabari Complex, 66, Sadar Patrappa Rd, Kumbarpet, Nagarathpete, Bengaluru, Karnataka 560002",,4.7,26,https://www.google.com/maps/search/?api=1&query=Sri+Lakshmi+Electronics+A+Robotics+Shop+Bengaluru,2026-08-30,part_search_seed,UAV-001,Barometer,Barometer,unverified_search_seed,https://www.google.com/maps/search/?api=1&query=Sri+Lakshmi+Electronics+-+A+Robotics+Shop+Barometer+Bengaluru,Suggested local store to ask/search first based on store type; this does not claim current stock.,200,200,200,Low,Category-based India market estimate,2026-08-30,200,School-project baseline: minimum practical/entry-level price used; premium/industrial variants excluded.
BLR-003,Bengaluru,Karnataka,Sri Lakshmi Electronics - A Robotics Shop,Electronics store,"Ground floor, Sabari Complex, 66, Sadar Patrappa Rd, Kumbarpet, Nagarathpete, Bengaluru, Karnataka 560002",,4.7,26,https://www.google.com/maps/search/?api=1&query=Sri+Lakshmi+Electronics+A+Robotics+Shop+Bengaluru,2026-08-30,part_search_seed,UAV-002,Brushless Outrunner Motor,Brushless Outrunner Motor,unverified_search_seed,https://www.google.com/maps/search/?api=1&query=Sri+Lakshmi+Electronics+-+A+Robotics+Shop+Brushless+Outrunner+Motor+Bengaluru,Suggested local store to ask/search first based on store type; this does not claim current stock.,700,1800,5000,Medium,India UAV/RC market,2026-08-30,1800,School-project baseline: typical low-cost hobby/education price.
BLR-003,Bengaluru,Karnataka,Sri Lakshmi Electronics - A Robotics Shop,Electronics store,"Ground floor, Sabari Complex, 66, Sadar Patrappa Rd, Kumbarpet, Nagarathpete, Bengaluru, Karnataka 560002",,4.7,26,https://www.google.com/maps/search/?api=1&query=Sri+Lakshmi+Electronics+A+Robotics+Shop+Bengaluru,2026-08-30,part_search_seed,UAV-003,Drone Frame,Drone Frame,unverified_search_seed,https://www.google.com/maps/search/?api=1&query=Sri+Lakshmi+Electronics+-+A+Robotics+Shop+Drone+Frame+Bengaluru,Suggested local store to ask/search first based on store type; this does not claim current stock.,200,200,200,Low,Category-based India market estimate,2026-08-30,200,School-project baseline: minimum practical/entry-level price used; premium/industrial variants excluded.
BLR-003,Bengaluru,Karnataka,Sri Lakshmi Electronics - A Robotics Shop,Electronics store,"Ground floor, Sabari Complex, 66, Sadar Patrappa Rd, Kumbarpet, Nagarathpete, Bengaluru, Karnataka 560002",,4.7,26,https://www.google.com/maps/search/?api=1&query=Sri+Lakshmi+Electronics+A+Robotics+Shop+Bengaluru,2026-08-30,part_search_seed,UAV-004,Electronic Speed Controller (ESC),Electronic Speed Controller (ESC),unverified_search_seed,https://www.google.com/maps/search/?api=1&query=Sri+Lakshmi+Electronics+-+A+Robotics+Shop+Electronic+Speed+Controller+%28ESC%29+Bengaluru,Suggested local store to ask/search first based on store type; this does not claim current stock.,500,500,500,Medium,India UAV/RC market,2026-08-30,500,School-project baseline: minimum practical/entry-level price used; premium/industrial variants excluded.
BLR-003,Bengaluru,Karnataka,Sri Lakshmi Electronics - A Robotics Shop,Electronics store,"Ground floor, Sabari Complex, 66, Sadar Patrappa Rd, Kumbarpet, Nagarathpete, Bengaluru, Karnataka 560002",,4.7,26,https://www.google.com/maps/search/?api=1&query=Sri+Lakshmi+Electronics+A+Robotics+Shop+Bengaluru,2026-08-30,part_search_seed,UAV-005,FPV Camera,FPV Camera,unverified_search_seed,https://www.google.com/maps/search/?api=1&query=Sri+Lakshmi+Electronics+-+A+Robotics+Shop+FPV+Camera+Bengaluru,Suggested local store to ask/search first based on store type; this does not claim current stock.,200,200,200,Low,Category-based India market estimate,2026-08-30,200,School-project baseline: minimum practical/entry-level price used; premium/industrial variants excluded.
BLR-003,Bengaluru,Karnataka,Sri Lakshmi Electronics - A Robotics Shop,Electronics store,"Ground floor, Sabari Complex, 66, Sadar Patrappa Rd, Kumbarpet, Nagarathpete, Bengaluru, Karnataka 560002",,4.7,26,https://www.google.com/maps/search/?api=1&query=Sri+Lakshmi+Electronics+A+Robotics+Shop+Bengaluru,2026-08-30,part_search_seed,UAV-006,Flight Controller,Flight Controller,unverified_search_seed,https://www.google.com/maps/search/?api=1&query=Sri+Lakshmi+Electronics+-+A+Robotics+Shop+Flight+Controller+Bengaluru,Suggested local store to ask/search first based on store type; this does not claim current stock.,1500,1500,1500,Medium,India UAV market,2026-08-30,1500,School-project baseline: minimum practical/entry-level price used; premium/industrial variants excluded.
BLR-003,Bengaluru,Karnataka,Sri Lakshmi Electronics - A Robotics Shop,Electronics store,"Ground floor, Sabari Complex, 66, Sadar Patrappa Rd, Kumbarpet, Nagarathpete, Bengaluru, Karnataka 560002",,4.7,26,https://www.google.com/maps/search/?api=1&query=Sri+Lakshmi+Electronics+A+Robotics+Shop+Bengaluru,2026-08-30,part_search_seed,UAV-007,GPS Compass Module,GPS Compass Module,unverified_search_seed,https://www.google.com/maps/search/?api=1&query=Sri+Lakshmi+Electronics+-+A+Robotics+Shop+GPS+Compass+Module+Bengaluru,Suggested local store to ask/search first based on store type; this does not claim current stock.,200,200,200,Low,Category-based India market estimate,2026-08-30,200,School-project baseline: minimum practical/entry-level price used; premium/industrial variants excluded.
BLR-003,Bengaluru,Karnataka,Sri Lakshmi Electronics - A Robotics Shop,Electronics store,"Ground floor, Sabari Complex, 66, Sadar Patrappa Rd, Kumbarpet, Nagarathpete, Bengaluru, Karnataka 560002",,4.7,26,https://www.google.com/maps/search/?api=1&query=Sri+Lakshmi+Electronics+A+Robotics+Shop+Bengaluru,2026-08-30,part_search_seed,UAV-008,Landing Gear,Landing Gear,unverified_search_seed,https://www.google.com/maps/search/?api=1&query=Sri+Lakshmi+Electronics+-+A+Robotics+Shop+Landing+Gear+Bengaluru,Suggested local store to ask/search first based on store type; this does not claim current stock.,200,200,200,Low,Category-based India market estimate,2026-08-30,200,School-project baseline: minimum practical/entry-level price used; premium/industrial variants excluded.
BLR-003,Bengaluru,Karnataka,Sri Lakshmi Electronics - A Robotics Shop,Electronics store,"Ground floor, Sabari Complex, 66, Sadar Patrappa Rd, Kumbarpet, Nagarathpete, Bengaluru, Karnataka 560002",,4.7,26,https://www.google.com/maps/search/?api=1&query=Sri+Lakshmi+Electronics+A+Robotics+Shop+Bengaluru,2026-08-30,part_search_seed,UAV-009,Power Distribution Board for Drone,Power Distribution Board for Drone,unverified_search_seed,https://www.google.com/maps/search/?api=1&query=Sri+Lakshmi+Electronics+-+A+Robotics+Shop+Power+Distribution+Board+for+Drone+Bengaluru,Suggested local store to ask/search first based on store type; this does not claim current stock.,200,200,200,Low,Category-based India market estimate,2026-08-30,200,School-project baseline: minimum practical/entry-level price used; premium/industrial variants excluded.
BLR-003,Bengaluru,Karnataka,Sri Lakshmi Electronics - A Robotics Shop,Electronics store,"Ground floor, Sabari Complex, 66, Sadar Patrappa Rd, Kumbarpet, Nagarathpete, Bengaluru, Karnataka 560002",,4.7,26,https://www.google.com/maps/search/?api=1&query=Sri+Lakshmi+Electronics+A+Robotics+Shop+Bengaluru,2026-08-30,part_search_seed,UAV-010,Propeller Set,Propeller Set,unverified_search_seed,https://www.google.com/maps/search/?api=1&query=Sri+Lakshmi+Electronics+-+A+Robotics+Shop+Propeller+Set+Bengaluru,Suggested local store to ask/search first based on store type; this does not claim current stock.,200,200,200,Low,Category-based India market estimate,2026-08-30,200,School-project baseline: minimum practical/entry-level price used; premium/industrial variants excluded.
BLR-003,Bengaluru,Karnataka,Sri Lakshmi Electronics - A Robotics Shop,Electronics store,"Ground floor, Sabari Complex, 66, Sadar Patrappa Rd, Kumbarpet, Nagarathpete, Bengaluru, Karnataka 560002",,4.7,26,https://www.google.com/maps/search/?api=1&query=Sri+Lakshmi+Electronics+A+Robotics+Shop+Bengaluru,2026-08-30,part_search_seed,UAV-011,Telemetry Radio,Telemetry Radio,unverified_search_seed,https://www.google.com/maps/search/?api=1&query=Sri+Lakshmi+Electronics+-+A+Robotics+Shop+Telemetry+Radio+Bengaluru,Suggested local store to ask/search first based on store type; this does not claim current stock.,200,200,200,Low,Category-based India market estimate,2026-08-30,200,School-project baseline: minimum practical/entry-level price used; premium/industrial variants excluded.
BLR-003,Bengaluru,Karnataka,Sri Lakshmi Electronics - A Robotics Shop,Electronics store,"Ground floor, Sabari Complex, 66, Sadar Patrappa Rd, Kumbarpet, Nagarathpete, Bengaluru, Karnataka 560002",,4.7,26,https://www.google.com/maps/search/?api=1&query=Sri+Lakshmi+Electronics+A+Robotics+Shop+Bengaluru,2026-08-30,part_search_seed,PNE-001,Air Reservoir,Air Reservoir,unverified_search_seed,https://www.google.com/maps/search/?api=1&query=Sri+Lakshmi+Electronics+-+A+Robotics+Shop+Air+Reservoir+Bengaluru,Suggested local store to ask/search first based on store type; this does not claim current stock.,100,100,100,Low,Category-based India market estimate,2026-08-30,100,School-project baseline: minimum practical/entry-level price used; premium/industrial variants excluded.
BLR-003,Bengaluru,Karnataka,Sri Lakshmi Electronics - A Robotics Shop,Electronics store,"Ground floor, Sabari Complex, 66, Sadar Patrappa Rd, Kumbarpet, Nagarathpete, Bengaluru, Karnataka 560002",,4.7,26,https://www.google.com/maps/search/?api=1&query=Sri+Lakshmi+Electronics+A+Robotics+Shop+Bengaluru,2026-08-30,part_search_seed,PNE-002,Hydraulic Mini Cylinder,Hydraulic Mini Cylinder,unverified_search_seed,https://www.google.com/maps/search/?api=1&query=Sri+Lakshmi+Electronics+-+A+Robotics+Shop+Hydraulic+Mini+Cylinder+Bengaluru,Suggested local store to ask/search first based on store type; this does not claim current stock.,100,100,100,Low,Category-based India market estimate,2026-08-30,100,School-project baseline: minimum practical/entry-level price used; premium/industrial variants excluded.
BLR-003,Bengaluru,Karnataka,Sri Lakshmi Electronics - A Robotics Shop,Electronics store,"Ground floor, Sabari Complex, 66, Sadar Patrappa Rd, Kumbarpet, Nagarathpete, Bengaluru, Karnataka 560002",,4.7,26,https://www.google.com/maps/search/?api=1&query=Sri+Lakshmi+Electronics+A+Robotics+Shop+Bengaluru,2026-08-30,part_search_seed,PNE-003,Mini Pneumatic Cylinder,Mini Pneumatic Cylinder,unverified_search_seed,https://www.google.com/maps/search/?api=1&query=Sri+Lakshmi+Electronics+-+A+Robotics+Shop+Mini+Pneumatic+Cylinder+Bengaluru,Suggested local store to ask/search first based on store type; this does not claim current stock.,100,100,100,Low,Category-based India market estimate,2026-08-30,100,School-project baseline: minimum practical/entry-level price used; premium/industrial variants excluded.
BLR-003,Bengaluru,Karnataka,Sri Lakshmi Electronics - A Robotics Shop,Electronics store,"Ground floor, Sabari Complex, 66, Sadar Patrappa Rd, Kumbarpet, Nagarathpete, Bengaluru, Karnataka 560002",,4.7,26,https://www.google.com/maps/search/?api=1&query=Sri+Lakshmi+Electronics+A+Robotics+Shop+Bengaluru,2026-08-30,part_search_seed,PNE-004,Pneumatic Regulator,Pneumatic Regulator,unverified_search_seed,https://www.google.com/maps/search/?api=1&query=Sri+Lakshmi+Electronics+-+A+Robotics+Shop+Pneumatic+Regulator+Bengaluru,Suggested local store to ask/search first based on store type; this does not claim current stock.,100,100,100,Low,Category-based India market estimate,2026-08-30,100,School-project baseline: minimum practical/entry-level price used; premium/industrial variants excluded.
BLR-003,Bengaluru,Karnataka,Sri Lakshmi Electronics - A Robotics Shop,Electronics store,"Ground floor, Sabari Complex, 66, Sadar Patrappa Rd, Kumbarpet, Nagarathpete, Bengaluru, Karnataka 560002",,4.7,26,https://www.google.com/maps/search/?api=1&query=Sri+Lakshmi+Electronics+A+Robotics+Shop+Bengaluru,2026-08-30,part_search_seed,PNE-005,Pneumatic Tubing,Pneumatic Tubing,unverified_search_seed,https://www.google.com/maps/search/?api=1&query=Sri+Lakshmi+Electronics+-+A+Robotics+Shop+Pneumatic+Tubing+Bengaluru,Suggested local store to ask/search first based on store type; this does not claim current stock.,100,100,100,Low,Category-based India market estimate,2026-08-30,100,School-project baseline: minimum practical/entry-level price used; premium/industrial variants excluded.
BLR-003,Bengaluru,Karnataka,Sri Lakshmi Electronics - A Robotics Shop,Electronics store,"Ground floor, Sabari Complex, 66, Sadar Patrappa Rd, Kumbarpet, Nagarathpete, Bengaluru, Karnataka 560002",,4.7,26,https://www.google.com/maps/search/?api=1&query=Sri+Lakshmi+Electronics+A+Robotics+Shop+Bengaluru,2026-08-30,part_search_seed,PNE-006,Pressure Relief Valve,Pressure Relief Valve,unverified_search_seed,https://www.google.com/maps/search/?api=1&query=Sri+Lakshmi+Electronics+-+A+Robotics+Shop+Pressure+Relief+Valve+Bengaluru,Suggested local store to ask/search first based on store type; this does not claim current stock.,100,100,100,Low,Category-based India market estimate,2026-08-30,100,School-project baseline: minimum practical/entry-level price used; premium/industrial variants excluded.
BLR-003,Bengaluru,Karnataka,Sri Lakshmi Electronics - A Robotics Shop,Electronics store,"Ground floor, Sabari Complex, 66, Sadar Patrappa Rd, Kumbarpet, Nagarathpete, Bengaluru, Karnataka 560002",,4.7,26,https://www.google.com/maps/search/?api=1&query=Sri+Lakshmi+Electronics+A+Robotics+Shop+Bengaluru,2026-08-30,part_search_seed,PNE-007,Push-Fit Pneumatic Fittings,Push-Fit Pneumatic Fittings,unverified_search_seed,https://www.google.com/maps/search/?api=1&query=Sri+Lakshmi+Electronics+-+A+Robotics+Shop+Push-Fit+Pneumatic+Fittings+Bengaluru,Suggested local store to ask/search first based on store type; this does not claim current stock.,100,100,100,Low,Category-based India market estimate,2026-08-30,100,School-project baseline: minimum practical/entry-level price used; premium/industrial variants excluded.
BLR-003,Bengaluru,Karnataka,Sri Lakshmi Electronics - A Robotics Shop,Electronics store,"Ground floor, Sabari Complex, 66, Sadar Patrappa Rd, Kumbarpet, Nagarathpete, Bengaluru, Karnataka 560002",,4.7,26,https://www.google.com/maps/search/?api=1&query=Sri+Lakshmi+Electronics+A+Robotics+Shop+Bengaluru,2026-08-30,part_search_seed,SFT-001,Artificial Muscle / SMA Actuator,Artificial Muscle / SMA Actuator,unverified_search_seed,https://www.google.com/maps/search/?api=1&query=Sri+Lakshmi+Electronics+-+A+Robotics+Shop+Artificial+Muscle+%2F+SMA+Actuator+Bengaluru,Suggested local store to ask/search first based on store type; this does not claim current stock.,300,1200,5000,Low,Specialty material estimate,2026-08-30,1200,School-project baseline: typical low-cost hobby/education price.
BLR-003,Bengaluru,Karnataka,Sri Lakshmi Electronics - A Robotics Shop,Electronics store,"Ground floor, Sabari Complex, 66, Sadar Patrappa Rd, Kumbarpet, Nagarathpete, Bengaluru, Karnataka 560002",,4.7,26,https://www.google.com/maps/search/?api=1&query=Sri+Lakshmi+Electronics+A+Robotics+Shop+Bengaluru,2026-08-30,part_search_seed,SFT-002,Compliant Silicone Foot,Compliant Silicone Foot,unverified_search_seed,https://www.google.com/maps/search/?api=1&query=Sri+Lakshmi+Electronics+-+A+Robotics+Shop+Compliant+Silicone+Foot+Bengaluru,Suggested local store to ask/search first based on store type; this does not claim current stock.,100,100,100,Low,Category-based India market estimate,2026-08-30,100,School-project baseline: minimum practical/entry-level price used; premium/industrial variants excluded.
BLR-003,Bengaluru,Karnataka,Sri Lakshmi Electronics - A Robotics Shop,Electronics store,"Ground floor, Sabari Complex, 66, Sadar Patrappa Rd, Kumbarpet, Nagarathpete, Bengaluru, Karnataka 560002",,4.7,26,https://www.google.com/maps/search/?api=1&query=Sri+Lakshmi+Electronics+A+Robotics+Shop+Bengaluru,2026-08-30,part_search_seed,SFT-003,Elastic Tendon Cord,Elastic Tendon Cord,unverified_search_seed,https://www.google.com/maps/search/?api=1&query=Sri+Lakshmi+Electronics+-+A+Robotics+Shop+Elastic+Tendon+Cord+Bengaluru,Suggested local store to ask/search first based on store type; this does not claim current stock.,100,100,100,Low,Category-based India market estimate,2026-08-30,100,School-project baseline: minimum practical/entry-level price used; premium/industrial variants excluded.
BLR-003,Bengaluru,Karnataka,Sri Lakshmi Electronics - A Robotics Shop,Electronics store,"Ground floor, Sabari Complex, 66, Sadar Patrappa Rd, Kumbarpet, Nagarathpete, Bengaluru, Karnataka 560002",,4.7,26,https://www.google.com/maps/search/?api=1&query=Sri+Lakshmi+Electronics+A+Robotics+Shop+Bengaluru,2026-08-30,part_search_seed,SFT-004,Flexible Bend Sensor,Flexible Bend Sensor,unverified_search_seed,https://www.google.com/maps/search/?api=1&query=Sri+Lakshmi+Electronics+-+A+Robotics+Shop+Flexible+Bend+Sensor+Bengaluru,Suggested local store to ask/search first based on store type; this does not claim current stock.,100,100,100,Low,Category-based India market estimate,2026-08-30,100,School-project baseline: minimum practical/entry-level price used; premium/industrial variants excluded.
BLR-003,Bengaluru,Karnataka,Sri Lakshmi Electronics - A Robotics Shop,Electronics store,"Ground floor, Sabari Complex, 66, Sadar Patrappa Rd, Kumbarpet, Nagarathpete, Bengaluru, Karnataka 560002",,4.7,26,https://www.google.com/maps/search/?api=1&query=Sri+Lakshmi+Electronics+A+Robotics+Shop+Bengaluru,2026-08-30,part_search_seed,SFT-005,Flexible PCB Sensor,Flexible PCB Sensor,unverified_search_seed,https://www.google.com/maps/search/?api=1&query=Sri+Lakshmi+Electronics+-+A+Robotics+Shop+Flexible+PCB+Sensor+Bengaluru,Suggested local store to ask/search first based on store type; this does not claim current stock.,100,100,100,Low,Category-based India market estimate,2026-08-30,100,School-project baseline: minimum practical/entry-level price used; premium/industrial variants excluded.
BLR-003,Bengaluru,Karnataka,Sri Lakshmi Electronics - A Robotics Shop,Electronics store,"Ground floor, Sabari Complex, 66, Sadar Patrappa Rd, Kumbarpet, Nagarathpete, Bengaluru, Karnataka 560002",,4.7,26,https://www.google.com/maps/search/?api=1&query=Sri+Lakshmi+Electronics+A+Robotics+Shop+Bengaluru,2026-08-30,part_search_seed,SFT-006,Mini Air Pump,Mini Air Pump,unverified_search_seed,https://www.google.com/maps/search/?api=1&query=Sri+Lakshmi+Electronics+-+A+Robotics+Shop+Mini+Air+Pump+Bengaluru,Suggested local store to ask/search first based on store type; this does not claim current stock.,100,100,100,Low,Category-based India market estimate,2026-08-30,100,School-project baseline: minimum practical/entry-level price used; premium/industrial variants excluded.
BLR-003,Bengaluru,Karnataka,Sri Lakshmi Electronics - A Robotics Shop,Electronics store,"Ground floor, Sabari Complex, 66, Sadar Patrappa Rd, Kumbarpet, Nagarathpete, Bengaluru, Karnataka 560002",,4.7,26,https://www.google.com/maps/search/?api=1&query=Sri+Lakshmi+Electronics+A+Robotics+Shop+Bengaluru,2026-08-30,part_search_seed,SFT-007,Mini Vacuum Pump,Mini Vacuum Pump,unverified_search_seed,https://www.google.com/maps/search/?api=1&query=Sri+Lakshmi+Electronics+-+A+Robotics+Shop+Mini+Vacuum+Pump+Bengaluru,Suggested local store to ask/search first based on store type; this does not claim current stock.,100,100,100,Low,Category-based India market estimate,2026-08-30,100,School-project baseline: minimum practical/entry-level price used; premium/industrial variants excluded.
BLR-003,Bengaluru,Karnataka,Sri Lakshmi Electronics - A Robotics Shop,Electronics store,"Ground floor, Sabari Complex, 66, Sadar Patrappa Rd, Kumbarpet, Nagarathpete, Bengaluru, Karnataka 560002",,4.7,26,https://www.google.com/maps/search/?api=1&query=Sri+Lakshmi+Electronics+A+Robotics+Shop+Bengaluru,2026-08-30,part_search_seed,SFT-008,Pneumatic Soft Actuator,Pneumatic Soft Actuator,unverified_search_seed,https://www.google.com/maps/search/?api=1&query=Sri+Lakshmi+Electronics+-+A+Robotics+Shop+Pneumatic+Soft+Actuator+Bengaluru,Suggested local store to ask/search first based on store type; this does not claim current stock.,800,800,800,Low,Specialty/import estimate,2026-08-30,800,School-project baseline: minimum practical/entry-level price used; premium/industrial variants excluded.
BLR-003,Bengaluru,Karnataka,Sri Lakshmi Electronics - A Robotics Shop,Electronics store,"Ground floor, Sabari Complex, 66, Sadar Patrappa Rd, Kumbarpet, Nagarathpete, Bengaluru, Karnataka 560002",,4.7,26,https://www.google.com/maps/search/?api=1&query=Sri+Lakshmi+Electronics+A+Robotics+Shop+Bengaluru,2026-08-30,part_search_seed,SFT-009,Pressure Sensor,Pressure Sensor,unverified_search_seed,https://www.google.com/maps/search/?api=1&query=Sri+Lakshmi+Electronics+-+A+Robotics+Shop+Pressure+Sensor+Bengaluru,Suggested local store to ask/search first based on store type; this does not claim current stock.,100,100,100,Low,Category-based India market estimate,2026-08-30,100,School-project baseline: minimum practical/entry-level price used; premium/industrial variants excluded.
BLR-003,Bengaluru,Karnataka,Sri Lakshmi Electronics - A Robotics Shop,Electronics store,"Ground floor, Sabari Complex, 66, Sadar Patrappa Rd, Kumbarpet, Nagarathpete, Bengaluru, Karnataka 560002",,4.7,26,https://www.google.com/maps/search/?api=1&query=Sri+Lakshmi+Electronics+A+Robotics+Shop+Bengaluru,2026-08-30,part_search_seed,SFT-010,Shape-Memory Alloy Wire,Shape-Memory Alloy Wire,unverified_search_seed,https://www.google.com/maps/search/?api=1&query=Sri+Lakshmi+Electronics+-+A+Robotics+Shop+Shape-Memory+Alloy+Wire+Bengaluru,Suggested local store to ask/search first based on store type; this does not claim current stock.,300,1200,5000,Low,Specialty material estimate,2026-08-30,1200,School-project baseline: typical low-cost hobby/education price.
BLR-003,Bengaluru,Karnataka,Sri Lakshmi Electronics - A Robotics Shop,Electronics store,"Ground floor, Sabari Complex, 66, Sadar Patrappa Rd, Kumbarpet, Nagarathpete, Bengaluru, Karnataka 560002",,4.7,26,https://www.google.com/maps/search/?api=1&query=Sri+Lakshmi+Electronics+A+Robotics+Shop+Bengaluru,2026-08-30,part_search_seed,SFT-011,Silicone Soft Gripper,Silicone Soft Gripper,unverified_search_seed,https://www.google.com/maps/search/?api=1&query=Sri+Lakshmi+Electronics+-+A+Robotics+Shop+Silicone+Soft+Gripper+Bengaluru,Suggested local store to ask/search first based on store type; this does not claim current stock.,800,800,800,Low,Specialty/import estimate,2026-08-30,800,School-project baseline: minimum practical/entry-level price used; premium/industrial variants excluded.
BLR-003,Bengaluru,Karnataka,Sri Lakshmi Electronics - A Robotics Shop,Electronics store,"Ground floor, Sabari Complex, 66, Sadar Patrappa Rd, Kumbarpet, Nagarathpete, Bengaluru, Karnataka 560002",,4.7,26,https://www.google.com/maps/search/?api=1&query=Sri+Lakshmi+Electronics+A+Robotics+Shop+Bengaluru,2026-08-30,part_search_seed,SFT-012,Solenoid Pneumatic Valve,Solenoid Pneumatic Valve,unverified_search_seed,https://www.google.com/maps/search/?api=1&query=Sri+Lakshmi+Electronics+-+A+Robotics+Shop+Solenoid+Pneumatic+Valve+Bengaluru,Suggested local store to ask/search first based on store type; this does not claim current stock.,100,100,100,Low,Category-based India market estimate,2026-08-30,100,School-project baseline: minimum practical/entry-level price used; premium/industrial variants excluded.
BLR-003,Bengaluru,Karnataka,Sri Lakshmi Electronics - A Robotics Shop,Electronics store,"Ground floor, Sabari Complex, 66, Sadar Patrappa Rd, Kumbarpet, Nagarathpete, Bengaluru, Karnataka 560002",,4.7,26,https://www.google.com/maps/search/?api=1&query=Sri+Lakshmi+Electronics+A+Robotics+Shop+Bengaluru,2026-08-30,part_search_seed,MAR-001,Bidirectional Marine ESC,Bidirectional Marine ESC,unverified_search_seed,https://www.google.com/maps/search/?api=1&query=Sri+Lakshmi+Electronics+-+A+Robotics+Shop+Bidirectional+Marine+ESC+Bengaluru,Suggested local store to ask/search first based on store type; this does not claim current stock.,500,500,500,Medium,India UAV/RC market,2026-08-30,500,School-project baseline: minimum practical/entry-level price used; premium/industrial variants excluded.
BLR-003,Bengaluru,Karnataka,Sri Lakshmi Electronics - A Robotics Shop,Electronics store,"Ground floor, Sabari Complex, 66, Sadar Patrappa Rd, Kumbarpet, Nagarathpete, Bengaluru, Karnataka 560002",,4.7,26,https://www.google.com/maps/search/?api=1&query=Sri+Lakshmi+Electronics+A+Robotics+Shop+Bengaluru,2026-08-30,part_search_seed,MAR-002,Bilge / Mini Pump,Bilge / Mini Pump,unverified_search_seed,https://www.google.com/maps/search/?api=1&query=Sri+Lakshmi+Electronics+-+A+Robotics+Shop+Bilge+%2F+Mini+Pump+Bengaluru,Suggested local store to ask/search first based on store type; this does not claim current stock.,250,250,250,Low,Category-based India market estimate,2026-08-30,250,School-project baseline: minimum practical/entry-level price used; premium/industrial variants excluded.
BLR-003,Bengaluru,Karnataka,Sri Lakshmi Electronics - A Robotics Shop,Electronics store,"Ground floor, Sabari Complex, 66, Sadar Patrappa Rd, Kumbarpet, Nagarathpete, Bengaluru, Karnataka 560002",,4.7,26,https://www.google.com/maps/search/?api=1&query=Sri+Lakshmi+Electronics+A+Robotics+Shop+Bengaluru,2026-08-30,part_search_seed,MAR-003,Buoyancy Foam,Buoyancy Foam,unverified_search_seed,https://www.google.com/maps/search/?api=1&query=Sri+Lakshmi+Electronics+-+A+Robotics+Shop+Buoyancy+Foam+Bengaluru,Suggested local store to ask/search first based on store type; this does not claim current stock.,250,250,250,Low,Category-based India market estimate,2026-08-30,250,School-project baseline: minimum practical/entry-level price used; premium/industrial variants excluded.
BLR-003,Bengaluru,Karnataka,Sri Lakshmi Electronics - A Robotics Shop,Electronics store,"Ground floor, Sabari Complex, 66, Sadar Patrappa Rd, Kumbarpet, Nagarathpete, Bengaluru, Karnataka 560002",,4.7,26,https://www.google.com/maps/search/?api=1&query=Sri+Lakshmi+Electronics+A+Robotics+Shop+Bengaluru,2026-08-30,part_search_seed,MAR-004,Cable Penetrator,Cable Penetrator,unverified_search_seed,https://www.google.com/maps/search/?api=1&query=Sri+Lakshmi+Electronics+-+A+Robotics+Shop+Cable+Penetrator+Bengaluru,Suggested local store to ask/search first based on store type; this does not claim current stock.,250,250,250,Low,Category-based India market estimate,2026-08-30,250,School-project baseline: minimum practical/entry-level price used; premium/industrial variants excluded.
BLR-003,Bengaluru,Karnataka,Sri Lakshmi Electronics - A Robotics Shop,Electronics store,"Ground floor, Sabari Complex, 66, Sadar Patrappa Rd, Kumbarpet, Nagarathpete, Bengaluru, Karnataka 560002",,4.7,26,https://www.google.com/maps/search/?api=1&query=Sri+Lakshmi+Electronics+A+Robotics+Shop+Bengaluru,2026-08-30,part_search_seed,MAR-005,Leak Sensor,Leak Sensor,unverified_search_seed,https://www.google.com/maps/search/?api=1&query=Sri+Lakshmi+Electronics+-+A+Robotics+Shop+Leak+Sensor+Bengaluru,Suggested local store to ask/search first based on store type; this does not claim current stock.,250,250,250,Low,Category-based India market estimate,2026-08-30,250,School-project baseline: minimum practical/entry-level price used; premium/industrial variants excluded.
BLR-003,Bengaluru,Karnataka,Sri Lakshmi Electronics - A Robotics Shop,Electronics store,"Ground floor, Sabari Complex, 66, Sadar Patrappa Rd, Kumbarpet, Nagarathpete, Bengaluru, Karnataka 560002",,4.7,26,https://www.google.com/maps/search/?api=1&query=Sri+Lakshmi+Electronics+A+Robotics+Shop+Bengaluru,2026-08-30,part_search_seed,MAR-006,Pressure/Depth Sensor,Pressure/Depth Sensor,unverified_search_seed,https://www.google.com/maps/search/?api=1&query=Sri+Lakshmi+Electronics+-+A+Robotics+Shop+Pressure%2FDepth+Sensor+Bengaluru,Suggested local store to ask/search first based on store type; this does not claim current stock.,250,250,250,Low,Category-based India market estimate,2026-08-30,250,School-project baseline: minimum practical/entry-level price used; premium/industrial variants excluded.
BLR-003,Bengaluru,Karnataka,Sri Lakshmi Electronics - A Robotics Shop,Electronics store,"Ground floor, Sabari Complex, 66, Sadar Patrappa Rd, Kumbarpet, Nagarathpete, Bengaluru, Karnataka 560002",,4.7,26,https://www.google.com/maps/search/?api=1&query=Sri+Lakshmi+Electronics+A+Robotics+Shop+Bengaluru,2026-08-30,part_search_seed,MAR-007,Underwater Camera,Underwater Camera,unverified_search_seed,https://www.google.com/maps/search/?api=1&query=Sri+Lakshmi+Electronics+-+A+Robotics+Shop+Underwater+Camera+Bengaluru,Suggested local store to ask/search first based on store type; this does not claim current stock.,2000,2000,2000,Low,Waterproof camera market,2026-08-30,2000,School-project baseline: minimum practical/entry-level price used; premium/industrial variants excluded.
BLR-003,Bengaluru,Karnataka,Sri Lakshmi Electronics - A Robotics Shop,Electronics store,"Ground floor, Sabari Complex, 66, Sadar Patrappa Rd, Kumbarpet, Nagarathpete, Bengaluru, Karnataka 560002",,4.7,26,https://www.google.com/maps/search/?api=1&query=Sri+Lakshmi+Electronics+A+Robotics+Shop+Bengaluru,2026-08-30,part_search_seed,MAR-008,Waterproof Connector,Waterproof Connector,unverified_search_seed,https://www.google.com/maps/search/?api=1&query=Sri+Lakshmi+Electronics+-+A+Robotics+Shop+Waterproof+Connector+Bengaluru,Suggested local store to ask/search first based on store type; this does not claim current stock.,250,250,250,Low,Category-based India market estimate,2026-08-30,250,School-project baseline: minimum practical/entry-level price used; premium/industrial variants excluded.
BLR-003,Bengaluru,Karnataka,Sri Lakshmi Electronics - A Robotics Shop,Electronics store,"Ground floor, Sabari Complex, 66, Sadar Patrappa Rd, Kumbarpet, Nagarathpete, Bengaluru, Karnataka 560002",,4.7,26,https://www.google.com/maps/search/?api=1&query=Sri+Lakshmi+Electronics+A+Robotics+Shop+Bengaluru,2026-08-30,part_search_seed,MAR-009,Waterproof Enclosure,Waterproof Enclosure,unverified_search_seed,https://www.google.com/maps/search/?api=1&query=Sri+Lakshmi+Electronics+-+A+Robotics+Shop+Waterproof+Enclosure+Bengaluru,Suggested local store to ask/search first based on store type; this does not claim current stock.,250,250,250,Low,Category-based India market estimate,2026-08-30,250,School-project baseline: minimum practical/entry-level price used; premium/industrial variants excluded.
BLR-003,Bengaluru,Karnataka,Sri Lakshmi Electronics - A Robotics Shop,Electronics store,"Ground floor, Sabari Complex, 66, Sadar Patrappa Rd, Kumbarpet, Nagarathpete, Bengaluru, Karnataka 560002",,4.7,26,https://www.google.com/maps/search/?api=1&query=Sri+Lakshmi+Electronics+A+Robotics+Shop+Bengaluru,2026-08-30,part_search_seed,MAR-010,Waterproof Thruster,Waterproof Thruster,unverified_search_seed,https://www.google.com/maps/search/?api=1&query=Sri+Lakshmi+Electronics+-+A+Robotics+Shop+Waterproof+Thruster+Bengaluru,Suggested local store to ask/search first based on store type; this does not claim current stock.,3000,3000,3000,Medium,ROV/import estimate,2026-08-30,3000,School-project baseline: minimum practical/entry-level price used; premium/industrial variants excluded.
